provider,acronym,name,web_status,describe_score,define_score,define_bp_score,connection_score,flat_score,core_average,core_average_2dp,core_average_bp,core_average_bp_2dp,define_bp_source,weakest_metric,bp_categories,bp_language,submission_id,bp_version,bp_released,bp_url
bioportal,ABA-AMB,Allen Brain Atlas (ABA) Adult Mouse Brain Ontology,scored,9.99,0.01,0.01,0.0,10.0,5.0,5.0,5.0,5.0,"same_as_strict (1.0 result, not re-checked)",Connection,Mouse_Anatomy,OWL,1,1,2009-06-12T00:00:00.000-07:00,https://bioportal.bioontology.org/ontologies/ABA-AMB
bioportal,ABD,Anthology of Biosurveillance Diseases,scored,9.99,0.01,0.01,1.62,9.0,5.155,5.16,5.155,5.16,"same_as_strict (1.0 result, not re-checked)",Define,All_Organisms;Health;Human;Plant,OWL,4,,2016-09-13T00:00:00.000+00:00,https://bioportal.bioontology.org/ontologies/ABD
bioportal,ACESO,Adverse Childhood Experiences Ontology,scored,9.83,0.0,0.0,0.66,9.0,4.8725000000000005,4.87,4.8725000000000005,4.87,"same_as_strict (1.0 result, not re-checked)",Define,,OWL,2,Light,2018-12-21T00:00:00.000+00:00,https://bioportal.bioontology.org/ontologies/ACESO
bioportal,ACGT-MO,Cancer Research and Management ACGT Master Ontology,scored,9.79,1.24,1.24,2.73,10.0,5.9399999999999995,5.94,5.9399999999999995,5.94,"same_as_strict (1.0 result, not re-checked)",Define,Health,OWL,2,1.1,2010-01-03T00:00:00.000-08:00,https://bioportal.bioontology.org/ontologies/ACGT-MO
bioportal,ACVD_ONTOLOGY,Atherosclerotic Cerebrovascular Disease Ontology,scored,9.99,0.0,0.0,0.0,10.0,4.9975000000000005,5.0,4.9975000000000005,5.0,"same_as_strict (1.0 result, not re-checked)",Define,Neurological_Disorder,OWL,4,2.0,2023-06-08T00:00:00.000+00:00,https://bioportal.bioontology.org/ontologies/ACVD_ONTOLOGY
bioportal,AD-CDO,Alzheimer's Disease Common Data Element Ontology for Clinical Trials,scored,9.97,0.0,0.0,0.19,10.0,5.04,5.04,5.04,5.04,"same_as_strict (1.0 result, not re-checked)",Define,Biomedical_Resources;Neurologic_Disease;Vocabularies,OWL,2,,2026-05-21T00:00:00.000+00:00,https://bioportal.bioontology.org/ontologies/AD-CDO
bioportal,AD-DROP,Alzheimer Disease Relevance Ontology by Process,scored,9.89,0.4,0.4,2.64,8.0,5.2325,5.23,5.2325,5.23,"same_as_strict (1.0 result, not re-checked)",Define,Biomedical_Resources,OWL,1,alpha,2020-11-18T00:00:00.000+00:00,https://bioportal.bioontology.org/ontologies/AD-DROP
bioportal,ADALAB,AdaLab ontology,scored,9.98,5.68,5.68,0.26,10.0,6.48,6.48,6.48,6.48,"same_as_strict (1.0 result, not re-checked)",Connection,Biological_Process,OWL,10,0.9.2,2017-06-28T18:00:05.000-07:00,https://bioportal.bioontology.org/ontologies/ADALAB
bioportal,ADALAB-META,AdaLab-meta ontology,scored,6.36,2.29,2.29,1.8,10.0,5.112500000000001,5.11,5.112500000000001,5.11,"same_as_strict (1.0 result, not re-checked)",Connection,Biomedical_Resources;Other;Vocabularies,OWL,12,0.9.2,2017-09-14T18:00:07.000-07:00,https://bioportal.bioontology.org/ontologies/ADALAB-META
bioportal,ADAR,Autism DSM-ADI-R ontology,scored,5.64,1.0,1.0,4.0,10.0,5.16,5.16,5.16,5.16,"same_as_strict (1.0 result, not re-checked)",Define,Health,OWL,1,1.1,2015-03-27T00:00:00.000+00:00,https://bioportal.bioontology.org/ontologies/ADAR
bioportal,ADCAD,Arctic Data Center Academic Disciplines Ontology,scored,9.85,0.0,0.0,0.0,10.0,4.9625,4.96,4.9625,4.96,"same_as_strict (1.0 result, not re-checked)",Define,,OWL,1,Version 1.0.0,2021-12-16T00:00:00.000+00:00,https://bioportal.bioontology.org/ontologies/ADCAD
bioportal,ADHER_INTCARE_EN,Adherence and Integrated Care,scored,9.92,4.1,4.1,2.28,10.0,6.575,6.58,6.575,6.58,"same_as_strict (1.0 result, not re-checked)",Connection,Biomedical_Resources;Health;Other;Taxonomic_Classification;Vocabularies,OWL,1,English 051319,2019-05-13T00:00:00.000+00:00,https://bioportal.bioontology.org/ontologies/ADHER_INTCARE_EN
bioportal,ADHER_INTCARE_SP,Adherence and Integrated Care in Spanish,scored,9.92,6.87,6.87,2.35,10.0,7.285,7.28,7.285,7.28,"same_as_strict (1.0 result, not re-checked)",Connection,Biomedical_Resources;Health;Other;Taxonomic_Classification;Vocabularies,OWL,6,Spanish 052319,2019-04-26T00:00:00.000+00:00,https://bioportal.bioontology.org/ontologies/ADHER_INTCARE_SP
bioportal,ADICAP,Association pour le Développement de l'Informatique en Cytologie et Anatomie Pathologique,scored,9.94,0.15,0.15,0.21,10.0,5.075,5.08,5.075,5.08,"same_as_strict (1.0 result, not re-checked)",Define,Biomedical_Resources;Cellular_anatomy_;Health;Human;Human_Developmental_Anatomy,OWL,1,10-2024,2024-10-01T00:00:00.000+00:00,https://bioportal.bioontology.org/ontologies/ADICAP
bioportal,ADMF,alzhaimer dessiese main factors,not_downloadable,,,,,,,,,,,,,OWL,1,,2020-05-07T00:00:00.000+00:00,https://bioportal.bioontology.org/ontologies/ADMF
bioportal,ADMIN,Nurse Administrator,scored,9.81,6.33,6.33,0.31,10.0,6.6125,6.61,6.6125,6.61,"same_as_strict (1.0 result, not re-checked)",Connection,Health,OWL,1,,2015-09-24T00:00:00.000+00:00,https://bioportal.bioontology.org/ontologies/ADMIN
bioportal,ADMO,Alzheimer Disease Map Ontology,scored,10.0,0.02,0.02,7.92,10.0,6.984999999999999,6.98,6.984999999999999,6.98,"same_as_strict (1.0 result, not re-checked)",Define,Biological_Process;Human,OWL,4,beta,2018-10-17T00:00:00.000+00:00,https://bioportal.bioontology.org/ontologies/ADMO
bioportal,ADO,Alzheimer's Disease Ontology,scored,9.99,3.98,3.98,0.64,10.0,6.1525,6.15,6.1525,6.15,"same_as_strict (1.0 result, not re-checked)",Connection,Health;Human;Neurologic_Disease;Neurological_Disorder,OWL,4,2.0.1,2023-09-09T00:00:00.000+00:00,https://bioportal.bioontology.org/ontologies/ADO
bioportal,ADW,Animal Natural History and Life History Ontology,scored,9.86,3.28,3.28,1.65,10.0,6.1975,6.2,6.1975,6.2,"same_as_strict (1.0 result, not re-checked)",Connection,Anatomy,OWL,2,10/11/04,2010-08-31T00:00:00.000-07:00,https://bioportal.bioontology.org/ontologies/ADW
bioportal,AEO,Anatomical Entity Ontology,scored,9.98,3.51,3.51,4.52,10.0,7.0024999999999995,7.0,7.0024999999999995,7.0,"same_as_strict (1.0 result, not re-checked)",Define,Anatomy,OWL,8,,2026-01-14T18:00:05.000-08:00,https://bioportal.bioontology.org/ontologies/AEO
bioportal,AERO,Adverse Event Reporting Ontology,scored,10.0,3.83,3.83,4.94,10.0,7.1925,7.19,7.1925,7.19,"same_as_strict (1.0 result, not re-checked)",Define,Biomedical_Resources;Health,OWL,45,unknown,2013-09-12T00:00:00.000+00:00,https://bioportal.bioontology.org/ontologies/AERO
bioportal,AFO,Allotrope Merged Ontology Suite,scored,10.0,6.56,6.56,3.36,10.0,7.4799999999999995,7.48,7.4799999999999995,7.48,"same_as_strict (1.0 result, not re-checked)",Connection,Chemical,OWL,45,REC/2026/06,2026-07-07T12:58:41.000+00:00,https://bioportal.bioontology.org/ontologies/AFO
bioportal,AFPO,African Population Ontology,scored,9.98,4.47,4.47,8.04,10.0,8.122499999999999,8.12,8.122499999999999,8.12,"same_as_strict (1.0 result, not re-checked)",Define,All_Organisms,OWL,1,2024-03-21,2024-03-21T00:00:00.000+00:00,https://bioportal.bioontology.org/ontologies/AFPO
bioportal,AGRO,AGRonomy Ontology,scored,9.42,4.24,4.24,5.51,10.0,7.2925,7.29,7.2925,7.29,"same_as_strict (1.0 result, not re-checked)",Define,,OWL,6,,2022-11-02T18:00:07.000-07:00,https://bioportal.bioontology.org/ontologies/AGRO
bioportal,AGROCYMAC,Control y Monitoreo de afecciones en los cultivos,scored,0.0,0.0,0.0,8.27,6.0,3.5675,3.57,3.5675,3.57,"same_as_strict (1.0 result, not re-checked)",Describe,Other;Plant;Plant_Development;Vocabularies,OWL,2,,2019-02-17T00:00:00.000+00:00,https://bioportal.bioontology.org/ontologies/AGROCYMAC
bioportal,AGROMOP,Control de Cacao,scored,0.0,0.0,0.0,6.7,4.0,2.675,2.68,2.675,2.68,"same_as_strict (1.0 result, not re-checked)",Describe,Plant;Plant_Development,OWL,1,1.1,2020-02-28T00:00:00.000+00:00,https://bioportal.bioontology.org/ontologies/AGROMOP
bioportal,AHOL,Animal Health Ontology for Livestock,scored,9.97,0.02,0.02,3.29,10.0,5.82,5.82,5.82,5.82,"same_as_strict (1.0 result, not re-checked)",Define,,OWL,1,1.0,2018-10-23T00:00:00.000+00:00,https://bioportal.bioontology.org/ontologies/AHOL
bioportal,AHSO,Animal Health Surveillance Ontology,scored,9.74,0.0,0.0,0.0,8.0,4.4350000000000005,4.44,4.4350000000000005,4.44,"same_as_strict (1.0 result, not re-checked)",Define,Biomedical_Resources;Health,OWL,1,0.1.0,2018-07-30T00:00:00.000+00:00,https://bioportal.bioontology.org/ontologies/AHSO
bioportal,AI,Artificial Intelligence,scored,10.0,6.94,6.94,6.58,10.0,8.38,8.38,8.38,8.38,"same_as_strict (1.0 result, not re-checked)",Connection,Other,OWL,1,2024-08-14,2024-10-24T00:00:00.000+00:00,https://bioportal.bioontology.org/ontologies/AI
bioportal,AI-RHEUM,Artificial Intelligence Rheumatology Consultant System Ontology,scored,9.99,1.39,1.39,6.71,10.0,7.0225,7.02,7.0225,7.02,"same_as_strict (1.0 result, not re-checked)",Define,Health,UMLS,1,AIR93,2013-05-08T00:00:00.000+00:00,https://bioportal.bioontology.org/ontologies/AI-RHEUM
bioportal,AIDENTIFYAGE,AIdentifyAGE,scored,9.79,0.78,0.78,4.88,9.0,6.1125,6.11,6.1125,6.11,"same_as_strict (1.0 result, not re-checked)",Define,Health;Human;Taxonomic_Classification;Vocabularies,OWL,11,v1.0.9-beta,2026-05-20T18:00:08.000-07:00,https://bioportal.bioontology.org/ontologies/AIDENTIFYAGE
bioportal,AIO,Artificial Intelligence Ontology,scored,10.0,6.93,6.93,6.58,10.0,8.3775,8.38,8.3775,8.38,"same_as_strict (1.0 result, not re-checked)",Connection,Other,OWL,25,2026-07-22,2024-03-31T00:00:00.000+00:00,https://bioportal.bioontology.org/ontologies/AIO
bioportal,AIRCHSITETEST,AI RCH Archaeological Site Classification,scored,9.87,0.08,0.08,0.0,0.0,2.4875,2.49,2.4875,2.49,"same_as_strict (1.0 result, not re-checked)",Connection,Other;Vocabularies,SKOS,3,,2026-08-28T00:00:00.000+00:00,https://bioportal.bioontology.org/ontologies/AIRCHSITETEST
bioportal,AISM,Ontology for the Anatomy of the Insect SkeletoMuscular system,scored,10.0,6.02,6.02,8.65,10.0,8.6675,8.67,8.6675,8.67,"same_as_strict (1.0 result, not re-checked)",Define,Anatomy,OWL,6,2023-04-14,2023-04-14T00:00:00.000+00:00,https://bioportal.bioontology.org/ontologies/AISM
bioportal,ALLERGIDOC,Allergy Ontology,scored,9.79,0.0,0.0,0.0,10.0,4.9475,4.95,4.9475,4.95,"same_as_strict (1.0 result, not re-checked)",Define,Health;Immunology,OWL,9,3.0,2025-03-12T00:00:00.000+00:00,https://bioportal.bioontology.org/ontologies/ALLERGIDOC
bioportal,ALLERGYDETECTOR,Allergy Detector II,scored,4.05,2.57,2.57,6.18,6.0,4.699999999999999,4.7,4.699999999999999,4.7,"same_as_strict (1.0 result, not re-checked)",Define,Dysfunction,OWL,1,0.0.1,2015-05-01T00:00:00.000+00:00,https://bioportal.bioontology.org/ontologies/ALLERGYDETECTOR
bioportal,ALTPROTON,An Ontology for integration and interoperability of multi-aspect data of Protein food production chains,scored,9.97,2.02,2.02,3.72,10.0,6.4275,6.43,6.4275,6.43,"same_as_strict (1.0 result, not re-checked)",Define,Protein;Taxonomic_Classification,OWL,4,The Ontology was revised after the reviews from the reviewers of Journal of Scientific Data.,2025-11-18T00:00:00.000+00:00,https://bioportal.bioontology.org/ontologies/ALTPROTON
bioportal,AMINO-ACID,Amino Acid Ontology,scored,9.79,0.0,0.0,6.39,10.0,6.545,6.54,6.545,6.54,"same_as_strict (1.0 result, not re-checked)",Define,Other,OWL,2,"version 1.2, copyright The University of
			Manchester, Nick Drummond, Georgina Moulton, Robert Stevens, Phil Lord",2007-01-10T00:00:00.000-08:00,https://bioportal.bioontology.org/ontologies/AMINO-ACID
bioportal,AMPHX,The Amphioxus Development and Anatomy Ontology,scored,9.98,0.58,0.58,9.11,10.0,7.4175,7.42,7.4175,7.42,"same_as_strict (1.0 result, not re-checked)",Define,Anatomy,OWL,5,,2020-12-18T18:00:14.000-08:00,https://bioportal.bioontology.org/ontologies/AMPHX
bioportal,ANCO,ANC Ontology,scored,9.0,0.62,0.62,0.0,0.0,2.405,2.4,2.405,2.4,"same_as_strict (1.0 result, not re-checked)",Connection,,OWL,1,1.0.0,2025-11-27T00:00:00.000+00:00,https://bioportal.bioontology.org/ontologies/ANCO
bioportal,AO,Asthma Ontology,scored,9.97,0.07,0.07,0.0,8.0,4.51,4.51,4.51,4.51,"same_as_strict (1.0 result, not re-checked)",Connection,Health,OWL,2,1.3,2016-03-02T00:00:00.000+00:00,https://bioportal.bioontology.org/ontologies/AO
bioportal,APACOMPUTER,Computer Cluster,scored,0.0,0.0,0.0,0.0,7.0,1.75,1.75,1.75,1.75,"same_as_strict (1.0 result, not re-checked)",Describe,Vocabularies,OWL,1,,2015-09-01T00:00:00.000+00:00,https://bioportal.bioontology.org/ontologies/APACOMPUTER
bioportal,APADISORDERS,Disorders cluster,scored,0.0,0.0,0.0,0.0,7.0,1.75,1.75,1.75,1.75,"same_as_strict (1.0 result, not re-checked)",Describe,Vocabularies,OWL,1,,2015-01-07T00:00:00.000+00:00,https://bioportal.bioontology.org/ontologies/APADISORDERS
bioportal,APAEDUCLUSTER,Educational Cluster,scored,0.0,0.0,0.0,0.0,7.0,1.75,1.75,1.75,1.75,"same_as_strict (1.0 result, not re-checked)",Describe,Vocabularies,OWL,1,,2015-01-07T00:00:00.000+00:00,https://bioportal.bioontology.org/ontologies/APAEDUCLUSTER
bioportal,APANEUROCLUSTER,APA Neuro Cluster,scored,0.0,0.0,0.0,0.0,7.0,1.75,1.75,1.75,1.75,"same_as_strict (1.0 result, not re-checked)",Describe,Vocabularies,OWL,1,,2015-01-07T00:00:00.000+00:00,https://bioportal.bioontology.org/ontologies/APANEUROCLUSTER
bioportal,APAOCUEMPLOY,APA Occupational and Employment cluster,scored,0.0,0.0,0.0,0.0,7.0,1.75,1.75,1.75,1.75,"same_as_strict (1.0 result, not re-checked)",Describe,Vocabularies,OWL,1,,2015-01-06T00:00:00.000+00:00,https://bioportal.bioontology.org/ontologies/APAOCUEMPLOY
bioportal,APASTATISTICAL,APA Statistical Cluster,scored,0.0,0.0,0.0,0.0,7.0,1.75,1.75,1.75,1.75,"same_as_strict (1.0 result, not re-checked)",Describe,Vocabularies,OWL,1,,2014-12-30T00:00:00.000+00:00,https://bioportal.bioontology.org/ontologies/APASTATISTICAL
bioportal,APATANDT,APA Tests and Testing cluster,scored,0.0,0.0,0.0,0.0,7.0,1.75,1.75,1.75,1.75,"same_as_strict (1.0 result, not re-checked)",Describe,Vocabularies,OWL,1,,2014-12-29T00:00:00.000+00:00,https://bioportal.bioontology.org/ontologies/APATANDT
bioportal,APATREATMENT,APA Treatment Cluster,scored,0.0,0.0,0.0,0.0,7.0,1.75,1.75,1.75,1.75,"same_as_strict (1.0 result, not re-checked)",Describe,Vocabularies,OWL,1,,2014-12-16T00:00:00.000+00:00,https://bioportal.bioontology.org/ontologies/APATREATMENT
bioportal,APO,Ascomycete Phenotype Ontology,scored,9.98,3.15,3.15,3.78,10.0,6.7275,6.73,6.7275,6.73,"same_as_strict (1.0 result, not re-checked)",Define,Phenotype,OBO,53,2026-06-16,2026-06-16T18:00:16.000-07:00,https://bioportal.bioontology.org/ontologies/APO
bioportal,APOLLO-SV,Apollo Structured Vocabulary,scored,10.0,3.98,3.98,3.07,9.0,6.5125,6.51,6.5125,6.51,"same_as_strict (1.0 result, not re-checked)",Connection,Health,OWL,67,2026-07-19,2026-07-21T18:00:29.000-07:00,https://bioportal.bioontology.org/ontologies/APOLLO-SV
bioportal,ARCRC,Arctic Report Card,scored,9.9,5.43,5.43,0.62,9.0,6.2375,6.24,6.2375,6.24,"same_as_strict (1.0 result, not re-checked)",Connection,,OWL,6,0.12.0,2024-12-07T00:00:00.000+00:00,https://bioportal.bioontology.org/ontologies/ARCRC
bioportal,ARO,Antibiotic Resistance Ontology,scored,10.0,6.77,6.77,7.64,10.0,8.6025,8.6,8.6025,8.6,"same_as_strict (1.0 result, not re-checked)",Define,,OWL,23,,2026-08-13T18:00:16.000-07:00,https://bioportal.bioontology.org/ontologies/ARO
bioportal,ASDPTO,Autism Spectrum Disorder Phenotype Ontology,scored,9.96,6.57,6.57,0.0,10.0,6.6325,6.63,6.6325,6.63,"same_as_strict (1.0 result, not re-checked)",Connection,Human;Neurological_Disorder;Phenotype,OWL,1,1,2014-01-21T00:00:00.000+00:00,https://bioportal.bioontology.org/ontologies/ASDPTO
bioportal,ASPECT,"ASPECT: wind energy vAriableS, ParametErs and ConsTants",scored,9.93,6.17,6.17,0.0,0.0,4.025,4.03,4.025,4.03,"same_as_strict (1.0 result, not re-checked)",Connection,Vocabularies,SKOS,3,0.1.0,2021-10-14T18:00:19.000-07:00,https://bioportal.bioontology.org/ontologies/ASPECT
bioportal,ASSAYNODE,Assaynode,scored,9.8,5.1,5.1,0.0,9.0,5.975,5.98,5.975,5.98,"same_as_strict (1.0 result, not re-checked)",Connection,Vocabularies,OWL,2,1.0,2023-01-18T00:00:00.000+00:00,https://bioportal.bioontology.org/ontologies/ASSAYNODE
bioportal,ATC,Anatomical Therapeutic Chemical Classification,scored,10.0,0.0,0.0,7.72,10.0,6.93,6.93,6.93,6.93,"same_as_strict (1.0 result, not re-checked)",Define,Chemical;Health,UMLS,25,2025_02_10,2025-11-03T00:00:00.000+00:00,https://bioportal.bioontology.org/ontologies/ATC
bioportal,ATO,Amphibian Taxonomy Ontology,scored,10.0,0.0,0.0,7.82,10.0,6.955,6.96,6.955,6.96,"same_as_strict (1.0 result, not re-checked)",Define,Taxonomic_Classification,OBO,2,See Remote Site,2009-02-26T00:00:00.000-08:00,https://bioportal.bioontology.org/ontologies/ATO
bioportal,ATOL,Animal Trait Ontology for Livestock,scored,10.0,0.0,0.0,0.0,10.0,5.0,5.0,5.0,5.0,"same_as_strict (1.0 result, not re-checked)",Define,,OWL,2,6.0,2014-10-22T00:00:00.000+00:00,https://bioportal.bioontology.org/ontologies/ATOL
bioportal,ATOM,Atlas Ontology Model,scored,9.69,2.08,2.08,4.59,10.0,6.59,6.59,6.59,6.59,"same_as_strict (1.0 result, not re-checked)",Define,Anatomy,OWL,1,2023-04-27,2023-04-27T00:00:00.000+00:00,https://bioportal.bioontology.org/ontologies/ATOM
bioportal,AURA,KB_Bio_101,scored,9.77,0.0,0.0,6.78,10.0,6.6375,6.64,6.6375,6.64,"same_as_strict (1.0 result, not re-checked)",Define,,OWL,1,1.0,2014-01-21T00:00:00.000+00:00,https://bioportal.bioontology.org/ontologies/AURA
bioportal,AZDONTO, Alzheimer's Disease Ontology,scored,9.64,0.45,0.45,4.48,8.0,5.6425,5.64,5.6425,5.64,"same_as_strict (1.0 result, not re-checked)",Define,Biomedical_Resources;Neurologic_Disease,OWL,1,0.1,2026-08-22T00:00:00.000+00:00,https://bioportal.bioontology.org/ontologies/AZDONTO
bioportal,BAO,BioAssay Ontology,scored,10.0,4.68,4.68,0.75,10.0,6.3575,6.36,6.3575,6.36,"same_as_strict (1.0 result, not re-checked)",Connection,Biological_Process;Cell;Chemical;Molecule;Other;Physicochemical;Protein;Subcellular;Vocabularies,OWL,68,2.8.19,2026-05-06T18:00:20.000-07:00,https://bioportal.bioontology.org/ontologies/BAO
bioportal,BAO-GPCR,G Protein-Coupled Receptor BioAssays Ontology,scored,10.0,0.3,6.68,0.64,10.0,5.235,5.24,6.83,6.83,http://www.bioassayontology.org/bao_gpcr#definition [bioportal_definitionProperty]; http://www.bioassayontology.org/bao#definition [detected_by_name (885 uses)],Define,Biological_Process;Chemical;Molecule;Other;Physicochemical;Protein;Subcellular;Vocabularies,OWL,23,1.1,2013-10-28T00:00:00.000+00:00,https://bioportal.bioontology.org/ontologies/BAO-GPCR
bioportal,BBO,Biomedical Burden Ontology,scored,10.0,5.59,5.59,0.91,10.0,6.625,6.62,6.625,6.62,"same_as_strict (1.0 result, not re-checked)",Connection,Health;Human,OWL,3,2025-09-27,2025-09-27T18:00:19.000-07:00,https://bioportal.bioontology.org/ontologies/BBO
bioportal,BCGO,Breast Cancer Grading Ontology,scored,4.62,0.6,0.6,3.53,9.0,4.4375,4.44,4.4375,4.44,"same_as_strict (1.0 result, not re-checked)",Define,Biological_Process,OWL,2,1.5,2010-11-06T00:00:00.000-07:00,https://bioportal.bioontology.org/ontologies/BCGO
bioportal,BCI-O,Brain-Computer Interaction (BCI) Ontology,scored,9.89,5.5,5.5,4.5,10.0,7.4725,7.47,7.4725,7.47,"same_as_strict (1.0 result, not re-checked)",Connection,Biomedical_Resources;Experimental_Conditions;Health;Human;Imaging;Neurologic_Disease;Neurological_Disorder;Upper_Level_Ontology;Vocabularies,OWL,6,0.9.6,2018-06-06T00:00:00.000+00:00,https://bioportal.bioontology.org/ontologies/BCI-O
bioportal,BCIO,Behaviour Change Intervention Ontology,scored,10.0,6.37,6.37,0.43,10.0,6.7,6.7,6.7,6.7,"same_as_strict (1.0 result, not re-checked)",Connection,Health;Human,OWL,1,,2025-07-09T00:00:00.000+00:00,https://bioportal.bioontology.org/ontologies/BCIO
bioportal,BCLION,Breast Cancer Lifestyle Ontology,scored,0.0,0.0,0.0,4.96,9.0,3.49,3.49,3.49,3.49,"same_as_strict (1.0 result, not re-checked)",Describe,Health;Human,OWL,1,1.0,2024-01-02T00:00:00.000+00:00,https://bioportal.bioontology.org/ontologies/BCLION
bioportal,BCMO,Breast Cancer-Microbiome Ontology ,not_downloadable,,,,,,,,,,,,Experimental_Conditions;Human,OWL,1,,2024-12-23T00:00:00.000+00:00,https://bioportal.bioontology.org/ontologies/BCMO
bioportal,BCO,Biological Collections Ontology,scored,9.93,4.58,4.58,3.67,9.0,6.795,6.8,6.795,6.8,"same_as_strict (1.0 result, not re-checked)",Connection,All_Organisms,OWL,11,2021-11-14,2021-11-14T18:00:37.000-08:00,https://bioportal.bioontology.org/ontologies/BCO
bioportal,BCON,Breast Cancer Ontology,scored,0.0,0.0,0.0,7.46,8.0,3.865,3.86,3.865,3.86,"same_as_strict (1.0 result, not re-checked)",Describe,Health;Human,OWL,2,1.0,2024-01-02T00:00:00.000+00:00,https://bioportal.bioontology.org/ontologies/BCON
bioportal,BCS7,Breast Cancer Staging - 7th Edition,scored,9.57,0.0,0.0,4.51,0.0,3.52,3.52,3.52,3.52,"same_as_strict (1.0 result, not re-checked)",Define,,OWL,1,version 0.1,2018-05-13T00:00:00.000+00:00,https://bioportal.bioontology.org/ontologies/BCS7
bioportal,BCS8,Breast Cancer Staging - 8th Edition,scored,9.69,0.0,0.0,5.77,0.0,3.8649999999999998,3.86,3.8649999999999998,3.86,"same_as_strict (1.0 result, not re-checked)",Define,,OWL,1,version 0.1,2018-05-13T00:00:00.000+00:00,https://bioportal.bioontology.org/ontologies/BCS8
bioportal,BCSR-ONTO,Breast cancer screening recommendation ontology,scored,9.93,0.35,0.35,7.77,8.0,6.512499999999999,6.51,6.512499999999999,6.51,"same_as_strict (1.0 result, not re-checked)",Define,Biomedical_Resources;Health;Imaging,OWL,3,2.1,2023-08-09T00:00:00.000+00:00,https://bioportal.bioontology.org/ontologies/BCSR-ONTO
bioportal,BCTEO,Bone and Cartilage Tissue Engineering Ontology,scored,9.96,6.35,6.35,6.07,10.0,8.095,8.1,8.095,8.1,"same_as_strict (1.0 result, not re-checked)",Connection,,OBO,4,releases/2013-08,2013-09-02T00:00:00.000-07:00,https://bioportal.bioontology.org/ontologies/BCTEO
bioportal,BCTT,Behaviour Change Technique Taxonomy,scored,10.0,0.0,0.0,0.0,7.0,4.25,4.25,4.25,4.25,"same_as_strict (1.0 result, not re-checked)",Define,,OWL,6,0.4,2015-11-22T00:00:00.000+00:00,https://bioportal.bioontology.org/ontologies/BCTT
bioportal,BDO,Bone Dysplasia Ontology,scored,10.0,0.06,0.06,7.03,10.0,6.7725,6.77,6.7725,6.77,"same_as_strict (1.0 result, not re-checked)",Define,Health;Human,OWL,9,1.5,2012-02-08T00:00:00.000-08:00,https://bioportal.bioontology.org/ontologies/BDO
bioportal,BDPM,Base de Données Publique des Médicaments,scored,9.98,0.04,0.04,0.05,10.0,5.0175,5.02,5.0175,5.02,"same_as_strict (1.0 result, not re-checked)",Define,Biomedical_Resources;Chemical;Health;Human;Immunology;Molecule;Phenotype;Physicochemical,OWL,1,2025-03-04,2025-03-12T00:00:00.000+00:00,https://bioportal.bioontology.org/ontologies/BDPM
bioportal,BE,Bioentities,scored,9.98,0.0,0.0,5.29,9.0,6.0675,6.07,6.0675,6.07,"same_as_strict (1.0 result, not re-checked)",Define,,OBO,5,1.0,2017-11-27T00:00:00.000+00:00,https://bioportal.bioontology.org/ontologies/BE
bioportal,BERO,Biological and Environmental Research Ontology,scored,10.0,3.41,3.41,5.75,10.0,7.29,7.29,7.29,7.29,"same_as_strict (1.0 result, not re-checked)",Define,,OWL,3,2022-12-23,2022-12-23T00:00:00.000+00:00,https://bioportal.bioontology.org/ontologies/BERO
bioportal,BERVO,The Biological and Environmental Research Variable Ontology,scored,10.0,7.21,7.21,0.17,10.0,6.845000000000001,6.85,6.845000000000001,6.85,"same_as_strict (1.0 result, not re-checked)",Connection,Biological_Process;Chemical;Experimental_Conditions;Physicochemical;Plant_Anatomy;Plant_Development,OWL,7,2026-09-03,2026-09-03T18:00:23.000-07:00,https://bioportal.bioontology.org/ontologies/BERVO
bioportal,BFLC,LC BIBFRAME 2.0 Vocabulary Extension,scored,8.0,5.0,5.0,0.0,5.0,4.5,4.5,4.5,4.5,"same_as_strict (1.0 result, not re-checked)",Connection,,OWL,5,1.2.0,2026-03-19T18:00:28.000-07:00,https://bioportal.bioontology.org/ontologies/BFLC
bioportal,BFO,Basic Formal Ontology,scored,9.72,1.56,1.56,7.54,9.0,6.955,6.96,6.955,6.96,"same_as_strict (1.0 result, not re-checked)",Define,Upper_Level_Ontology,OWL,2,2.0,2015-08-29T00:00:00.000+00:00,https://bioportal.bioontology.org/ontologies/BFO
bioportal,BFPO,Bioreactor Fermentation Process Ontology,scored,10.0,7.4,7.4,0.11,9.0,6.6274999999999995,6.63,6.6274999999999995,6.63,"same_as_strict (1.0 result, not re-checked)",Connection,Biological_Process;Chemical;Other;Taxonomic_Classification,OWL,2,,2026-07-16T00:00:00.000+00:00,https://bioportal.bioontology.org/ontologies/BFPO
bioportal,BHN,Biologie Hors Nomenclature,scored,10.0,0.0,0.0,0.0,9.0,4.75,4.75,4.75,4.75,"same_as_strict (1.0 result, not re-checked)",Define,Health;Vocabularies,OWL,1,3.2,2011-02-11T00:00:00.000+00:00,https://bioportal.bioontology.org/ontologies/BHN
bioportal,BHO,Bleeding History Phenotype Ontology,scored,10.0,0.98,0.98,4.25,10.0,6.3075,6.31,6.3075,6.31,"same_as_strict (1.0 result, not re-checked)",Define,Phenotype,OWL,3,0.4,2010-12-22T00:00:00.000-08:00,https://bioportal.bioontology.org/ontologies/BHO
bioportal,BIBFRAME,BIBFRAME 2.0,scored,9.95,6.38,6.38,0.0,8.0,6.0825,6.08,6.0825,6.08,"same_as_strict (1.0 result, not re-checked)",Connection,Other;Upper_Level_Ontology,OWL,11,"
   2.2.0
  ",2025-08-12T18:00:35.000-07:00,https://bioportal.bioontology.org/ontologies/BIBFRAME
bioportal,BIBLIOTEK-O,The Biblioteko Ontology,scored,9.42,5.83,5.83,0.0,9.0,6.0625,6.06,6.0625,6.06,"same_as_strict (1.0 result, not re-checked)",Connection,,OWL,3,Version 1.1.0,2017-07-11T18:02:14.000-07:00,https://bioportal.bioontology.org/ontologies/BIBLIOTEK-O
bioportal,BIFO,Biofilm Ontology,scored,9.24,4.02,4.02,0.0,10.0,5.8149999999999995,5.82,5.8149999999999995,5.82,"same_as_strict (1.0 result, not re-checked)",Connection,Biological_Process;Biomedical_Resources,OWL,1,,2020-10-24T00:00:00.000+00:00,https://bioportal.bioontology.org/ontologies/BIFO
bioportal,BIM,Biomedical Image Ontology,scored,9.56,1.94,1.94,0.0,9.0,5.125,5.12,5.125,5.12,"same_as_strict (1.0 result, not re-checked)",Connection,Imaging,OWL,6,1.3,2014-09-26T00:00:00.000+00:00,https://bioportal.bioontology.org/ontologies/BIM
bioportal,BIN,Body in Numbers project terminology,scored,9.93,6.59,6.59,0.0,10.0,6.63,6.63,6.63,6.63,"same_as_strict (1.0 result, not re-checked)",Connection,Taxonomic_Classification;Vocabularies,OWL,2,1.1,2019-05-02T00:00:00.000+00:00,https://bioportal.bioontology.org/ontologies/BIN
bioportal,BIODIVTHES,Biodiversity Thesaurus,scored,9.99,2.05,2.05,8.3,0.0,5.085,5.08,5.085,5.08,"same_as_strict (1.0 result, not re-checked)",Flat,All_Organisms,SKOS,1,2.1,2023-04-07T00:00:00.000+00:00,https://bioportal.bioontology.org/ontologies/BIODIVTHES
bioportal,BIOLINK,Biolink Model,scored,10.0,5.07,5.07,6.7,10.0,7.9425,7.94,7.9425,7.94,"same_as_strict (1.0 result, not re-checked)",Define,All_Organisms;Biological_Process;Cell;Chemical;Gene_Product;Phenotype,OWL,85,4.4.4,2026-09-18T18:00:32.000-07:00,https://bioportal.bioontology.org/ontologies/BIOLINK
bioportal,BIOMO,Biological Observation Matrix Ontology,scored,9.99,5.68,5.68,2.23,10.0,6.975,6.98,6.975,6.98,"same_as_strict (1.0 result, not re-checked)",Connection,Other,OWL,1,"0.0.1
",2014-07-29T00:00:00.000+00:00,https://bioportal.bioontology.org/ontologies/BIOMO
bioportal,BIOMODELS,BioModels Ontology,scored,9.99,1.09,1.1,2.07,10.0,5.7875,5.79,5.79,5.79,http://phenomebrowser.net/#Definition [bioportal_definitionProperty]; http://www.geneontology.org/formats/oboInOwl#def [detected_by_name (1118 uses)],Define,All_Organisms;Biological_Process;Biomedical_Resources,OWL,3,21,2012-03-01T00:00:00.000-08:00,https://bioportal.bioontology.org/ontologies/BIOMODELS
bioportal,BIOPAX,BioPAX Level 3 ontology,scored,10.0,6.83,6.83,4.76,9.0,7.647499999999999,7.65,7.647499999999999,7.65,"same_as_strict (1.0 result, not re-checked)",Connection,,OWL,1,v1.0,2010-07-20T00:00:00.000+00:00,https://bioportal.bioontology.org/ontologies/BIOPAX
bioportal,BIOTOP,BioTop,scored,10.0,1.49,1.49,4.34,10.0,6.4575,6.46,6.4575,6.46,"same_as_strict (1.0 result, not re-checked)",Define,,OWL,4,v2012-04-24,2012-04-24T00:00:00.000+00:00,https://bioportal.bioontology.org/ontologies/BIOTOP
bioportal,BIPOM,Biological interlocked Process Ontology for metabolism,scored,9.93,2.46,2.46,6.44,9.0,6.9575000000000005,6.96,6.9575000000000005,6.96,"same_as_strict (1.0 result, not re-checked)",Define,All_Organisms,OWL,3,Core,2020-04-15T00:00:00.000+00:00,https://bioportal.bioontology.org/ontologies/BIPOM
bioportal,BIPON,Bacterial interlocked Process ONtology,scored,10.0,0.78,0.78,5.31,10.0,6.5225,6.52,6.5225,6.52,"same_as_strict (1.0 result, not re-checked)",Define,Biological_Process,OWL,3,2017-11-08-bis,2017-11-09T00:00:00.000+00:00,https://bioportal.bioontology.org/ontologies/BIPON
bioportal,BIRNLEX,Biomedical Informatics Research Network Project Lexicon,scored,10.0,0.0,0.0,0.0,10.0,5.0,5.0,5.0,5.0,"same_as_strict (1.0 result, not re-checked)",Define,Anatomy;Imaging,OWL,1,1.3.1,2007-08-08T00:00:00.000-07:00,https://bioportal.bioontology.org/ontologies/BIRNLEX
bioportal,BIRTHONTO,BirthOnto: Birth Data Analysis,scored,0.56,0.37,0.37,8.34,8.0,4.3175,4.32,4.3175,4.32,"same_as_strict (1.0 result, not re-checked)",Define,Health,OWL,1,1.1,2023-03-28T00:00:00.000+00:00,https://bioportal.bioontology.org/ontologies/BIRTHONTO
bioportal,BKO,Bricks ontology,scored,9.99,6.79,6.79,0.38,10.0,6.79,6.79,6.79,6.79,"same_as_strict (1.0 result, not re-checked)",Connection,Other,OWL,1,13:07:2018 10:45,2020-07-21T00:00:00.000+00:00,https://bioportal.bioontology.org/ontologies/BKO
bioportal,BLLM,Large Language Model Ontology,no_submission,,,,,,,,,,,,,,-1,,,https://bioportal.bioontology.org/ontologies/BLLM
bioportal,BMONT,The Biomarker Ontology,scored,10.0,6.09,6.09,8.06,10.0,8.5375,8.54,8.5375,8.54,"same_as_strict (1.0 result, not re-checked)",Define,,OWL,2,Version Release: 0.5.8,2025-06-30T00:00:00.000+00:00,https://bioportal.bioontology.org/ontologies/BMONT
bioportal,BMS-LM,BioMedical Study Lifecycle Management,parse_failed,,,,,,,,,,,,All_Organisms;Biomedical_Resources;Experimental_Conditions;Health;Other;Upper_Level_Ontology,OWL,2,Version 1.1,2026-08-27T18:00:32.000-07:00,https://bioportal.bioontology.org/ontologies/BMS-LM
bioportal,BMT,Biomedical Topics,scored,10.0,6.67,6.67,0.0,10.0,6.6675,6.67,6.6675,6.67,"same_as_strict (1.0 result, not re-checked)",Connection,,OWL,1,1.4,2014-10-06T00:00:00.000+00:00,https://bioportal.bioontology.org/ontologies/BMT
bioportal,BNO,Bionutrition Ontology,scored,9.9,0.2,0.2,0.84,10.0,5.234999999999999,5.24,5.234999999999999,5.24,"same_as_strict (1.0 result, not re-checked)",Define,Biomedical_Resources;Health;Human,OWL,2,0.2,2013-08-08T00:00:00.000-07:00,https://bioportal.bioontology.org/ontologies/BNO
bioportal,BOF,Biodiversity Ontology,scored,3.96,0.0,0.0,2.88,10.0,4.21,4.21,4.21,4.21,"same_as_strict (1.0 result, not re-checked)",Define,,OWL,2,1.2,2012-08-01T00:00:00.000-07:00,https://bioportal.bioontology.org/ontologies/BOF
bioportal,BOSHI,boshra,no_submission,,,,,,,,,,,,Ethology,,-1,,,https://bioportal.bioontology.org/ontologies/BOSHI
bioportal,BP,BioPAX Ontology of Biological Pathways,scored,10.0,6.73,6.73,4.75,9.0,7.62,7.62,7.62,7.62,"same_as_strict (1.0 result, not re-checked)",Connection,Biological_Process,OWL,1,Level3 v1.0,2010-07-02T00:00:00.000-07:00,https://bioportal.bioontology.org/ontologies/BP
bioportal,BP-METADATA,BioPortal Metadata Ontology,scored,9.02,0.63,0.63,1.2,10.0,5.2125,5.21,5.2125,5.21,"same_as_strict (1.0 result, not re-checked)",Define,Other,OWL,6,0.9.5,2013-08-20T00:00:00.000+00:00,https://bioportal.bioontology.org/ontologies/BP-METADATA
bioportal,BPFORMS,"Ontology of chemically concrete, composable DNA, RNA, and protein residue and crosslinks",parse_failed,,,,,,,,,,,,All_Organisms;Chemical;Gene_Product;Genomic_and_Proteomic;Molecule;Physicochemical;Protein,OBO,1,0.0.9,2019-08-26T00:00:00.000+00:00,https://bioportal.bioontology.org/ontologies/BPFORMS
bioportal,BPT,Biological Pathway Taxonomy,scored,10.0,0.0,0.0,8.2,10.0,7.05,7.05,7.05,7.05,"same_as_strict (1.0 result, not re-checked)",Define,Biological_Process;Cell;Health;Immunology;Protein;Subcellular,OBO,2,synonymes2022,2022-03-29T00:00:00.000+00:00,https://bioportal.bioontology.org/ontologies/BPT
bioportal,BRAIN-COF,Computational Ontology Framework for Brain Profiles,scored,9.76,6.53,6.53,6.47,10.0,8.19,8.19,8.19,8.19,"same_as_strict (1.0 result, not re-checked)",Connection,Anatomy;Neurologic_Disease,OWL,2,3,2024-04-08T18:00:30.000+00:00,https://bioportal.bioontology.org/ontologies/BRAIN-COF
bioportal,BRCT,Brain Region & Cell Type terminology,scored,9.99,0.01,0.01,0.0,10.0,5.0,5.0,5.0,5.0,"same_as_strict (1.0 result, not re-checked)",Connection,,OWL,1,3.0,2015-06-17T00:00:00.000+00:00,https://bioportal.bioontology.org/ontologies/BRCT
bioportal,BRIDG,Biomedical Research Integrated Domain Group Model,scored,9.8,5.26,5.26,6.13,10.0,7.7975,7.8,7.7975,7.8,"same_as_strict (1.0 result, not re-checked)",Define,Health,OWL,1,3.2,2012-08-30T00:00:00.000-07:00,https://bioportal.bioontology.org/ontologies/BRIDG
bioportal,BRO,Biomedical Resource Ontology,scored,9.96,0.15,6.33,0.06,10.0,5.0425,5.04,6.5874999999999995,6.59,http://bioontology.org/ontologies/biositemap.owl#definition [bioportal_definitionProperty + detected_by_name],Connection,Biomedical_Resources,OWL,14,3.2.1,2010-08-31T00:00:00.000-07:00,https://bioportal.bioontology.org/ontologies/BRO
bioportal,BRSO,Biological Resource Schema Ontology,scored,4.8,0.0,0.0,0.38,5.0,2.545,2.54,2.545,2.54,"same_as_strict (1.0 result, not re-checked)",Define,All_Organisms,OWL,1,0.02,2021-12-20T00:00:00.000+00:00,https://bioportal.bioontology.org/ontologies/BRSO
bioportal,BSAO,Botryllus schlosseri anatomy and development ontology,scored,9.9,0.0,0.0,9.14,10.0,7.26,7.26,7.26,7.26,same_as_strict,Define,Anatomy,OBO,1,Version 1,2013-06-27T00:00:00.000-07:00,https://bioportal.bioontology.org/ontologies/BSAO
bioportal,BSPO,Spatial Ontology,scored,9.95,5.1,5.1,7.19,10.0,8.059999999999999,8.06,8.059999999999999,8.06,"same_as_strict (1.0 result, not re-checked)",Define,Anatomy,OWL,32,2023-05-27,2023-05-27T18:00:49.000-07:00,https://bioportal.bioontology.org/ontologies/BSPO
bioportal,BT,BioTop Ontology,scored,10.0,1.49,1.49,4.34,10.0,6.4575,6.46,6.4575,6.46,"same_as_strict (1.0 result, not re-checked)",Define,Upper_Level_Ontology,OWL,12,"Last modification
Apr 24, 2012 by Stefan Schulz",2014-05-20T00:00:00.000+00:00,https://bioportal.bioontology.org/ontologies/BT
bioportal,BT-ONTOLOGY,BrainTeaser Ontology (BTO),scored,9.93,4.06,4.06,0.4,9.0,5.8475,5.85,5.8475,5.85,"same_as_strict (1.0 result, not re-checked)",Connection,Biomedical_Resources;Health;Neurologic_Disease,OWL,3,2.0,2024-07-21T18:00:44.000-07:00,https://bioportal.bioontology.org/ontologies/BT-ONTOLOGY
bioportal,BTO,BRENDA Tissue and Enzyme Source Ontology,scored,10.0,5.66,5.66,7.31,10.0,8.2425,8.24,8.2425,8.24,"same_as_strict (1.0 result, not re-checked)",Define,,OBO,67,releases/2021-10-26,2022-02-04T00:00:00.000+00:00,https://bioportal.bioontology.org/ontologies/BTO
bioportal,BTO-BFO,Brinell Test Ontology-BFO,scored,8.29,1.79,1.79,4.52,10.0,6.1499999999999995,6.15,6.1499999999999995,6.15,"same_as_strict (1.0 result, not re-checked)",Define,,OWL,4,"5.0.4 (BFO, IOF. MSEO)",2024-07-29T00:00:00.000+00:00,https://bioportal.bioontology.org/ontologies/BTO-BFO
bioportal,BTO-EMMO,Brinell Test Ontology-EMMO,scored,9.76,5.59,5.59,2.68,10.0,7.0075,7.01,7.0075,7.01,"same_as_strict (1.0 result, not re-checked)",Connection,Other,OWL,3,"3.0.4 (EMMO, CHAMEO, MT)",2024-07-29T00:00:00.000+00:00,https://bioportal.bioontology.org/ontologies/BTO-EMMO
bioportal,BTO-PROVO,Brinell Test Ontology-PROVO,scored,8.74,5.49,5.49,2.23,10.0,6.615,6.62,6.615,6.62,"same_as_strict (1.0 result, not re-checked)",Connection,Other,OWL,2,"4.0.4 (PROV, PMDco)",2024-07-29T00:00:00.000+00:00,https://bioportal.bioontology.org/ontologies/BTO-PROVO
bioportal,BTO_ONTOLOGY,Brain Tumour Ontology,scored,2.63,0.69,0.69,3.89,9.0,4.0525,4.05,4.0525,4.05,"same_as_strict (1.0 result, not re-checked)",Define,Biomedical_Resources;Health,OWL,1,1,2016-01-01T00:00:00.000+00:00,https://bioportal.bioontology.org/ontologies/BTO_ONTOLOGY
bioportal,C19M,COVID-19,no_submission,,,,,,,,,,,,Other,,-1,,,https://bioportal.bioontology.org/ontologies/C19M
bioportal,CABRO,Computer Assisted Brain Injury Rehabilitation Ontology,scored,9.22,0.0,0.0,1.39,9.0,4.9025,4.9,4.9025,4.9,"same_as_strict (1.0 result, not re-checked)",Define,Biomedical_Resources;Dysfunction;Health;Human;Neurologic_Disease;Neurological_Disorder,OWL,1,0.5,2013-03-01T00:00:00.000-08:00,https://bioportal.bioontology.org/ontologies/CABRO
bioportal,CANCO,Cancer Chemoprevention Ontology,scored,9.57,5.59,5.59,1.94,10.0,6.775,6.78,6.775,6.78,"same_as_strict (1.0 result, not re-checked)",Connection,Biomedical_Resources;Experimental_Conditions;Health;Molecule,OWL,3,0.3,2013-05-01T00:00:00.000-07:00,https://bioportal.bioontology.org/ontologies/CANCO
bioportal,CANONT,Upper-Level Cancer Ontology ,scored,9.82,1.87,1.87,0.13,9.0,5.205,5.2,5.205,5.2,"same_as_strict (1.0 result, not re-checked)",Connection,,OBO,1,unknown,2012-11-20T00:00:00.000-08:00,https://bioportal.bioontology.org/ontologies/CANONT
bioportal,CAO,Clusters of Orthologous Groups (COG) Analysis Ontology,scored,10.0,2.39,2.39,6.11,9.0,6.875,6.88,6.875,6.88,"same_as_strict (1.0 result, not re-checked)",Define,Gene_Product,OWL,3,1.4,2011-10-10T00:00:00.000-07:00,https://bioportal.bioontology.org/ontologies/CAO
bioportal,CARE-AI-CO-VI0-1,CARE-AI Initial Capability Ontology v0.1 ,scored,9.82,5.09,5.09,2.59,7.0,6.125,6.12,6.125,6.12,"same_as_strict (1.0 result, not re-checked)",Connection,Development;Health;Other,OWL,1,0.1.0,2026-08-29T00:00:00.000+00:00,https://bioportal.bioontology.org/ontologies/CARE-AI-CO-VI0-1
bioportal,CARELEX,Content Archive Resource Exchange Lexicon,scored,9.97,0.0,0.0,0.0,10.0,4.9925,4.99,4.9925,4.99,"same_as_strict (1.0 result, not re-checked)",Define,Vocabularies,OWL,46,1.02,2024-12-30T18:00:42.000-08:00,https://bioportal.bioontology.org/ontologies/CARELEX
bioportal,CARESSES,CARESSES Ontology,scored,9.9,3.16,3.16,5.92,10.0,7.245,7.24,7.245,7.24,"same_as_strict (1.0 result, not re-checked)",Define,,OWL,1,1.0,2019-06-10T00:00:00.000+00:00,https://bioportal.bioontology.org/ontologies/CARESSES
bioportal,CARO,Common Anatomy Reference Ontology,scored,9.99,6.0,6.0,7.74,9.0,8.182500000000001,8.18,8.182500000000001,8.18,"same_as_strict (1.0 result, not re-checked)",Define,Anatomy,OWL,16,2023-03-15,2023-03-15T18:01:04.000-07:00,https://bioportal.bioontology.org/ontologies/CARO
bioportal,CAROLIO,Caroli's Disease and Syndrome Ontology,scored,10.0,6.01,6.01,5.72,9.0,7.682499999999999,7.68,7.682499999999999,7.68,"same_as_strict (1.0 result, not re-checked)",Connection,Health;Human,OWL,1,2.2,2023-12-12T00:00:00.000+00:00,https://bioportal.bioontology.org/ontologies/CAROLIO
bioportal,CARRE,CARRE Risk Factor ontology,scored,9.94,0.0,0.0,3.94,9.0,5.72,5.72,5.72,5.72,"same_as_strict (1.0 result, not re-checked)",Define,Health,OWL,3,0.2,2014-09-30T00:00:00.000+00:00,https://bioportal.bioontology.org/ontologies/CARRE
bioportal,CASE-BASE-ONTO,Case-base ontology for gastric dystemperament in Persian medicine,scored,4.02,2.42,2.42,4.75,8.0,4.797499999999999,4.8,4.797499999999999,4.8,"same_as_strict (1.0 result, not re-checked)",Define,Other,OWL,1,1.0,2021-05-14T00:00:00.000+00:00,https://bioportal.bioontology.org/ontologies/CASE-BASE-ONTO
bioportal,CATALOG-THEMES,Catalog Themes,parse_failed,,,,,,,,,,,,Health;Human;Vocabularies,SKOS,3,,2025-06-10T00:00:00.000+00:00,https://bioportal.bioontology.org/ontologies/CATALOG-THEMES
bioportal,CBCTX,CalendarBench Context,scored,9.98,6.35,6.35,7.56,7.0,7.722499999999999,7.72,7.722499999999999,7.72,"same_as_strict (1.0 result, not re-checked)",Define,Health;Human,OWL,1,2026.05.26,2026-05-26T00:00:00.000+00:00,https://bioportal.bioontology.org/ontologies/CBCTX
bioportal,CBHA,CalendarBench Human Activities,scored,9.99,0.16,0.16,0.0,8.0,4.5375,4.54,4.5375,4.54,"same_as_strict (1.0 result, not re-checked)",Connection,Health;Human,OWL,1,2026.05.03,2026-09-10T00:00:00.000+00:00,https://bioportal.bioontology.org/ontologies/CBHA
bioportal,CBHT,CalendarBench Health Tasks,scored,9.96,6.28,6.28,5.3,9.0,7.635000000000001,7.64,7.635000000000001,7.64,"same_as_strict (1.0 result, not re-checked)",Connection,Health;Human,OWL,1,2026.05.19,2026-07-05T00:00:00.000+00:00,https://bioportal.bioontology.org/ontologies/CBHT
bioportal,CBO,Cell Behavior Ontology,scored,9.96,0.03,6.52,5.23,10.0,6.305,6.3,7.9275,7.93,http://purl.org/dc/elements/1.1/description [bioportal_definitionProperty]; http://www.geneontology.org/formats/oboInOwl#def [detected_by_name (15 uses)],Define,All_Organisms;Biological_Process;Cell,OWL,25,"Version 1.1.2 added license info.
Version 1.1.1 added fuding sources.
Version 1.1.0 added classes for OMERO-Tiff files similar to those for VTK files 
Version 1.0.0 is the initial release of the Cell Behavior Ontology (CBO). 
Version 1.0.1 added Journal citation for the Cell Behavior Ontology (CBO). 
Version 1.0.2 corrected a few annotations that had ""snap:process"" that should be ""span:process"".
Version 1.0.3 corrected/changed class ""SpacialExclusive"" to ""SpatialExclusive"" and property ""has_Quality"" to ""has_quality"".",2021-09-22T00:00:00.000+00:00,https://bioportal.bioontology.org/ontologies/CBO
bioportal,CCF,Human Reference Atlas Common Coordinate Framework Ontology,scored,9.76,0.0,0.0,0.0,6.0,3.94,3.94,3.94,3.94,"same_as_strict (1.0 result, not re-checked)",Define,Anatomy;Biomedical_Resources;Cell;Human,OWL,16,3.0.0,2024-06-14T00:00:00.000+00:00,https://bioportal.bioontology.org/ontologies/CCF
bioportal,CCO,Cell Cycle Ontology,parse_failed,,,,,,,,,,,,Arabadopsis;Biological_Process;Human;Protein;Yeast,OBO,6,2.10,2014-06-24T00:00:00.000+00:00,https://bioportal.bioontology.org/ontologies/CCO
bioportal,CCON,Cerrado concepts and plant community dynamics,scored,10.0,3.28,3.28,1.31,9.0,5.8975,5.9,5.8975,5.9,"same_as_strict (1.0 result, not re-checked)",Connection,,OWL,8,0.9.3,2014-01-29T00:00:00.000+00:00,https://bioportal.bioontology.org/ontologies/CCON
bioportal,CCONT,Cell Culture Ontology,scored,10.0,5.15,5.15,4.86,10.0,7.5025,7.5,7.5025,7.5,"same_as_strict (1.0 result, not re-checked)",Connection,Biological_Process;Experimental_Conditions;Vocabularies,OWL,3,1.1,2014-07-23T00:00:00.000+00:00,https://bioportal.bioontology.org/ontologies/CCONT
bioportal,CCTOO,Cancer Care: Treatment Outcome Ontology,scored,9.99,4.96,4.96,8.66,10.0,8.4025,8.4,8.4025,8.4,"same_as_strict (1.0 result, not re-checked)",Define,Biomedical_Resources;Health;Human,OBO,2,releases/2018-05-11,2018-05-11T00:00:00.000+00:00,https://bioportal.bioontology.org/ontologies/CCTOO
bioportal,CDAO,Comparative Data Analysis Ontology,scored,10.0,1.32,1.32,3.18,10.0,6.125,6.12,6.125,6.12,"same_as_strict (1.0 result, not re-checked)",Define,Experimental_Conditions,OWL,7,$Revision$,2013-08-20T00:00:00.000+00:00,https://bioportal.bioontology.org/ontologies/CDAO
bioportal,CDMONTO,Common Diabetes Medications Ontology,scored,7.71,0.0,0.0,0.0,10.0,4.4275,4.43,4.4275,4.43,"same_as_strict (1.0 result, not re-checked)",Define,Anatomy;Biomedical_Resources;Health;Human;Other;Taxonomic_Classification,OWL,2,,2025-07-09T00:00:00.000+00:00,https://bioportal.bioontology.org/ontologies/CDMONTO
bioportal,CDNO,Compositional Dietary Nutrition Ontology,scored,10.0,6.19,6.19,8.07,10.0,8.565000000000001,8.57,8.565000000000001,8.57,"same_as_strict (1.0 result, not re-checked)",Define,Other,OWL,21,,2026-06-11T18:01:05.000-07:00,https://bioportal.bioontology.org/ontologies/CDNO
bioportal,CDO,Chinese Diabetes Mellitus Ontology,scored,10.0,6.71,6.71,1.04,10.0,6.9375,6.94,6.9375,6.94,"same_as_strict (1.0 result, not re-checked)",Connection,Health;Human,OWL,6,3.0,2022-03-24T00:00:00.000+00:00,https://bioportal.bioontology.org/ontologies/CDO
bioportal,CDOH,Commercial determinant of Health Ontology,scored,0.97,0.37,0.37,5.94,10.0,4.32,4.32,4.32,4.32,"same_as_strict (1.0 result, not re-checked)",Define,,OWL,1,v1,2023-09-13T00:00:00.000+00:00,https://bioportal.bioontology.org/ontologies/CDOH
bioportal,CDPEO,Chronic Disease Patient Education Ontology,scored,5.48,0.0,0.0,7.33,7.0,4.952500000000001,4.95,4.952500000000001,4.95,"same_as_strict (1.0 result, not re-checked)",Define,Health,OWL,1,1.0.0,2019-12-18T00:00:00.000+00:00,https://bioportal.bioontology.org/ontologies/CDPEO
bioportal,CDSSONTOBRIEF,Clinical Decision Support System Ontology-Brief Version,scored,10.0,1.43,1.43,0.0,10.0,5.3575,5.36,5.3575,5.36,"same_as_strict (1.0 result, not re-checked)",Connection,Health;Human;Upper_Level_Ontology,OWL,1,,2026-07-08T00:00:00.000+00:00,https://bioportal.bioontology.org/ontologies/CDSSONTOBRIEF
bioportal,CEDARPC,CEDAR Provisional Classes,not_downloadable,,,,,,,,,,,,,OWL,2,,2016-04-15T00:00:00.000+00:00,https://bioportal.bioontology.org/ontologies/CEDARPC
bioportal,CEDARVS,CEDAR Value Sets,scored,9.43,6.23,6.23,4.83,7.0,6.8725000000000005,6.87,6.8725000000000005,6.87,"same_as_strict (1.0 result, not re-checked)",Connection,Other,OWL,4,0.2.2,2015-08-24T00:00:00.000+00:00,https://bioportal.bioontology.org/ontologies/CEDARVS
bioportal,CEPH,Cephalopod Ontology,scored,9.99,2.64,2.64,3.75,10.0,6.595000000000001,6.6,6.595000000000001,6.6,"same_as_strict (1.0 result, not re-checked)",Define,Anatomy,OWL,1,,2016-01-12T00:00:00.000+00:00,https://bioportal.bioontology.org/ontologies/CEPH
bioportal,CHD,Congenital Heart Defects Ontology,scored,9.98,0.04,0.04,0.0,8.0,4.505,4.5,4.505,4.5,"same_as_strict (1.0 result, not re-checked)",Connection,Human,OWL,5,1.1,2013-05-23T00:00:00.000-07:00,https://bioportal.bioontology.org/ontologies/CHD
bioportal,CHEAR,Children's Health Exposure Analysis Resource,scored,10.0,4.74,4.74,4.17,10.0,7.2275,7.23,7.2275,7.23,"same_as_strict (1.0 result, not re-checked)",Connection,Health;Human,OWL,15,2.8,2019-09-10T00:00:00.000+00:00,https://bioportal.bioontology.org/ontologies/CHEAR
bioportal,CHEBI,Chemical Entities of Biological Interest Ontology,scored,10.0,1.62,1.62,7.32,10.0,7.235,7.24,7.235,7.24,same_as_strict,Define,Chemical,OBO,223,255,2026-09-09T18:01:53.000-07:00,https://bioportal.bioontology.org/ontologies/CHEBI
bioportal,CHEMBIO,Systems Chemical Biology and Chemogenomics Ontology ,not_downloadable,,,,,,,,,,,,Biological_Process;Biomedical_Resources;Chemical;Molecule;Protein,OWL,10,1.1,2015-01-22T00:00:00.000+00:00,https://bioportal.bioontology.org/ontologies/CHEMBIO
bioportal,CHEMINF,Chemical Information Ontology,scored,9.99,2.71,2.71,8.13,10.0,7.7075,7.71,7.7075,7.71,"same_as_strict (1.0 result, not re-checked)",Define,Chemical,OWL,53,2.1.0,2025-02-23T18:01:18.000-08:00,https://bioportal.bioontology.org/ontologies/CHEMINF
bioportal,CHEMROF,CHEMROF,scored,10.0,4.32,4.32,5.54,10.0,7.465,7.46,7.465,7.46,"same_as_strict (1.0 result, not re-checked)",Define,Chemical;Upper_Level_Ontology,OWL,11,0.0.1,2026-06-02T18:01:57.000-07:00,https://bioportal.bioontology.org/ontologies/CHEMROF
bioportal,CHIRO,CHEBI Integrated Role Ontology,scored,10.0,6.44,6.44,7.6,10.0,8.51,8.51,8.51,8.51,"same_as_strict (1.0 result, not re-checked)",Define,,OWL,3,2026-08-24,2026-08-24T18:04:32.000-07:00,https://bioportal.bioontology.org/ontologies/CHIRO
bioportal,CHMO,Chemical Methods Ontology,scored,10.0,6.38,6.38,7.23,10.0,8.4025,8.4,8.4025,8.4,"same_as_strict (1.0 result, not re-checked)",Define,Chemical,OWL,30,2026-05-28,2026-06-02T18:02:01.000-07:00,https://bioportal.bioontology.org/ontologies/CHMO
bioportal,CHO,ChemoOnto,scored,7.14,0.0,0.0,3.3,7.0,4.359999999999999,4.36,4.359999999999999,4.36,"same_as_strict (1.0 result, not re-checked)",Define,Biomedical_Resources;Chemical;Health;Human,OWL,1,"Version: 1.0.1
Date: Dec 12, 2024
Author: Alice Rogier, Inria Paris, CRC (Inserm, Univ. Paris-Cité)
Licence: MIT License",2023-12-06T00:00:00.000+00:00,https://bioportal.bioontology.org/ontologies/CHO
bioportal,CHR,Monochrom,scored,10.0,0.93,0.93,6.48,10.0,6.8525,6.85,6.8525,6.85,"same_as_strict (1.0 result, not re-checked)",Define,Genomic_and_Proteomic,OWL,4,2025-10-15,2025-10-20T18:01:24.000-07:00,https://bioportal.bioontology.org/ontologies/CHR
bioportal,CHRO,Chromatin Regulator Ontology,scored,9.98,4.26,4.26,6.9,10.0,7.785,7.78,7.785,7.78,"same_as_strict (1.0 result, not re-checked)",Define,Gene_Product;Protein,OWL,2,2023-08-18,2024-01-05T00:00:00.000+00:00,https://bioportal.bioontology.org/ontologies/CHRO
bioportal,CIDO,Coronavirus Infectious Disease Ontology,scored,10.0,5.69,5.69,8.52,10.0,8.5525,8.55,8.5525,8.55,"same_as_strict (1.0 result, not re-checked)",Define,All_Organisms;Health;Human,OWL,42,2024-02-16,2024-02-16T18:02:33.000-08:00,https://bioportal.bioontology.org/ontologies/CIDO
bioportal,CIDOC-CRM,CIDOC Conceptual Reference Model,scored,9.77,6.59,6.59,0.0,10.0,6.59,6.59,6.59,6.59,"same_as_strict (1.0 result, not re-checked)",Connection,,OWL,2,v6.2,2015-08-19T00:00:00.000+00:00,https://bioportal.bioontology.org/ontologies/CIDOC-CRM
bioportal,CIINTEADO,Ciona intestinalis Anatomy and Development Ontology,scored,9.99,6.82,6.82,9.71,10.0,9.13,9.13,9.13,9.13,"same_as_strict (1.0 result, not re-checked)",Define,Anatomy;Animal_Development,OBO,2,Version 1,2015-08-07T00:00:00.000+00:00,https://bioportal.bioontology.org/ontologies/CIINTEADO
bioportal,CIO,Confidence Information Ontology,scored,9.78,6.66,6.66,8.24,10.0,8.67,8.67,8.67,8.67,"same_as_strict (1.0 result, not re-checked)",Define,,OWL,1,,2015-03-10T00:00:00.000+00:00,https://bioportal.bioontology.org/ontologies/CIO
bioportal,CISAVIADO,Ciona savignyi Anatomy and Development Ontology ,scored,9.99,6.82,6.82,9.71,10.0,9.13,9.13,9.13,9.13,"same_as_strict (1.0 result, not re-checked)",Define,Anatomy;Animal_Development,OBO,2,,2015-08-07T00:00:00.000+00:00,https://bioportal.bioontology.org/ontologies/CISAVIADO
bioportal,CKDO,Chronic Kidney Disease Ontology,scored,1.46,0.92,0.92,0.0,10.0,3.0949999999999998,3.1,3.0949999999999998,3.1,"same_as_strict (1.0 result, not re-checked)",Connection,,OWL,1,v1.0,2017-07-04T00:00:00.000+00:00,https://bioportal.bioontology.org/ontologies/CKDO
bioportal,CL,Cell Ontology,scored,10.0,5.79,5.79,8.39,10.0,8.545,8.54,8.545,8.54,"same_as_strict (1.0 result, not re-checked)",Define,Anatomy;Cell,OWL,129,2026-06-08,2026-06-08T18:05:15.000-07:00,https://bioportal.bioontology.org/ontologies/CL
bioportal,CLAO,Collembola Anatomy Ontology,scored,9.99,6.34,6.34,6.44,10.0,8.192499999999999,8.19,8.192499999999999,8.19,"same_as_strict (1.0 result, not re-checked)",Define,Anatomy;Animal_Gross_Anatomy;Vocabularies,OWL,2,2021-09-27,2021-05-07T00:00:00.000+00:00,https://bioportal.bioontology.org/ontologies/CLAO
bioportal,CLO,Cell Line Ontology,scored,10.0,5.45,5.45,3.73,10.0,7.295,7.3,7.295,7.3,"same_as_strict (1.0 result, not re-checked)",Connection,All_Organisms;Anatomy;Biological_Process;Biomedical_Resources;Cell;Experimental_Conditions;Phenotype;Taxonomic_Classification;Vocabularies,OWL,67,2026-06-19,2026-06-20T18:01:32.000-07:00,https://bioportal.bioontology.org/ontologies/CLO
bioportal,CLYH,Clytia hemisphaerica Development and Anatomy Ontology,scored,9.96,5.1,5.1,7.72,10.0,8.195,8.2,8.195,8.2,"same_as_strict (1.0 result, not re-checked)",Define,Anatomy,OWL,4,,2020-05-29T18:01:43.000-07:00,https://bioportal.bioontology.org/ontologies/CLYH
bioportal,CMDO,Clinical MetaData Ontology,scored,9.95,0.0,0.0,2.4,10.0,5.5875,5.59,5.5875,5.59,"same_as_strict (1.0 result, not re-checked)",Define,,OWL,10,1.1.4,2019-02-26T00:00:00.000+00:00,https://bioportal.bioontology.org/ontologies/CMDO
bioportal,CMO,Clinical Measurement Ontology,scored,10.0,6.03,6.03,6.64,9.0,7.9175,7.92,7.9175,7.92,"same_as_strict (1.0 result, not re-checked)",Define,,OBO,202,2026-09-19,2026-09-21T18:02:13.000-07:00,https://bioportal.bioontology.org/ontologies/CMO
bioportal,CMPO,Cellular microscopy phenotype ontology,scored,9.99,6.43,6.43,5.15,10.0,7.8925,7.89,7.8925,7.89,"same_as_strict (1.0 result, not re-checked)",Connection,Cell;Cellular_anatomy_;Phenotype,OWL,14,1.3,2015-06-24T18:01:45.000-07:00,https://bioportal.bioontology.org/ontologies/CMPO
bioportal,CMR-QA,Cardiovascular Magnetic Resonance Quality Assessment Ontology,scored,9.91,1.14,1.14,1.57,9.0,5.405,5.4,5.405,5.4,"same_as_strict (1.0 result, not re-checked)",Define,Health;Imaging;Vocabularies,OWL,1,0.4.5,2018-11-01T00:00:00.000+00:00,https://bioportal.bioontology.org/ontologies/CMR-QA
bioportal,CN,computer network,scored,9.2,0.91,0.91,5.25,9.0,6.09,6.09,6.09,6.09,"same_as_strict (1.0 result, not re-checked)",Define,,OWL,1,,2014-09-18T00:00:00.000+00:00,https://bioportal.bioontology.org/ontologies/CN
bioportal,CNO,Computational Neuroscience Ontology,scored,9.97,5.79,5.79,0.74,10.0,6.625,6.62,6.625,6.62,"same_as_strict (1.0 result, not re-checked)",Connection,Vocabularies,OWL,8,version 0.5,2015-11-16T18:21:21.000-08:00,https://bioportal.bioontology.org/ontologies/CNO
bioportal,CO,Crop Ontology,no_submission,,,,,,,,,,,,Phenotype;Plant,,-1,,,https://bioportal.bioontology.org/ontologies/CO
bioportal,CO-WHEAT,Wheat Trait Ontology ,scored,9.94,5.53,5.53,6.67,10.0,8.035,8.04,8.035,8.04,"same_as_strict (1.0 result, not re-checked)",Define,Phenotype;Plant,OBO,1,08.11.2010,2010-08-11T00:00:00.000-07:00,https://bioportal.bioontology.org/ontologies/CO-WHEAT
bioportal,COB,Core Ontology for Biology and Biomedicine,scored,9.86,4.43,4.43,2.82,9.0,6.5275,6.53,6.5275,6.53,"same_as_strict (1.0 result, not re-checked)",Connection,Upper_Level_Ontology,OWL,21,2025-12-15,2026-05-04T18:01:55.000-07:00,https://bioportal.bioontology.org/ontologies/COB
bioportal,COCHRANE,Cochrane Core Vocabulary Ontology,scored,9.62,5.14,5.14,0.0,10.0,6.1899999999999995,6.19,6.1899999999999995,6.19,"same_as_strict (1.0 result, not re-checked)",Connection,,OWL,1,2.0.1,2014-02-06T00:00:00.000+00:00,https://bioportal.bioontology.org/ontologies/COCHRANE
bioportal,CODO,CODO: an Ontology for collection and analysis of COviD-19 data,scored,7.16,2.41,2.41,4.09,10.0,5.915,5.92,5.915,5.92,"same_as_strict (1.0 result, not re-checked)",Define,Genomic_and_Proteomic;Health;Human;Vocabularies,OWL,6,1.5,2023-07-26T00:00:00.000+00:00,https://bioportal.bioontology.org/ontologies/CODO
bioportal,COG,Common Ontology of Genome,scored,9.57,5.66,5.66,0.66,10.0,6.4725,6.47,6.4725,6.47,"same_as_strict (1.0 result, not re-checked)",Connection,Genomic_and_Proteomic;Upper_Level_Ontology,OWL,1,,2026-04-25T00:00:00.000+00:00,https://bioportal.bioontology.org/ontologies/COG
bioportal,COGAT,Cognitive Atlas Ontology,scored,9.34,3.73,3.73,1.06,5.0,4.782500000000001,4.78,4.782500000000001,4.78,"same_as_strict (1.0 result, not re-checked)",Connection,Human;Phenotype;Vocabularies,OWL,8,0.4,2012-04-03T00:00:00.000+00:00,https://bioportal.bioontology.org/ontologies/COGAT
bioportal,COGITO,Cognitive Task Ontology,scored,9.04,2.92,2.92,4.67,10.0,6.6575,6.66,6.6575,6.66,"same_as_strict (1.0 result, not re-checked)",Define,Biomedical_Resources;Experimental_Conditions;Human;Imaging;Vocabularies,OWL,3,1.1.0,2025-12-10T00:00:00.000+00:00,https://bioportal.bioontology.org/ontologies/COGITO
bioportal,COGMEMO,Thesaurus of the Cognitive Psychology of Human Memory,scored,10.0,7.23,7.23,8.89,4.0,7.53,7.53,7.53,7.53,"same_as_strict (1.0 result, not re-checked)",Flat,Biological_Process;Health;Human;Neurologic_Disease;Vocabularies,SKOS,1,2.6,2026-04-07T00:00:00.000+00:00,https://bioportal.bioontology.org/ontologies/COGMEMO
bioportal,COGPO,Cognitive Paradigm Ontology,scored,10.0,5.88,5.88,5.15,10.0,7.7575,7.76,7.7575,7.76,"same_as_strict (1.0 result, not re-checked)",Connection,Experimental_Conditions;Human;Imaging,OWL,1,1,2010-11-17T00:00:00.000-08:00,https://bioportal.bioontology.org/ontologies/COGPO
bioportal,COHSI2STUDY,cohsi2study,scored,9.88,5.57,5.57,0.0,0.0,3.8625000000000003,3.86,3.8625000000000003,3.86,"same_as_strict (1.0 result, not re-checked)",Connection,Vocabularies,SKOS,27,0.2.8,2021-11-26T00:00:00.000+00:00,https://bioportal.bioontology.org/ontologies/COHSI2STUDY
bioportal,COHSI2TERMSWEEKX,cohsi2termsweekx,scored,9.71,0.56,0.56,0.0,0.0,2.5675000000000003,2.57,2.5675000000000003,2.57,"same_as_strict (1.0 result, not re-checked)",Connection,Vocabularies,SKOS,1,,2022-09-11T00:00:00.000+00:00,https://bioportal.bioontology.org/ontologies/COHSI2TERMSWEEKX
bioportal,COID,Combined Ontology for Inflammatory Diseases,scored,9.99,4.04,4.04,0.53,10.0,6.140000000000001,6.14,6.140000000000001,6.14,"same_as_strict (1.0 result, not re-checked)",Connection,Anatomy;Human;Phenotype;Vocabularies,OWL,1,1.0.0,2022-04-20T00:00:00.000+00:00,https://bioportal.bioontology.org/ontologies/COID
bioportal,COKPME,COKPME - COVID19 Ontology for analyzing the Karnataka Private Medical Establishments Data  ,scored,4.48,2.55,2.55,1.11,7.0,3.785,3.78,3.785,3.78,"same_as_strict (1.0 result, not re-checked)",Connection,Biomedical_Resources;Health,OWL,1,1.0,2021-07-09T00:00:00.000+00:00,https://bioportal.bioontology.org/ontologies/COKPME
bioportal,COLAO,Coleoptera Anatomy Ontology,scored,9.99,6.08,6.08,9.02,10.0,8.7725,8.77,8.7725,8.77,"same_as_strict (1.0 result, not re-checked)",Define,Anatomy;Animal_Gross_Anatomy;Phenotype,OWL,8,2024-06-21,2024-06-28T18:03:12.000+00:00,https://bioportal.bioontology.org/ontologies/COLAO
bioportal,COMET,LinkML Common Metadata Elements and Terms,scored,9.95,1.56,1.56,4.57,10.0,6.52,6.52,6.52,6.52,"same_as_strict (1.0 result, not re-checked)",Define,Experimental_Conditions;Health;Upper_Level_Ontology,OWL,5,,2024-07-03T18:02:42.000+00:00,https://bioportal.bioontology.org/ontologies/COMET
bioportal,COMO,Context and Measurement Ontology,scored,9.98,5.97,5.97,4.45,10.0,7.6,7.6,7.6,7.6,"same_as_strict (1.0 result, not re-checked)",Connection,Biological_Process;Cell;Chemical;Experimental_Conditions,OBO,8,2025-08-13,2025-12-15T18:01:55.000-08:00,https://bioportal.bioontology.org/ontologies/COMO
bioportal,COMODI,COMODI,scored,9.85,5.75,5.75,0.58,9.0,6.295,6.3,6.295,6.3,"same_as_strict (1.0 result, not re-checked)",Connection,Development;Vocabularies,OWL,6,,2017-05-01T00:00:00.000+00:00,https://bioportal.bioontology.org/ontologies/COMODI
bioportal,CONDOR,Liver Cancer Ontology Diagnosis Treatment,scored,9.82,0.0,0.0,0.0,10.0,4.955,4.96,4.955,4.96,"same_as_strict (1.0 result, not re-checked)",Define,Health,OWL,1,0.1,2023-11-23T00:00:00.000+00:00,https://bioportal.bioontology.org/ontologies/CONDOR
bioportal,CONTSONTO,Continuity of care,scored,9.73,5.53,5.53,4.61,10.0,7.4675,7.47,7.4675,7.47,"same_as_strict (1.0 result, not re-checked)",Connection,Biomedical_Resources;Health,OWL,7,Version 2.1 (2026),2026-07-18T00:00:00.000+00:00,https://bioportal.bioontology.org/ontologies/CONTSONTO
bioportal,COPDO,COPD Ontology,scored,10.0,0.06,0.06,0.0,9.0,4.765000000000001,4.77,4.765000000000001,4.77,"same_as_strict (1.0 result, not re-checked)",Connection,Health;Human,OWL,1,1,2017-06-26T00:00:00.000+00:00,https://bioportal.bioontology.org/ontologies/COPDO
bioportal,COPPER,COntextualised and Personalised Physical activity and Exercise Recommendations,scored,10.0,2.28,2.28,6.65,9.0,6.9825,6.98,6.9825,6.98,"same_as_strict (1.0 result, not re-checked)",Define,Health;Human,OWL,6,2025-10-07,2025-10-07T00:00:00.000+00:00,https://bioportal.bioontology.org/ontologies/COPPER
bioportal,COSTART,Coding Symbols for a Thesaurus of Adverse Reaction Terms,scored,10.0,0.01,0.01,7.38,10.0,6.8475,6.85,6.8475,6.85,"same_as_strict (1.0 result, not re-checked)",Define,Health,UMLS,1,CSP2006,2013-05-08T00:00:00.000+00:00,https://bioportal.bioontology.org/ontologies/COSTART
bioportal,COVID-19,COVID-19 Ontology,scored,10.0,4.12,4.12,7.88,10.0,8.0,8.0,8.0,8.0,"same_as_strict (1.0 result, not re-checked)",Define,Health;Human;Immunology,OWL,4,Version Release: 1.0.0,2020-05-14T00:00:00.000+00:00,https://bioportal.bioontology.org/ontologies/COVID-19
bioportal,COVID-19-ONT-PM,COVID-19OntologyInPatternMedicine,scored,9.54,0.11,0.11,2.18,10.0,5.4575,5.46,5.4575,5.46,"same_as_strict (1.0 result, not re-checked)",Define,Biomedical_Resources,OWL,9,007,2021-08-20T00:00:00.000+00:00,https://bioportal.bioontology.org/ontologies/COVID-19-ONT-PM
bioportal,COVID19,COVID-19 Surveillance Ontology,scored,9.7,0.0,0.0,0.0,7.0,4.175,4.18,4.175,4.18,"same_as_strict (1.0 result, not re-checked)",Define,Health;Human,OWL,3,V1.0,2020-08-05T00:00:00.000+00:00,https://bioportal.bioontology.org/ontologies/COVID19
bioportal,COVID19-IBO,Covid19 Impact on Banking Ontology,scored,7.5,0.17,0.17,0.0,10.0,4.4175,4.42,4.4175,4.42,"same_as_strict (1.0 result, not re-checked)",Connection,Other,OWL,6,1.5,2021-06-07T00:00:00.000+00:00,https://bioportal.bioontology.org/ontologies/COVID19-IBO
bioportal,COVIDCRFRAPID,WHO COVID-19 Rapid Version CRF semantic data model,scored,9.85,0.91,0.91,6.2,10.0,6.74,6.74,6.74,6.74,"same_as_strict (1.0 result, not re-checked)",Define,Health,OWL,12,1.1.4,2020-06-24T00:00:00.000+00:00,https://bioportal.bioontology.org/ontologies/COVIDCRFRAPID
bioportal,CPRO,Computer-Based Patient Record Ontology,scored,10.0,4.94,4.94,4.53,9.0,7.117500000000001,7.12,7.117500000000001,7.12,"same_as_strict (1.0 result, not re-checked)",Connection,Health,OWL,3,"Last modification: July 31th, 2011 Chimezie Ogbuji",2013-04-24T00:00:00.000-07:00,https://bioportal.bioontology.org/ontologies/CPRO
bioportal,CPT,CPT - Current Procedural Terminology,not_downloadable,,,,,,,,,,,,Other,UMLS,3,2020AB,2020-11-02T00:00:00.000+00:00,https://bioportal.bioontology.org/ontologies/CPT
bioportal,CPTAC,CPTAC Proteomics Pipeline Infrastructure Ontology,scored,9.5,0.0,0.0,0.0,0.0,2.375,2.38,2.375,2.38,"same_as_strict (1.0 result, not re-checked)",Define,Genomic_and_Proteomic,OWL,3,alpha 1.1,2009-05-20T00:00:00.000-07:00,https://bioportal.bioontology.org/ontologies/CPTAC
bioportal,CRENO,"Culture, Race, Ethnicity and Nationality Ontology",scored,9.74,3.7,3.7,1.82,10.0,6.315,6.32,6.315,6.32,"same_as_strict (1.0 result, not re-checked)",Connection,Human;Other,OWL,2,0.6,2024-02-05T00:00:00.000+00:00,https://bioportal.bioontology.org/ontologies/CRENO
bioportal,CRISP,Computer Retrieval of Information on Scientific Projects Thesaurus,scored,10.0,6.18,6.18,9.14,10.0,8.83,8.83,8.83,8.83,"same_as_strict (1.0 result, not re-checked)",Define,Health,UMLS,1,CSP2006,2013-05-08T00:00:00.000+00:00,https://bioportal.bioontology.org/ontologies/CRISP
bioportal,CRO,Contributor Role Ontology,scored,10.0,5.92,5.92,4.38,10.0,7.575,7.58,7.575,7.58,"same_as_strict (1.0 result, not re-checked)",Connection,Other,OWL,4,v2019-08-16,2019-12-11T18:04:23.000-08:00,https://bioportal.bioontology.org/ontologies/CRO
bioportal,CRYOEM,Cryo Electron Microscopy,scored,9.91,4.03,4.03,0.0,10.0,5.985,5.98,5.985,5.98,"same_as_strict (1.0 result, not re-checked)",Connection,Imaging,OWL,4,2021-03-09,2020-07-23T00:00:00.000+00:00,https://bioportal.bioontology.org/ontologies/CRYOEM
bioportal,CS,Coping Strategies for Adverse Drug Events Ontology,parse_failed,,,,,,,,,,,,,OWL,1,,2022-03-02T00:00:00.000+00:00,https://bioportal.bioontology.org/ontologies/CS
bioportal,CSEO,Cigarette Smoke Exposure Ontology,scored,10.0,0.0,0.0,0.11,10.0,5.0275,5.03,5.0275,5.03,"same_as_strict (1.0 result, not re-checked)",Define,Health,OWL,2,1.0,2014-07-10T00:00:00.000+00:00,https://bioportal.bioontology.org/ontologies/CSEO
bioportal,CSO,Clinical Study Ontology,scored,9.74,0.0,0.0,0.0,8.0,4.4350000000000005,4.44,4.4350000000000005,4.44,"same_as_strict (1.0 result, not re-checked)",Define,,OWL,1,,2015-09-23T00:00:00.000+00:00,https://bioportal.bioontology.org/ontologies/CSO
bioportal,CSSO,Clinical Signs and Symptoms Ontology,scored,9.97,3.76,3.76,0.0,10.0,5.9325,5.93,5.9325,5.93,"same_as_strict (1.0 result, not re-checked)",Connection,Health,OWL,6,Version 0.6,2016-03-31T00:00:00.000+00:00,https://bioportal.bioontology.org/ontologies/CSSO
bioportal,CST,Cancer Staging Terms,scored,10.0,4.09,4.09,0.0,9.0,5.7725,5.77,5.7725,5.77,"same_as_strict (1.0 result, not re-checked)",Connection,,OWL,1,,2021-03-08T00:00:00.000+00:00,https://bioportal.bioontology.org/ontologies/CST
bioportal,CSTD,Clinical smell and taste disorders,scored,1.61,0.01,0.01,0.98,10.0,3.15,3.15,3.15,3.15,"same_as_strict (1.0 result, not re-checked)",Define,Phenotype,OWL,1,1,2019-06-07T00:00:00.000+00:00,https://bioportal.bioontology.org/ontologies/CSTD
bioportal,CTCAE,Common Terminology Criteria for Adverse Events,scored,10.0,0.0,6.68,8.14,9.0,6.785,6.78,8.455,8.46,http://ncicb.nci.nih.gov/xml/owl/EVS/ctcae5.owl#DEFINITION [bioportal_definitionProperty]; http://ncicb.nci.nih.gov/xml/owl/EVS/Thesaurus.owl#P97 [detected_by_name (4124 uses)],Define,,OWL,4,6.0,2026-08-12T00:00:00.000+00:00,https://bioportal.bioontology.org/ontologies/CTCAE
bioportal,CTENO,Ctenophore Ontology,scored,10.0,1.71,1.71,5.68,10.0,6.8475,6.85,6.8475,6.85,"same_as_strict (1.0 result, not re-checked)",Define,Anatomy,OWL,1,,2016-10-19T00:00:00.000+00:00,https://bioportal.bioontology.org/ontologies/CTENO
bioportal,CTGO,Clinical Trials Gov Ontology,scored,9.92,0.05,0.05,0.88,9.0,4.9625,4.96,4.9625,4.96,"same_as_strict (1.0 result, not re-checked)",Define,Other,OWL,1,1.0,2024-06-14T00:00:00.000+00:00,https://bioportal.bioontology.org/ontologies/CTGO
bioportal,CTO,Clinical Trials Ontology,scored,10.0,5.65,5.65,7.96,10.0,8.4025,8.4,8.4025,8.4,"same_as_strict (1.0 result, not re-checked)",Define,,OWL,1,Version Release: 1.0.0,2020-05-26T00:00:00.000+00:00,https://bioportal.bioontology.org/ontologies/CTO
bioportal,CTO-NDD,Clinical Trials Ontology - Neurodegenerative Diseases,scored,9.97,0.0,0.0,0.0,10.0,4.9925,4.99,4.9925,4.99,"same_as_strict (1.0 result, not re-checked)",Define,Biomedical_Resources;Health;Neurological_Disorder,OWL,1,0.6,2020-05-26T00:00:00.000+00:00,https://bioportal.bioontology.org/ontologies/CTO-NDD
bioportal,CTONT,Epoch Clinical Trial Ontology,scored,9.3,4.42,4.42,3.08,10.0,6.7,6.7,6.7,6.7,"same_as_strict (1.0 result, not re-checked)",Connection,Experimental_Conditions,OWL,1,"<table border=""1"">
      <tr>
        <td>
          <b><i>Version</i></b>
        </td>
        <td>
          0.97
        </td>
      </tr>
      <tr>
        <td>
          <b><i>Date</i></b>
        </td>
        <td>
          3/2/2007<br>
        </td>
      </tr>
    </table>
    <br>",2007-03-20T00:00:00.000-07:00,https://bioportal.bioontology.org/ontologies/CTONT
bioportal,CTU_BEREADY_GEM,CTU Bern BEReady Gemeinden,scored,9.97,0.03,0.03,0.0,0.0,2.5,2.5,2.5,2.5,"same_as_strict (1.0 result, not re-checked)",Connection,Other,SKOS,3,gem_onto_1level_v0_01,2023-03-10T00:00:00.000+00:00,https://bioportal.bioontology.org/ontologies/CTU_BEREADY_GEM
bioportal,CTX,Cerebrotendinous Xanthomatosis Ontology,scored,4.06,0.57,0.57,5.47,8.0,4.525,4.53,4.525,4.53,"same_as_strict (1.0 result, not re-checked)",Define,Phenotype,OWL,2,vtemp2,2012-03-12T00:00:00.000-07:00,https://bioportal.bioontology.org/ontologies/CTX
bioportal,CU-VO,Venom Ontology,scored,10.0,0.0,0.0,8.32,8.0,6.58,6.58,6.58,6.58,"same_as_strict (1.0 result, not re-checked)",Define,Chemical;Genomic_and_Proteomic;Molecule;Protein,OWL,1,1.0,2015-09-24T00:00:00.000+00:00,https://bioportal.bioontology.org/ontologies/CU-VO
bioportal,CVAO,STO,scored,9.61,0.13,0.13,0.0,10.0,4.9350000000000005,4.94,4.9350000000000005,4.94,"same_as_strict (1.0 result, not re-checked)",Connection,,OWL,2,2017-11-01,2017-11-28T00:00:00.000+00:00,https://bioportal.bioontology.org/ontologies/CVAO
bioportal,CVDO,Cardiovascular Disease Ontology,scored,9.99,1.31,1.31,2.31,10.0,5.9025,5.9,5.9025,5.9,"same_as_strict (1.0 result, not re-checked)",Define,Health,OWL,5,2024-05-17,2024-06-17T18:03:20.000+00:00,https://bioportal.bioontology.org/ontologies/CVDO
bioportal,CWD,Consumer Wearable Device,scored,9.36,4.38,4.38,0.65,9.0,5.8475,5.85,5.8475,5.85,"same_as_strict (1.0 result, not re-checked)",Connection,Health,OWL,1,,2018-04-19T00:00:00.000+00:00,https://bioportal.bioontology.org/ontologies/CWD
bioportal,CXSO,Cathexis Somatic Ontology,scored,9.94,6.02,6.02,2.42,7.0,6.345,6.34,6.345,6.34,"same_as_strict (1.0 result, not re-checked)",Connection,Anatomy;Biological_Process;Health;Human;Neurological_Disorder;Phenotype,OWL,2,1.1,2026-05-29T00:00:00.000+00:00,https://bioportal.bioontology.org/ontologies/CXSO
bioportal,CYTO,CYTOKINE,scored,10.0,0.0,0.0,0.0,7.0,4.25,4.25,4.25,4.25,"same_as_strict (1.0 result, not re-checked)",Define,Protein,OWL,27,Cytokines,2015-06-24T00:00:00.000+00:00,https://bioportal.bioontology.org/ontologies/CYTO
bioportal,D3O,DSMZ Digital Diversity Ontology,scored,9.97,6.4,6.4,5.19,10.0,7.890000000000001,7.89,7.890000000000001,7.89,"same_as_strict (1.0 result, not re-checked)",Connection,Biomedical_Resources;Microbial_Anatomy;Phenotype;Upper_Level_Ontology,OWL,3,1.1,2024-09-23T00:00:00.000+00:00,https://bioportal.bioontology.org/ontologies/D3O
bioportal,DATACITE,SPAR DataCite Ontology,scored,10.0,6.4,6.4,0.83,8.0,6.307499999999999,6.31,6.307499999999999,6.31,"same_as_strict (1.0 result, not re-checked)",Connection,Other,OWL,4,1.3.1,2016-01-21T00:00:00.000+00:00,https://bioportal.bioontology.org/ontologies/DATACITE
bioportal,DATACITE-VOCAB,DATACITE V4.4,scored,9.93,0.1,0.1,0.0,0.0,2.5075,2.51,2.5075,2.51,"same_as_strict (1.0 result, not re-checked)",Connection,,SKOS,5,0.1.0,2022-05-13T18:03:34.000-07:00,https://bioportal.bioontology.org/ontologies/DATACITE-VOCAB
bioportal,DATAHUB,RADx Data Hub Ontology,scored,9.92,5.93,5.93,0.5,9.0,6.3375,6.34,6.3375,6.34,"same_as_strict (1.0 result, not re-checked)",Connection,,OWL,4,0.9.3,2025-03-25T00:00:00.000+00:00,https://bioportal.bioontology.org/ontologies/DATAHUB
bioportal,DBM,DBM Ontology,scored,6.67,2.16,2.16,0.0,0.0,2.2075,2.21,2.2075,2.21,"same_as_strict (1.0 result, not re-checked)",Connection,,OWL,1,1.1,2014-09-01T00:00:00.000+00:00,https://bioportal.bioontology.org/ontologies/DBM
bioportal,DC,Dublin Core,scored,9.74,6.16,6.16,0.0,0.0,3.975,3.98,3.975,3.98,"same_as_strict (1.0 result, not re-checked)",Connection,Other,OWL,3,,2017-02-17T18:01:47.000-08:00,https://bioportal.bioontology.org/ontologies/DC
bioportal,DCAT,Data Catalog Vocabulary,scored,9.41,2.77,2.77,0.0,5.0,4.295,4.3,4.295,4.3,"same_as_strict (1.0 result, not re-checked)",Connection,Other,OWL,2,,2014-01-16T00:00:00.000+00:00,https://bioportal.bioontology.org/ontologies/DCAT
bioportal,DCAT-FDC,Data Catalog Vocabulary (DCAT),scored,9.88,5.07,5.07,1.41,8.0,6.09,6.09,6.09,6.09,"same_as_strict (1.0 result, not re-checked)",Connection,,OWL,1,"Toto je aktualizovaná kopie slovníku DCAT verze 2.0, převzatá z https://www.w3.org/ns/dcat.ttl",2021-09-23T00:00:00.000+00:00,https://bioportal.bioontology.org/ontologies/DCAT-FDC
bioportal,DCAT3,DCAT3,scored,10.0,4.41,4.41,1.77,8.0,6.045,6.04,6.045,6.04,"same_as_strict (1.0 result, not re-checked)",Connection,,OWL,3,3,2020-12-17T00:00:00.000+00:00,https://bioportal.bioontology.org/ontologies/DCAT3
bioportal,DCCDFV,Dublin Core Collection Description Frequency Vocabulary,scored,9.47,5.25,5.25,0.0,0.0,3.68,3.68,3.68,3.68,"same_as_strict (1.0 result, not re-checked)",Connection,Other,SKOS,1,,2018-02-03T00:00:00.000+00:00,https://bioportal.bioontology.org/ontologies/DCCDFV
bioportal,DCM,DICOM Controlled Terminology,scored,10.0,6.49,6.49,0.0,4.0,5.1225000000000005,5.12,5.1225000000000005,5.12,"same_as_strict (1.0 result, not re-checked)",Connection,Imaging,OWL,57,2026d_20260919,2026-09-19T00:00:00.000+00:00,https://bioportal.bioontology.org/ontologies/DCM
bioportal,DCMITYPE,DCMI Type Vocabulary,scored,10.0,6.24,6.24,5.98,4.0,6.555000000000001,6.56,6.555000000000001,6.56,"same_as_strict (1.0 result, not re-checked)",Flat,Other,OWL,4,,2014-12-02T00:00:00.000+00:00,https://bioportal.bioontology.org/ontologies/DCMITYPE
bioportal,DCO,Dispedia Core Ontology,scored,5.4,0.43,0.43,0.0,7.0,3.2075,3.21,3.2075,3.21,"same_as_strict (1.0 result, not re-checked)",Connection,Health;Human;Other;Vocabularies,OWL,34,0.7.0.0002,2015-03-05T10:11:07.000-08:00,https://bioportal.bioontology.org/ontologies/DCO
bioportal,DCT,DC Terms,scored,9.71,5.64,5.64,0.0,6.0,5.3375,5.34,5.3375,5.34,"same_as_strict (1.0 result, not re-checked)",Connection,Other,OWL,1,,2017-12-09T00:00:00.000+00:00,https://bioportal.bioontology.org/ontologies/DCT
bioportal,DCTERMS,DCMI Metadata Terms: properties in /terms/ namespace,scored,9.71,5.64,5.64,0.0,6.0,5.3375,5.34,5.3375,5.34,"same_as_strict (1.0 result, not re-checked)",Connection,Vocabularies,SKOS,1,,2012-06-04T00:00:00.000+00:00,https://bioportal.bioontology.org/ontologies/DCTERMS
bioportal,DDANAT,Dictyostelium Discoideum Anatomy Ontology,scored,9.93,6.49,6.49,8.17,10.0,8.6475,8.65,8.6475,8.65,"same_as_strict (1.0 result, not re-checked)",Define,Anatomy;Gross_Anatomy;Microbial_Anatomy,OBO,24,1.19,2024-01-09T18:09:59.000-08:00,https://bioportal.bioontology.org/ontologies/DDANAT
bioportal,DDI,Ontology for Drug Discovery Investigations,scored,9.81,5.7,5.7,3.96,10.0,7.367500000000001,7.37,7.367500000000001,7.37,"same_as_strict (1.0 result, not re-checked)",Connection,,OWL,2,$Revision$,2011-01-01T00:00:00.000-08:00,https://bioportal.bioontology.org/ontologies/DDI
bioportal,DDIEM,Drug Database for Inborn Errors of Metabolism (DDIEM) Ontology,scored,10.0,5.15,5.15,1.8,10.0,6.7375,6.74,6.7375,6.74,"same_as_strict (1.0 result, not re-checked)",Connection,Biomedical_Resources,OWL,4,1.2,2019-12-30T00:00:00.000+00:00,https://bioportal.bioontology.org/ontologies/DDIEM
bioportal,DDPHENO,Dictyostelium Discoideum Phenotype Ontology,scored,9.99,6.02,6.02,6.96,10.0,8.2425,8.24,8.2425,8.24,"same_as_strict (1.0 result, not re-checked)",Define,Anatomy,OBO,508,,2026-03-24T18:02:51.000-07:00,https://bioportal.bioontology.org/ontologies/DDPHENO
bioportal,DDSIO,Diabetic Drug Side Effects and Interactions Ontology,scored,5.83,0.0,0.0,6.28,8.0,5.0275,5.03,5.0275,5.03,"same_as_strict (1.0 result, not re-checked)",Define,Health,OWL,1,1.0.0,2026-08-21T00:00:00.000+00:00,https://bioportal.bioontology.org/ontologies/DDSIO
bioportal,DDSS,Health_ontology,scored,9.96,0.15,0.15,7.45,10.0,6.890000000000001,6.89,6.890000000000001,6.89,"same_as_strict (1.0 result, not re-checked)",Define,,OWL,1,,2024-07-04T00:00:00.000+00:00,https://bioportal.bioontology.org/ontologies/DDSS
bioportal,DEB,"Devices, Experimental scaffolds and Biomaterials Ontology",scored,9.95,0.41,0.41,0.0,10.0,5.09,5.09,5.09,5.09,"same_as_strict (1.0 result, not re-checked)",Connection,Biomedical_Resources,OWL,7,4.0,2021-06-02T00:00:00.000+00:00,https://bioportal.bioontology.org/ontologies/DEB
bioportal,DECIDE,DECIDE ONTOLOGY,scored,6.12,3.23,3.23,0.0,7.0,4.0875,4.09,4.0875,4.09,"same_as_strict (1.0 result, not re-checked)",Connection,All_Organisms,OWL,2,Version 1.2,2022-12-03T00:00:00.000+00:00,https://bioportal.bioontology.org/ontologies/DECIDE
bioportal,DEMLAB,Dem@Care Lab Ontology for Dementia Assessment,scored,9.31,5.08,5.08,3.77,9.0,6.79,6.79,6.79,6.79,"same_as_strict (1.0 result, not re-checked)",Connection,,OWL,1,1.0,2014-09-02T00:00:00.000+00:00,https://bioportal.bioontology.org/ontologies/DEMLAB
bioportal,DERMLEX,Dermatology Lexicon,scored,9.98,0.0,0.0,7.74,10.0,6.93,6.93,6.93,6.93,"same_as_strict (1.0 result, not re-checked)",Define,Health,OWL,4,1,2009-04-30T00:00:00.000-07:00,https://bioportal.bioontology.org/ontologies/DERMLEX
bioportal,DERMO,Human Dermatological Disease Ontology,scored,10.0,0.39,0.39,4.08,10.0,6.1175,6.12,6.1175,6.12,http://purl.obolibrary.org/obo/def [bioportal_definitionProperty],Define,Biomedical_Resources,OBO,10,1.19,2015-10-12T18:01:38.000-07:00,https://bioportal.bioontology.org/ontologies/DERMO
bioportal,DFO,Databank Family Ontology,scored,10.0,0.0,0.0,0.0,7.0,4.25,4.25,4.25,4.25,"same_as_strict (1.0 result, not re-checked)",Define,Biomedical_Resources,OWL,1,0.1,2021-10-08T00:00:00.000+00:00,https://bioportal.bioontology.org/ontologies/DFO
bioportal,DHMO,RADx Data Hub Metadata Ontology,scored,10.0,0.31,0.31,0.0,0.0,2.5775,2.58,2.5775,2.58,"same_as_strict (1.0 result, not re-checked)",Connection,Vocabularies,SKOS,1,2024-11-06,2024-11-26T00:00:00.000+00:00,https://bioportal.bioontology.org/ontologies/DHMO
bioportal,DIAB,BioMedBridges Diabetes Ontology,scored,9.97,5.74,5.74,8.46,9.0,8.2925,8.29,8.2925,8.29,"same_as_strict (1.0 result, not re-checked)",Define,,OWL,73,2.0,2015-11-27T00:00:00.000+00:00,https://bioportal.bioontology.org/ontologies/DIAB
bioportal,DIAGONT,Diagnostic Ontology,scored,9.42,1.7,1.7,1.35,10.0,5.6175,5.62,5.6175,5.62,"same_as_strict (1.0 result, not re-checked)",Connection,,OWL,1,2.0,2011-12-15T00:00:00.000-08:00,https://bioportal.bioontology.org/ontologies/DIAGONT
bioportal,DICOM,Healthcare metadata - DICOM ontology,scored,9.99,0.0,0.0,3.27,4.0,4.3149999999999995,4.31,4.3149999999999995,4.31,"same_as_strict (1.0 result, not re-checked)",Define,,OWL,2,v2015-01-11,2013-04-29T00:00:00.000+00:00,https://bioportal.bioontology.org/ontologies/DICOM
bioportal,DIDEO,Drug Interaction and Evidence Ontology,scored,10.0,5.45,5.45,2.63,10.0,7.02,7.02,7.02,7.02,"same_as_strict (1.0 result, not re-checked)",Connection,Health,OWL,48,release version 2017-11-17,2017-10-15T18:01:33.000-07:00,https://bioportal.bioontology.org/ontologies/DIDEO
bioportal,DIKB,Drug Interaction Knowledge Base Ontology,scored,9.35,6.2,6.2,3.42,9.0,6.9925,6.99,6.9925,6.99,"same_as_strict (1.0 result, not re-checked)",Connection,Vocabularies,OWL,5,Version 1.6,2015-05-18T00:00:00.000+00:00,https://bioportal.bioontology.org/ontologies/DIKB
bioportal,DILON,Dietary lifestyle ontology,scored,9.64,0.06,0.06,2.21,10.0,5.4775,5.48,5.4775,5.48,"same_as_strict (1.0 result, not re-checked)",Define,Health;Human,OWL,2,2,2021-11-02T00:00:00.000+00:00,https://bioportal.bioontology.org/ontologies/DILON
bioportal,DINTO,The Drug-Drug Interactions Ontology,scored,9.99,0.05,2.53,5.86,10.0,6.4750000000000005,6.48,7.095,7.1,http://purl.obolibrary.org/obo#Definition [bioportal_definitionProperty]; http://purl.obolibrary.org#Definition [detected_by_name (11731 uses)],Define,Health,OWL,5,1.3,2015-08-26T00:00:00.000+00:00,https://bioportal.bioontology.org/ontologies/DINTO
bioportal,DISDRIV,Disease Drivers Ontology,scored,9.88,6.46,6.46,7.51,10.0,8.4625,8.46,8.4625,8.46,"same_as_strict (1.0 result, not re-checked)",Define,Other,OWL,5,2026-03-31,2026-03-31T18:02:28.000-07:00,https://bioportal.bioontology.org/ontologies/DISDRIV
bioportal,DLORO,Dependency Layered Ontology for Radiation Oncology,scored,9.97,1.62,1.62,3.01,10.0,6.15,6.15,6.15,6.15,"same_as_strict (1.0 result, not re-checked)",Define,Human;Vocabularies,OWL,3,1.3,2025-09-25T00:00:00.000+00:00,https://bioportal.bioontology.org/ontologies/DLORO
bioportal,DMDSONT,Diabetes Mellitus Diagnosis and Support Ontology ,scored,4.75,2.54,2.54,5.4,0.0,3.1725000000000003,3.17,3.1725000000000003,3.17,"same_as_strict (1.0 result, not re-checked)",Flat,Health,OWL,1,ver 1.0,2022-09-27T00:00:00.000+00:00,https://bioportal.bioontology.org/ontologies/DMDSONT
bioportal,DMTO,Diabetes Mellitus Treatment Ontology,scored,9.77,0.14,1.52,0.35,10.0,5.0649999999999995,5.06,5.41,5.41,http://purl.obolibrary.org#Definition [detected_by_name (2340 uses)]; http://purl.obolibrary.org/obo/DDO.owl#DDO_0099998 [detected_by_name (3 uses)],Define,Health;Human,OWL,5,2015-11-20,2017-05-10T00:00:00.000+00:00,https://bioportal.bioontology.org/ontologies/DMTO
bioportal,DOCCC,Diagnosis Ontology of Clinical Care Classification,scored,9.95,0.0,0.0,0.0,10.0,4.9875,4.99,4.9875,4.99,"same_as_strict (1.0 result, not re-checked)",Define,Health,OWL,3,20131004,2013-10-04T00:00:00.000+00:00,https://bioportal.bioontology.org/ontologies/DOCCC
bioportal,DOID,Human Disease Ontology,scored,10.0,3.92,3.92,5.5,10.0,7.355,7.36,7.355,7.36,"same_as_strict (1.0 result, not re-checked)",Define,Biomedical_Resources;Health;Human;Neurologic_Disease;Neurological_Disorder,OWL,675,2026-08-31,2026-08-31T18:03:21.000-07:00,https://bioportal.bioontology.org/ontologies/DOID
bioportal,DOREMUS-KEYS,Doremus List of Keys,scored,9.71,0.21,0.21,0.0,0.0,2.4800000000000004,2.48,2.4800000000000004,2.48,"same_as_strict (1.0 result, not re-checked)",Connection,,SKOS,3,,2018-06-30T00:00:00.000+00:00,https://bioportal.bioontology.org/ontologies/DOREMUS-KEYS
bioportal,DOVES,Digital medicine Outcomes Value Set (DOVeS) Ontology,scored,10.0,5.47,5.47,0.6,10.0,6.5175,6.52,6.5175,6.52,"same_as_strict (1.0 result, not re-checked)",Connection,Health;Human,OWL,5,v1.0.0,2026-07-27T00:00:00.000+00:00,https://bioportal.bioontology.org/ontologies/DOVES
bioportal,DPCO,Diabetes Pharmacology Ontology,scored,8.32,2.41,2.41,1.82,10.0,5.6375,5.64,5.6375,5.64,"same_as_strict (1.0 result, not re-checked)",Connection,Biomedical_Resources;Health,OWL,2,1.0,2022-10-31T00:00:00.000+00:00,https://bioportal.bioontology.org/ontologies/DPCO
bioportal,DPO,Drosophila Phenotype Ontology,scored,10.0,5.98,5.98,7.98,10.0,8.49,8.49,8.49,8.49,"same_as_strict (1.0 result, not re-checked)",Define,Phenotype,OWL,43,2026-07-10,2026-07-10T18:03:10.000-07:00,https://bioportal.bioontology.org/ontologies/DPO
bioportal,DRANPTO,Dementia-Related Agitation Non-Pharmacological Treatment Ontology,scored,9.98,6.44,6.44,1.99,10.0,7.1025,7.1,7.1025,7.1,"same_as_strict (1.0 result, not re-checked)",Connection,Health;Taxonomic_Classification;Vocabularies,OWL,1,Version 1.0,2020-06-06T00:00:00.000+00:00,https://bioportal.bioontology.org/ontologies/DRANPTO
bioportal,DREAMDNPTO,Dementia-Related Emotional And Mood Disturbance Non-Pharmacological Treatment Ontology,scored,9.99,6.45,6.45,0.83,10.0,6.8175,6.82,6.8175,6.82,"same_as_strict (1.0 result, not re-checked)",Connection,Health;Taxonomic_Classification;Vocabularies,OWL,1,v1.0,2022-06-12T00:00:00.000+00:00,https://bioportal.bioontology.org/ontologies/DREAMDNPTO
bioportal,DREDTO,Ontology of cyberdiseases - diseases resulting from exposure to digital technologies,scored,9.97,0.13,0.13,6.83,10.0,6.7325,6.73,6.7325,6.73,"same_as_strict (1.0 result, not re-checked)",Define,Health;Human,OWL,1,1.0,2026-09-08T00:00:00.000+00:00,https://bioportal.bioontology.org/ontologies/DREDTO
bioportal,DRMO,Dental Restorative Material Ontology,parse_failed,,,,,,,,,,,,Health,OWL,1,,2023-05-09T00:00:00.000+00:00,https://bioportal.bioontology.org/ontologies/DRMO
bioportal,DRON,The Drug Ontology,scored,10.0,0.05,0.05,7.52,10.0,6.8925,6.89,6.8925,6.89,"same_as_strict (1.0 result, not re-checked)",Define,Health;Human,OWL,35,2026-09-19,2026-09-20T18:02:57.000-07:00,https://bioportal.bioontology.org/ontologies/DRON
bioportal,DRPSNPTO,Dementia-Related Psychotic Symptoms Non-Pharmacological Treatment Ontology,scored,9.98,6.44,6.44,1.95,10.0,7.0925,7.09,7.0925,7.09,"same_as_strict (1.0 result, not re-checked)",Connection,Health;Taxonomic_Classification;Vocabularies,OWL,1,v1.0,2021-03-08T00:00:00.000+00:00,https://bioportal.bioontology.org/ontologies/DRPSNPTO
bioportal,DSAV,Digital Specimen Accessibility Vocabulary,no_submission,,,,,,,,,,,,Biological_Process,,-1,,,https://bioportal.bioontology.org/ontologies/DSAV
bioportal,DSEO,Data Science Education Ontology,scored,9.92,6.61,6.61,0.0,10.0,6.6325,6.63,6.6325,6.63,"same_as_strict (1.0 result, not re-checked)",Connection,Biomedical_Resources;Other,OWL,4,1.1,2018-09-26T00:00:00.000+00:00,https://bioportal.bioontology.org/ontologies/DSEO
bioportal,DSIP,Pharmacy mock data,empty,0.0,0.0,0.0,0.0,0.0,0.0,0.0,0.0,0.0,same_as_strict,Describe,Other,SKOS,1,,2022-12-01T00:00:00.000+00:00,https://bioportal.bioontology.org/ontologies/DSIP
bioportal,DSIP1V,DSIP1_vocabulary,scored,9.17,4.11,4.11,0.0,0.0,3.3200000000000003,3.32,3.3200000000000003,3.32,"same_as_strict (1.0 result, not re-checked)",Connection,Vocabularies,SKOS,2,,2023-10-29T00:00:00.000+00:00,https://bioportal.bioontology.org/ontologies/DSIP1V
bioportal,DSIP2324_DEMO,DSIP2324_Demonstration,scored,9.44,4.94,4.94,0.0,0.0,3.5949999999999998,3.6,3.5949999999999998,3.6,"same_as_strict (1.0 result, not re-checked)",Connection,Other,SKOS,2,0.2,2023-10-11T00:00:00.000+00:00,https://bioportal.bioontology.org/ontologies/DSIP2324_DEMO
bioportal,DSIP7,DSIP_FieldLab_7,scored,9.63,5.41,5.41,0.0,0.0,3.7600000000000002,3.76,3.7600000000000002,3.76,"same_as_strict (1.0 result, not re-checked)",Connection,Vocabularies,OWL,1,,2023-11-02T00:00:00.000+00:00,https://bioportal.bioontology.org/ontologies/DSIP7
bioportal,DSIP8,DSIP8REFUGEE,scored,9.44,4.92,4.92,0.0,0.0,3.59,3.59,3.59,3.59,"same_as_strict (1.0 result, not re-checked)",Connection,,SKOS,3,,2023-10-28T00:00:00.000+00:00,https://bioportal.bioontology.org/ontologies/DSIP8
bioportal,DSIPF7,DSIP FiledLab7 ,scored,9.63,5.41,5.41,0.0,0.0,3.7600000000000002,3.76,3.7600000000000002,3.76,"same_as_strict (1.0 result, not re-checked)",Connection,,OWL,3,,2023-10-31T00:00:00.000+00:00,https://bioportal.bioontology.org/ontologies/DSIPF7
bioportal,DSIPFL7,DSIP_Fieldlab_7,scored,9.66,5.37,5.37,0.0,0.0,3.7575000000000003,3.76,3.7575000000000003,3.76,"same_as_strict (1.0 result, not re-checked)",Connection,Human;Vocabularies,SKOS,12,latest_v1,2023-11-09T00:00:00.000+00:00,https://bioportal.bioontology.org/ontologies/DSIPFL7
bioportal,DSIP_FL_7,DSIP_FL_7,scored,9.63,5.41,5.41,0.0,0.0,3.7600000000000002,3.76,3.7600000000000002,3.76,"same_as_strict (1.0 result, not re-checked)",Connection,,OWL,1,v1,2023-11-02T00:00:00.000+00:00,https://bioportal.bioontology.org/ontologies/DSIP_FL_7
bioportal,DTO,Drug Target Ontology,scored,10.0,4.61,4.61,4.09,10.0,7.175,7.18,7.175,7.18,"same_as_strict (1.0 result, not re-checked)",Connection,Chemical;Gene_Product;Human;Molecule;Other;Protein,OWL,5,1.1.1,2018-02-15T00:00:00.000+00:00,https://bioportal.bioontology.org/ontologies/DTO
bioportal,DUO,The Data Use Ontology,scored,10.0,5.59,5.59,3.73,10.0,7.33,7.33,7.33,7.33,"same_as_strict (1.0 result, not re-checked)",Connection,,OWL,8,,2021-02-23T18:04:53.000-08:00,https://bioportal.bioontology.org/ontologies/DUO
bioportal,E-PPO,Enhanced Personal Profile Ontology,scored,0.0,0.0,0.0,0.0,10.0,2.5,2.5,2.5,2.5,"same_as_strict (1.0 result, not re-checked)",Describe,Human,OWL,1,,2021-09-24T00:00:00.000+00:00,https://bioportal.bioontology.org/ontologies/E-PPO
bioportal,EBP,EmpowerBP,scored,9.6,6.32,6.32,7.21,8.0,7.7825,7.78,7.7825,7.78,"same_as_strict (1.0 result, not re-checked)",Define,Health;Human,OWL,2,2.5,2018-02-21T00:00:00.000+00:00,https://bioportal.bioontology.org/ontologies/EBP
bioportal,ECAO,The Echinoderm Anatomy and Development Ontology,scored,10.0,5.83,5.83,8.58,10.0,8.6025,8.6,8.6025,8.6,"same_as_strict (1.0 result, not re-checked)",Define,Anatomy,OWL,7,,2025-05-15T18:02:37.000-07:00,https://bioportal.bioontology.org/ontologies/ECAO
bioportal,ECDO,Elderly Care Dementia Ontology,scored,9.82,5.99,5.99,0.0,0.0,3.9525,3.95,3.9525,3.95,"same_as_strict (1.0 result, not re-checked)",Connection,Health,SKOS,1,,2023-12-18T00:00:00.000+00:00,https://bioportal.bioontology.org/ontologies/ECDO
bioportal,ECG,Electrocardiography Ontology,scored,10.0,1.54,4.41,0.41,10.0,5.4875,5.49,6.205,6.2,http://purl.org/dc/elements/1.1/description [bioportal_definitionProperty],Connection,Biomedical_Resources,OWL,12,1,2014-09-09T00:00:00.000-07:00,https://bioportal.bioontology.org/ontologies/ECG
bioportal,ECM4M-MD-VOCABS,EarthCube M4M Metadata Vocabulary,scored,9.7,3.89,3.89,0.0,0.0,3.3975,3.4,3.3975,3.4,"same_as_strict (1.0 result, not re-checked)",Connection,Other;Vocabularies,SKOS,4,0.1.2,2022-09-08T18:04:51.000-07:00,https://bioportal.bioontology.org/ontologies/ECM4M-MD-VOCABS
bioportal,ECO,Evidence and Conclusion Ontology,scored,10.0,6.44,6.44,8.02,10.0,8.615,8.62,8.615,8.62,"same_as_strict (1.0 result, not re-checked)",Define,Other,OBO,128,releases/2025-06-23,2026-07-10T18:03:40.000-07:00,https://bioportal.bioontology.org/ontologies/ECO
bioportal,ECOCORE,An ontology of core ecological entities,scored,10.0,5.93,5.93,8.16,10.0,8.5225,8.52,8.5225,8.52,"same_as_strict (1.0 result, not re-checked)",Define,Other,OWL,10,2026-08-31,2026-08-31T18:04:07.000-07:00,https://bioportal.bioontology.org/ontologies/ECOCORE
bioportal,ECOSIM,ecosim ontology,scored,5.0,0.0,0.0,0.0,0.0,1.25,1.25,1.25,1.25,"same_as_strict (1.0 result, not re-checked)",Define,Other,OWL,4,2025-05-29,2025-05-29T18:02:41.000-07:00,https://bioportal.bioontology.org/ontologies/ECOSIM
bioportal,ECP,Electronic Care Plan,scored,9.78,0.0,0.0,2.41,9.0,5.297499999999999,5.3,5.297499999999999,5.3,"same_as_strict (1.0 result, not re-checked)",Define,Health;Taxonomic_Classification;Vocabularies,OWL,2,0.6,2015-10-13T00:00:00.000+00:00,https://bioportal.bioontology.org/ontologies/ECP
bioportal,ECSO,The Ecosystem Ontology,scored,9.97,1.45,1.45,0.82,10.0,5.5600000000000005,5.56,5.5600000000000005,5.56,"same_as_strict (1.0 result, not re-checked)",Connection,Other,OWL,64,0.9,2019-09-20T00:00:00.000+00:00,https://bioportal.bioontology.org/ontologies/ECSO
bioportal,ECTO,"Environmental conditions, treatments and exposures ontology",scored,10.0,5.04,5.04,6.59,10.0,7.9075,7.91,7.9075,7.91,"same_as_strict (1.0 result, not re-checked)",Define,Other,OWL,13,2026-07-28,2026-07-28T18:03:20.000-07:00,https://bioportal.bioontology.org/ontologies/ECTO
bioportal,EDAM,EDAM - The ontology of data analysis and management,scored,10.0,6.57,6.57,1.07,10.0,6.91,6.91,6.91,6.91,"same_as_strict (1.0 result, not re-checked)",Connection,All_Organisms;Biomedical_Resources;Genomic_and_Proteomic;Other,OWL,44,1.25-20260626T1230Z,2026-06-26T00:00:00.000+00:00,https://bioportal.bioontology.org/ontologies/EDAM
bioportal,EDAM-BIOIMAGING,EDAM Bioimaging ontology,scored,9.98,2.02,2.02,0.71,10.0,5.6775,5.68,5.6775,5.68,"same_as_strict (1.0 result, not re-checked)",Connection,All_Organisms;Imaging;Other,OWL,7,1.0alpha_pre-pre-release-20251026T0104Z,2025-10-26T00:00:00.000+00:00,https://bioportal.bioontology.org/ontologies/EDAM-BIOIMAGING
bioportal,EDDA,EDDA Study Designs Taxonomy,scored,9.98,0.0,2.69,0.03,10.0,5.0024999999999995,5.0,5.675,5.68,http://ontologies.dbmi.pitt.edu/edda/TermMapping.owl#Definition [bioportal_definitionProperty + detected_by_name],Define,Experimental_Conditions;Vocabularies,OWL,11,2.0,2016-07-16T00:00:00.000+00:00,https://bioportal.bioontology.org/ontologies/EDDA
bioportal,EDDA_PT,EDDA Publication Types Taxonomy,scored,9.89,0.07,2.89,0.0,10.0,4.99,4.99,5.695,5.7,http://ontologies.dbmi.pitt.edu/edda/TermMapping.owl#Definition [bioportal_definitionProperty + detected_by_name],Connection,Experimental_Conditions;Vocabularies,OWL,1,1.0,2016-07-18T00:00:00.000+00:00,https://bioportal.bioontology.org/ontologies/EDDA_PT
bioportal,EDEM-CONNECTONTO,eDEM-Connect: Ontology of Dementia-related Agitation and Relationship between Informal Caregivers and Persons with Dementia,scored,10.0,3.29,3.29,0.05,10.0,5.835,5.84,5.835,5.84,"same_as_strict (1.0 result, not re-checked)",Connection,Health;Taxonomic_Classification;Vocabularies,OWL,2,Version_2.0,2025-12-29T00:00:00.000+00:00,https://bioportal.bioontology.org/ontologies/EDEM-CONNECTONTO
bioportal,EDONTOLOGY,Emergency Department Ontology,scored,4.22,0.07,0.07,5.62,10.0,4.9775,4.98,4.9775,4.98,"same_as_strict (1.0 result, not re-checked)",Define,Health;Vocabularies,OWL,2,,2025-12-13T00:00:00.000+00:00,https://bioportal.bioontology.org/ontologies/EDONTOLOGY
bioportal,EFO,Experimental Factor Ontology,scored,10.0,5.71,5.71,7.0,10.0,8.1775,8.18,8.1775,8.18,http://www.ebi.ac.uk/efo/definition [bioportal_definitionProperty],Define,Biological_Process;Experimental_Conditions,OWL,292,3.94.0,2026-09-15T18:03:17.000-07:00,https://bioportal.bioontology.org/ontologies/EFO
bioportal,EGO,Epigenome Ontology,scored,9.95,6.37,6.37,3.77,10.0,7.5225,7.52,7.5225,7.52,"same_as_strict (1.0 result, not re-checked)",Connection,Genomic_and_Proteomic;Health;Molecule,OWL,1,Arbor version; 1.0.1,2016-06-30T00:00:00.000+00:00,https://bioportal.bioontology.org/ontologies/EGO
bioportal,EHDA,"Human Developmental Anatomy Ontology, timed version",scored,10.0,0.0,0.0,7.67,9.0,6.6675,6.67,6.6675,6.67,"same_as_strict (1.0 result, not re-checked)",Define,Anatomy;Animal_Gross_Anatomy;Gross_Anatomy;Human_Developmental_Anatomy,OBO,7,unknown,2011-02-15T00:00:00.000-08:00,https://bioportal.bioontology.org/ontologies/EHDA
bioportal,EHDAA,"Human Developmental Anatomy Ontology, abstract version 1",scored,10.0,0.0,0.0,7.68,10.0,6.92,6.92,6.92,6.92,"same_as_strict (1.0 result, not re-checked)",Define,Anatomy;Animal_Gross_Anatomy;Gross_Anatomy;Human_Developmental_Anatomy,OBO,7,unknown,2011-02-15T00:00:00.000-08:00,https://bioportal.bioontology.org/ontologies/EHDAA
bioportal,EHDAA2,"Human Developmental Anatomy Ontology, abstract version 2",scored,10.0,0.55,0.55,8.85,10.0,7.35,7.35,7.35,7.35,"same_as_strict (1.0 result, not re-checked)",Define,Anatomy;Animal_Gross_Anatomy;Gross_Anatomy;Human_Developmental_Anatomy,OBO,34,releases/2024-01-11,2024-01-11T18:05:36.000-08:00,https://bioportal.bioontology.org/ontologies/EHDAA2
bioportal,ELD,EthiopianListOfDiseases,scored,10.0,6.63,6.63,0.0,0.0,4.1575,4.16,4.1575,4.16,"same_as_strict (1.0 result, not re-checked)",Connection,Vocabularies,SKOS,5,4,2021-07-23T00:00:00.000+00:00,https://bioportal.bioontology.org/ontologies/ELD
bioportal,ELECTRICA,"Ontology for ELEctronic tool for Clinicians, Trainers and Researchers In Child Abuse",scored,9.91,0.31,0.31,0.3,10.0,5.130000000000001,5.13,5.130000000000001,5.13,"same_as_strict (1.0 result, not re-checked)",Connection,,OWL,7,2024-09-09,2024-09-09T00:00:00.000+00:00,https://bioportal.bioontology.org/ontologies/ELECTRICA
bioportal,ELIG,Eligibility Feature Hierarchy,scored,9.69,0.0,0.0,0.0,10.0,4.922499999999999,4.92,4.922499999999999,4.92,"same_as_strict (1.0 result, not re-checked)",Define,,OWL,1,v. 1.0,2013-05-07T00:00:00.000-07:00,https://bioportal.bioontology.org/ontologies/ELIG
bioportal,ELTER_CL,eLTER Controlled Lists,scored,9.78,0.89,0.89,0.0,0.0,2.6675,2.67,2.6675,2.67,"same_as_strict (1.0 result, not re-checked)",Connection,Other,SKOS,58,1.1.1,2026-03-13T22:04:33.000-07:00,https://bioportal.bioontology.org/ontologies/ELTER_CL
bioportal,EMAP,Mouse Gross Anatomy and Development Ontology,scored,10.0,0.0,0.0,7.69,10.0,6.9225,6.92,6.9225,6.92,"same_as_strict (1.0 result, not re-checked)",Define,Anatomy;Animal_Gross_Anatomy;Gross_Anatomy;Mouse_Anatomy,OBO,7,unknown,2016-02-10T00:00:00.000+00:00,https://bioportal.bioontology.org/ontologies/EMAP
bioportal,EMAPA,"Mouse gross anatomy and development, timed",scored,10.0,0.17,0.17,7.19,10.0,6.84,6.84,6.84,6.84,"same_as_strict (1.0 result, not re-checked)",Define,Anatomy,OWL,48,,2022-11-04T18:05:44.000-07:00,https://bioportal.bioontology.org/ontologies/EMAPA
bioportal,EMIF-AD,EMIF-AD ontology,scored,10.0,0.21,0.21,0.0,10.0,5.0525,5.05,5.0525,5.05,"same_as_strict (1.0 result, not re-checked)",Connection,Health;Neurologic_Disease,OWL,3,0.0.2,2020-12-10T00:00:00.000+00:00,https://bioportal.bioontology.org/ontologies/EMIF-AD
bioportal,EMO,Enzyme Mechanism Ontology,scored,9.94,1.79,1.79,2.55,10.0,6.07,6.07,6.07,6.07,"same_as_strict (1.0 result, not re-checked)",Define,Protein,OWL,1,,2011-06-29T00:00:00.000+00:00,https://bioportal.bioontology.org/ontologies/EMO
bioportal,EMRO,Emotion Response Ontology,scored,10.0,6.39,6.39,6.01,9.0,7.85,7.85,7.85,7.85,"same_as_strict (1.0 result, not re-checked)",Connection,Human,OWL,12,2026-08-24,2025-11-24T00:00:00.000+00:00,https://bioportal.bioontology.org/ontologies/EMRO
bioportal,ENDOH,Environmental Determinants of Health,scored,0.0,0.0,0.0,0.0,10.0,2.5,2.5,2.5,2.5,"same_as_strict (1.0 result, not re-checked)",Describe,Health;Human,OWL,2,BETA,2024-11-24T00:00:00.000+00:00,https://bioportal.bioontology.org/ontologies/ENDOH
bioportal,ENM,eNanoMapper,scored,10.0,5.75,5.75,0.65,10.0,6.6,6.6,6.6,6.6,"same_as_strict (1.0 result, not re-checked)",Connection,Chemical;Health,OWL,34,10.0,2023-07-12T18:04:30.000-07:00,https://bioportal.bioontology.org/ontologies/ENM
bioportal,ENTITY,ISO-15926-2_2003_entityMembership,scored,4.09,0.0,0.0,5.1,10.0,4.797499999999999,4.8,4.797499999999999,4.8,"same_as_strict (1.0 result, not re-checked)",Define,Other,OWL,1,Created 2008-07-14. Version 1.0.,2016-01-08T00:00:00.000+00:00,https://bioportal.bioontology.org/ontologies/ENTITY
bioportal,ENVO,Environment Ontology,scored,10.0,4.9,4.9,5.4,10.0,7.575,7.58,7.575,7.58,"same_as_strict (1.0 result, not re-checked)",Define,Experimental_Conditions;Other;Physicochemical,OWL,64,2026-06-26,2026-06-29T18:03:33.000-07:00,https://bioportal.bioontology.org/ontologies/ENVO
bioportal,ENVS_VARIABLES,ENVS variables,scored,9.33,3.54,3.54,0.0,0.0,3.2175000000000002,3.22,3.2175000000000002,3.22,"same_as_strict (1.0 result, not re-checked)",Connection,,SKOS,2,0.1.1,2021-09-27T18:03:42.000-07:00,https://bioportal.bioontology.org/ontologies/ENVS_VARIABLES
bioportal,ENVTHES,"Thesaurus for long-term ecological research, monitoring, experiments",scored,10.0,3.05,3.05,0.1,0.0,3.2875,3.29,3.2875,3.29,"same_as_strict (1.0 result, not re-checked)",Flat,Other,SKOS,54,5.0.16,2025-11-06T18:04:22.000-08:00,https://bioportal.bioontology.org/ontologies/ENVTHES
bioportal,EO,Ethnicity Ontoloy,scored,9.99,0.19,0.19,0.35,10.0,5.1325,5.13,5.1325,5.13,"same_as_strict (1.0 result, not re-checked)",Define,Other,OWL,1,1.0,2015-10-12T00:00:00.000+00:00,https://bioportal.bioontology.org/ontologies/EO
bioportal,EO1,Example Ontology,scored,9.64,5.8,5.8,0.0,0.0,3.8600000000000003,3.86,3.8600000000000003,3.86,"same_as_strict (1.0 result, not re-checked)",Connection,,SKOS,1,,2021-11-17T00:00:00.000+00:00,https://bioportal.bioontology.org/ontologies/EO1
bioportal,EOL,Environment Ontology for Livestock,scored,10.0,0.0,0.0,0.02,10.0,5.005,5.0,5.005,5.0,"same_as_strict (1.0 result, not re-checked)",Define,,OWL,1,,2014-10-22T00:00:00.000+00:00,https://bioportal.bioontology.org/ontologies/EOL
bioportal,EP,Cardiac Electrophysiology Ontology,scored,9.91,5.87,5.87,0.23,10.0,6.5025,6.5,6.5025,6.5,"same_as_strict (1.0 result, not re-checked)",Connection,Experimental_Conditions,OWL,2,1,2008-12-10T00:00:00.000-08:00,https://bioportal.bioontology.org/ontologies/EP
bioportal,EPIE,Epigenetic Entity,scored,10.0,5.73,5.73,1.92,10.0,6.9125,6.91,6.9125,6.91,"same_as_strict (1.0 result, not re-checked)",Connection,Other,OWL,4,1.3,2019-05-01T00:00:00.000+00:00,https://bioportal.bioontology.org/ontologies/EPIE
bioportal,EPILONT,Epilepsy Ontology,scored,10.0,2.5,2.5,0.0,10.0,5.625,5.62,5.625,5.62,"same_as_strict (1.0 result, not re-checked)",Connection,Biomedical_Resources;Development;Health;Human;Neurologic_Disease;Neurological_Disorder;Vocabularies,OWL,2,V1,2011-07-18T00:00:00.000-07:00,https://bioportal.bioontology.org/ontologies/EPILONT
bioportal,EPIO,EpilepsyOntology,scored,10.0,5.84,5.84,2.49,10.0,7.0825,7.08,7.0825,7.08,"same_as_strict (1.0 result, not re-checked)",Connection,Neurological_Disorder,OWL,1,Version Release: 1.0.0,2021-11-08T00:00:00.000+00:00,https://bioportal.bioontology.org/ontologies/EPIO
bioportal,EPIP,Epigenetic Process,scored,10.0,6.42,6.42,2.98,10.0,7.3500000000000005,7.35,7.3500000000000005,7.35,"same_as_strict (1.0 result, not re-checked)",Connection,Biological_Process,OWL,4,1.3,2019-05-01T00:00:00.000+00:00,https://bioportal.bioontology.org/ontologies/EPIP
bioportal,EPISEM,Epilepsy Semiology,scored,10.0,0.02,0.02,0.07,10.0,5.0225,5.02,5.0225,5.02,"same_as_strict (1.0 result, not re-checked)",Define,Neurological_Disorder,OWL,8,5.0,2019-11-07T00:00:00.000+00:00,https://bioportal.bioontology.org/ontologies/EPISEM
bioportal,EPO,Early Pregnancy Ontology,scored,10.0,2.39,2.39,1.88,10.0,6.0675,6.07,6.0675,6.07,"same_as_strict (1.0 result, not re-checked)",Connection,Imaging,OWL,1,1.1,2016-05-28T00:00:00.000+00:00,https://bioportal.bioontology.org/ontologies/EPO
bioportal,EPSO,Epilepsy and Seizure Ontology,scored,9.99,1.59,1.59,2.3,10.0,5.97,5.97,5.97,5.97,"same_as_strict (1.0 result, not re-checked)",Define,All_Organisms;Human;Neurologic_Disease;Neurological_Disorder;Taxonomic_Classification,OWL,8,3.1,2025-05-29T00:00:00.000+00:00,https://bioportal.bioontology.org/ontologies/EPSO
bioportal,ERO,Eagle-I Research Resource Ontology,scored,10.0,3.99,3.99,0.81,10.0,6.2,6.2,6.2,6.2,"same_as_strict (1.0 result, not re-checked)",Connection,Biomedical_Resources,OWL,14,2013-08-02,2016-01-14T00:00:00.000+00:00,https://bioportal.bioontology.org/ontologies/ERO
bioportal,ESFO,Enzyme Structure Function Ontology,scored,10.0,5.92,5.92,6.64,7.0,7.39,7.39,7.39,7.39,"same_as_strict (1.0 result, not re-checked)",Define,Protein,OWL,1,1,2016-10-24T00:00:00.000+00:00,https://bioportal.bioontology.org/ontologies/ESFO
bioportal,ESO_C,Epilepsy Semiology Ontology,scored,10.0,0.0,0.0,0.0,10.0,5.0,5.0,5.0,5.0,"same_as_strict (1.0 result, not re-checked)",Define,Neurologic_Disease,OWL,1,1.0,2024-06-04T00:00:00.000+00:00,https://bioportal.bioontology.org/ontologies/ESO_C
bioportal,ESSO,Epilepsy Syndrome Seizure Ontology,scored,7.05,0.11,0.11,2.58,10.0,4.9350000000000005,4.94,4.9350000000000005,4.94,"same_as_strict (1.0 result, not re-checked)",Define,Neurologic_Disease,OWL,5,1.03,2015-08-16T00:00:00.000+00:00,https://bioportal.bioontology.org/ontologies/ESSO
bioportal,ETANC,ETHIOPIANC,scored,9.82,2.04,2.04,0.0,0.0,2.965,2.96,2.965,2.96,"same_as_strict (1.0 result, not re-checked)",Connection,Vocabularies,SKOS,2,0.2,2021-09-02T00:00:00.000+00:00,https://bioportal.bioontology.org/ontologies/ETANC
bioportal,ETHANC,ETHANC,scored,9.7,3.4,3.4,0.0,0.0,3.275,3.28,3.275,3.28,"same_as_strict (1.0 result, not re-checked)",Connection,Vocabularies,SKOS,16,14,2021-07-05T00:00:00.000+00:00,https://bioportal.bioontology.org/ontologies/ETHANC
bioportal,ETHOPD,Ethiopian OPD,scored,9.84,0.8,0.8,0.0,0.0,2.66,2.66,2.66,2.66,"same_as_strict (1.0 result, not re-checked)",Connection,Vocabularies,SKOS,1,0.3,2021-09-17T00:00:00.000+00:00,https://bioportal.bioontology.org/ontologies/ETHOPD
bioportal,EUPATH,VEuPathDB Ontology,scored,10.0,4.74,4.74,1.74,10.0,6.62,6.62,6.62,6.62,"same_as_strict (1.0 result, not re-checked)",Connection,Biomedical_Resources,OWL,19,2023-05-30,2023-06-01T18:11:19.000-07:00,https://bioportal.bioontology.org/ontologies/EUPATH
bioportal,EVI,Evidence Graph Ontology,scored,10.0,6.3,6.3,0.67,10.0,6.742500000000001,6.74,6.742500000000001,6.74,"same_as_strict (1.0 result, not re-checked)",Connection,Biological_Process;Biomedical_Resources;Experimental_Conditions;Other,OWL,14,1.6,2020-07-27T00:00:00.000+00:00,https://bioportal.bioontology.org/ontologies/EVI
bioportal,EVORAO,European Viral Outbreak Response Alliance Ontology,scored,10.0,5.87,5.87,4.03,9.0,7.2250000000000005,7.22,7.2250000000000005,7.22,"same_as_strict (1.0 result, not re-checked)",Connection,Other,OWL,28,1.2.0,2024-12-12T00:00:00.000+00:00,https://bioportal.bioontology.org/ontologies/EVORAO
bioportal,EVS,Exposure Value Set,scored,9.87,5.68,5.68,0.0,0.0,3.8874999999999997,3.89,3.8874999999999997,3.89,"same_as_strict (1.0 result, not re-checked)",Connection,Chemical;Experimental_Conditions;Human;Vocabularies,SKOS,6,0.0.6,2025-06-20T00:00:00.000+00:00,https://bioportal.bioontology.org/ontologies/EVS
bioportal,EXACT,An ontology for experimental actions,scored,8.6,1.68,1.68,5.12,10.0,6.35,6.35,6.35,6.35,"same_as_strict (1.0 result, not re-checked)",Define,,OWL,2,2,2014-09-18T00:00:00.000+00:00,https://bioportal.bioontology.org/ontologies/EXACT
bioportal,EXMO,Exercise Medicine Ontology,scored,9.98,6.01,6.01,8.15,10.0,8.535,8.54,8.535,8.54,"same_as_strict (1.0 result, not re-checked)",Define,Health;Human,OWL,6,2025-06-05,2025-06-05T00:00:00.000+00:00,https://bioportal.bioontology.org/ontologies/EXMO
bioportal,EXO,Exposure Ontology,scored,9.94,6.2,6.2,4.23,10.0,7.5925,7.59,7.5925,7.59,"same_as_strict (1.0 result, not re-checked)",Connection,,OBO,12,2025-08-29,2025-09-09T09:05:46.000-07:00,https://bioportal.bioontology.org/ontologies/EXO
bioportal,EXON,Experimental Ontology,scored,6.36,0.0,0.0,0.0,6.0,3.09,3.09,3.09,3.09,"same_as_strict (1.0 result, not re-checked)",Define,,OWL,1,,2017-11-30T00:00:00.000+00:00,https://bioportal.bioontology.org/ontologies/EXON
bioportal,EXTRACT,EXTeRnAl Conditions Taxonomy (EXTRACT),scored,9.57,1.36,1.36,0.0,0.0,2.7325,2.73,2.7325,2.73,"same_as_strict (1.0 result, not re-checked)",Connection,,SKOS,2,v0.1.0,2023-05-23T18:05:38.000-07:00,https://bioportal.bioontology.org/ontologies/EXTRACT
bioportal,FALDO,Feature Annotation Location Description Ontology ,scored,10.0,5.35,5.35,2.15,7.0,6.125,6.12,6.125,6.12,"same_as_strict (1.0 result, not re-checked)",Connection,Other;Protein;Vocabularies,OWL,18,Created at the Biohackathon 2012 and 2013,2022-09-07T18:25:43.000-07:00,https://bioportal.bioontology.org/ontologies/FALDO
bioportal,FALL,MyOntoServiceFull_FallDetection,scored,6.55,0.0,0.0,3.6,7.0,4.2875,4.29,4.2875,4.29,"same_as_strict (1.0 result, not re-checked)",Define,,OWL,1,1,2015-03-19T00:00:00.000+00:00,https://bioportal.bioontology.org/ontologies/FALL
bioportal,FALLS,falls prevention ,scored,6.25,0.22,0.22,3.13,8.0,4.4,4.4,4.4,4.4,"same_as_strict (1.0 result, not re-checked)",Define,Health,OWL,1,0.1,2022-10-20T00:00:00.000+00:00,https://bioportal.bioontology.org/ontologies/FALLS
bioportal,FAO,Fungal Gross Anatomy Ontology,scored,9.92,6.17,6.17,7.71,10.0,8.45,8.45,8.45,8.45,"same_as_strict (1.0 result, not re-checked)",Define,Anatomy;Gross_Anatomy;Microbial_Anatomy,OWL,28,,2025-09-09T09:05:51.000-07:00,https://bioportal.bioontology.org/ontologies/FAO
bioportal,FARMACI,FARMACI AIFA,no_submission,,,,,,,,,,,,Health;Human,,-1,,,https://bioportal.bioontology.org/ontologies/FARMACI
bioportal,FAST-CHRONO,FAST (Faceted Access of Subject Terminology) Chronological Facet,scored,9.91,0.0,0.0,0.0,0.0,2.4775,2.48,2.4775,2.48,"same_as_strict (1.0 result, not re-checked)",Define,,SKOS,1,,2018-05-07T00:00:00.000+00:00,https://bioportal.bioontology.org/ontologies/FAST-CHRONO
bioportal,FAST-EVENT,FAST (Faceted Application of Subject Terminology) Event,scored,10.0,0.0,0.0,0.0,0.0,2.5,2.5,2.5,2.5,"same_as_strict (1.0 result, not re-checked)",Define,,OWL,1,,2017-04-14T00:00:00.000+00:00,https://bioportal.bioontology.org/ontologies/FAST-EVENT
bioportal,FAST-EVENT-SKOS,FAST (Faceted Application of Subject Terminology) Event Facet,scored,10.0,0.0,0.0,0.0,0.0,2.5,2.5,2.5,2.5,"same_as_strict (1.0 result, not re-checked)",Define,,SKOS,1,,2017-04-14T00:00:00.000+00:00,https://bioportal.bioontology.org/ontologies/FAST-EVENT-SKOS
bioportal,FAST-FORMGENRE,FAST (Faceted Application of Subject Terminology) FormGenre facet,scored,9.99,0.0,0.0,0.0,0.0,2.4975,2.5,2.4975,2.5,"same_as_strict (1.0 result, not re-checked)",Define,,SKOS,1,,2017-04-14T00:00:00.000+00:00,https://bioportal.bioontology.org/ontologies/FAST-FORMGENRE
bioportal,FAST-GENREFORM,FAST (Faceted Access of Subject Terminology) GenreForm,scored,9.98,0.0,0.0,0.0,0.0,2.495,2.5,2.495,2.5,"same_as_strict (1.0 result, not re-checked)",Define,Other,SKOS,3,,2017-09-10T00:00:00.000+00:00,https://bioportal.bioontology.org/ontologies/FAST-GENREFORM
bioportal,FAST-TITLE,FAST (Faceted Application of Subject Terminology) Title Facet,scored,10.0,0.0,0.0,0.0,0.0,2.5,2.5,2.5,2.5,"same_as_strict (1.0 result, not re-checked)",Define,,SKOS,1,,2017-04-14T00:00:00.000+00:00,https://bioportal.bioontology.org/ontologies/FAST-TITLE
bioportal,FASTO,HL7 FHIR and SSN ontology based Type 1 Diabetes Mellitus Ontology,scored,8.91,0.16,1.64,0.44,10.0,4.8774999999999995,4.88,5.2475000000000005,5.25,http://purl.obolibrary.org#Definition [detected_by_name (2343 uses)]; http://purl.obolibrary.org/obo/DDO.owl#DDO_0099998 [detected_by_name (1 uses)],Define,,OWL,2,2015-11-20,2018-09-23T00:00:00.000+00:00,https://bioportal.bioontology.org/ontologies/FASTO
bioportal,FB-BT,Drosophila Gross Anatomy Ontology,scored,10.0,6.96,6.96,8.69,10.0,8.9125,8.91,8.9125,8.91,"same_as_strict (1.0 result, not re-checked)",Define,Anatomy;Animal_Gross_Anatomy;Gross_Anatomy,OBO,92,2026-07-09,2026-07-09T18:08:12.000-07:00,https://bioportal.bioontology.org/ontologies/FB-BT
bioportal,FB-CV,FlyBase Controlled Vocabulary,scored,10.0,5.58,5.58,7.2,10.0,8.195,8.2,8.195,8.2,"same_as_strict (1.0 result, not re-checked)",Define,Vocabularies,OWL,61,2026-07-10,2026-07-10T18:04:30.000-07:00,https://bioportal.bioontology.org/ontologies/FB-CV
bioportal,FB-DV,Drosophila Development Ontology,scored,9.96,6.81,6.81,8.5,10.0,8.817499999999999,8.82,8.817499999999999,8.82,"same_as_strict (1.0 result, not re-checked)",Define,Animal_Development;Development,OBO,70,2026-07-09,2026-07-09T18:08:44.000-07:00,https://bioportal.bioontology.org/ontologies/FB-DV
bioportal,FB-SP,Fly Taxonomy,scored,10.0,0.0,0.0,1.01,10.0,5.2524999999999995,5.25,5.2524999999999995,5.25,"same_as_strict (1.0 result, not re-checked)",Define,Taxonomic_Classification,OBO,8,,2013-06-20T00:00:00.000+00:00,https://bioportal.bioontology.org/ontologies/FB-SP
bioportal,FBbi,Biological Imaging Methods Ontology,scored,9.99,1.29,1.29,1.56,10.0,5.710000000000001,5.71,5.710000000000001,5.71,"same_as_strict (1.0 result, not re-checked)",Define,Experimental_Conditions;Imaging,OWL,107,2026-06-25,2026-06-25T18:03:52.000-07:00,https://bioportal.bioontology.org/ontologies/FBbi
bioportal,FCC1,Fernald Community Cohort N,scored,8.18,0.0,0.0,4.21,5.0,4.3475,4.35,4.3475,4.35,"same_as_strict (1.0 result, not re-checked)",Define,Health,OWL,1,1.0,2019-10-03T00:00:00.000+00:00,https://bioportal.bioontology.org/ontologies/FCC1
bioportal,FDC-GDMT,Ontology for Generic Dataset Metadata Template,scored,9.99,3.57,3.57,0.0,0.0,3.39,3.39,3.39,3.39,"same_as_strict (1.0 result, not re-checked)",Connection,Vocabularies,SKOS,12,v0.3.7,2021-02-16T00:00:00.000+00:00,https://bioportal.bioontology.org/ontologies/FDC-GDMT
bioportal,FDSAJFAHSJK,OWL_XML_Tool5,scored,0.0,0.0,0.0,0.0,0.0,0.0,0.0,0.0,0.0,"same_as_strict (1.0 result, not re-checked)",Describe,,OWL,1,,2016-08-04T00:00:00.000+00:00,https://bioportal.bioontology.org/ontologies/FDSAJFAHSJK
bioportal,FDT-O,FAIR Data Train Ontology,scored,4.03,0.78,0.78,2.54,9.0,4.0875,4.09,4.0875,4.09,"same_as_strict (1.0 result, not re-checked)",Define,Vocabularies,OWL,9,"- Refactored FHIR API and FHIR Train as sub-classes of REST API and REST Train, respectively.",2022-11-30T18:04:59.000-08:00,https://bioportal.bioontology.org/ontologies/FDT-O
bioportal,FENICS,Functional Electrophysiology Nomenclature for Ion Channels,scored,10.0,3.0,3.0,0.0,10.0,5.75,5.75,5.75,5.75,"same_as_strict (1.0 result, not re-checked)",Connection,Biological_Process;Gene_Product;Neurological_Disorder;Protein,OWL,9,0.0.5,2020-09-30T00:00:00.000+00:00,https://bioportal.bioontology.org/ontologies/FENICS
bioportal,FG,FAIR Genomes,scored,9.0,0.0,0.0,0.0,0.0,2.25,2.25,2.25,2.25,"same_as_strict (1.0 result, not re-checked)",Define,Biomedical_Resources;Genomic_and_Proteomic;Health;Human,OWL,4,1.2-Minor,2022-02-28T00:00:00.000+00:00,https://bioportal.bioontology.org/ontologies/FG
bioportal,FGNHNS,FoodGroupNHNS,scored,10.0,0.02,0.02,0.0,10.0,5.005,5.0,5.005,5.0,"same_as_strict (1.0 result, not re-checked)",Connection,,OWL,68,0.300,2025-03-01T00:00:00.000+00:00,https://bioportal.bioontology.org/ontologies/FGNHNS
bioportal,FHHO,Family Health History Ontology,scored,9.48,2.18,2.18,1.64,10.0,5.825,5.82,5.825,5.82,"same_as_strict (1.0 result, not re-checked)",Connection,Health,OWL,1,1,2008-09-23T00:00:00.000-07:00,https://bioportal.bioontology.org/ontologies/FHHO
bioportal,FIDEO,Food Interactions with Drugs Evidence Ontology,scored,10.0,0.0,0.0,2.4,10.0,5.6,5.6,5.6,5.6,"same_as_strict (1.0 result, not re-checked)",Define,Human,OWL,8,2023-12-18,2024-01-08T18:05:52.000-08:00,https://bioportal.bioontology.org/ontologies/FIDEO
bioportal,FIRE,Fire Ontology,scored,9.84,5.58,5.58,1.49,10.0,6.7275,6.73,6.7275,6.73,"same_as_strict (1.0 result, not re-checked)",Connection,,OWL,7,0.8,2014-02-24T18:14:37.000-08:00,https://bioportal.bioontology.org/ontologies/FIRE
bioportal,FISH-AST,FISH Archaeological Sciences Thesaurus,scored,9.92,0.05,0.05,0.0,0.0,2.4925,2.49,2.4925,2.49,"same_as_strict (1.0 result, not re-checked)",Connection,,SKOS,1,,2013-07-17T00:00:00.000+00:00,https://bioportal.bioontology.org/ontologies/FISH-AST
bioportal,FISHO,Fish Ontology,scored,9.97,1.69,1.69,0.68,10.0,5.585,5.58,5.585,5.58,"same_as_strict (1.0 result, not re-checked)",Connection,Fish_Anatomy,OWL,1,"Version 1.0.3 (Possible addition)

-Considering to add more fish study related terms in the ontology such as fish immune sytem, and Fish Locomotion and Feeding Behavior.
-Also focused on completing other classification of fish, and adding more relationships between the classes.


Version 1.0.2

-Added a lot of annotations and metadata for fish terms, and added several more subclasses for the ontology. 


Version 1.0.1

-Change  the structure and the hierarchy of a lot of classes to follow the main references. Several classes are deleted and marked as ""deprecated"" or ""In Review"" in case they might be useful later.


Version 1.0.0

-The first version of the fish ontology is created.",2017-08-28T00:00:00.000+00:00,https://bioportal.bioontology.org/ontologies/FISHO
bioportal,FITBIT,Fitbit Vocabulary,no_submission,,,,,,,,,,,,Health;Human,,-1,,,https://bioportal.bioontology.org/ontologies/FITBIT
bioportal,FIT_BIT,Fitbit Vocabularies ,scored,9.76,6.14,6.14,0.0,0.0,3.9749999999999996,3.97,3.9749999999999996,3.97,"same_as_strict (1.0 result, not re-checked)",Connection,Health,SKOS,1,,2024-05-27T00:00:00.000+00:00,https://bioportal.bioontology.org/ontologies/FIT_BIT
bioportal,FIX,Physico-Chemical Methods and Properties,scored,9.99,0.0,0.0,0.55,10.0,5.135,5.14,5.135,5.14,"same_as_strict (1.0 result, not re-checked)",Define,,OBO,4,1.2,2015-08-19T00:00:00.000+00:00,https://bioportal.bioontology.org/ontologies/FIX
bioportal,FL8DSIP,Fieldlab 8 - Ontology,scored,9.09,0.0,0.0,0.62,7.0,4.1775,4.18,4.1775,4.18,"same_as_strict (1.0 result, not re-checked)",Define,,OWL,2,,2025-12-01T00:00:00.000+00:00,https://bioportal.bioontology.org/ontologies/FL8DSIP
bioportal,FLDLB3,FIELDLAB3_2023_2,scored,9.29,4.16,4.16,0.0,0.0,3.3625,3.36,3.3625,3.36,"same_as_strict (1.0 result, not re-checked)",Connection,,SKOS,4,3,2023-11-03T00:00:00.000+00:00,https://bioportal.bioontology.org/ontologies/FLDLB3
bioportal,FLOPO,Flora Phenotype Ontology,scored,10.0,5.98,5.98,2.27,10.0,7.0625,7.06,7.0625,7.06,"same_as_strict (1.0 result, not re-checked)",Connection,Phenotype;Plant,OWL,10,2026-07-31,2026-08-01T18:04:13.000-07:00,https://bioportal.bioontology.org/ontologies/FLOPO
bioportal,FLU,Influenza Ontology,scored,9.98,4.73,4.73,3.22,9.0,6.7325,6.73,6.7325,6.73,"same_as_strict (1.0 result, not re-checked)",Connection,,OWL,27,0.9.0,2015-08-20T18:03:53.000-07:00,https://bioportal.bioontology.org/ontologies/FLU
bioportal,FLUXO,Metabolic Flux Analysis Ontology,failed,,,,,,,,,,,,All_Organisms;Biological_Process;Chemical;Molecule;Other;Physicochemical;Vocabularies,OWL,1,,2026-09-03T00:00:00.000+00:00,https://bioportal.bioontology.org/ontologies/FLUXO
bioportal,FLYGLYCODB,FlyGlycoDB,scored,9.91,0.9,0.9,7.82,10.0,7.157500000000001,7.16,7.157500000000001,7.16,"same_as_strict (1.0 result, not re-checked)",Define,Gene_Product,OWL,2,1.0.0,2016-12-22T00:00:00.000+00:00,https://bioportal.bioontology.org/ontologies/FLYGLYCODB
bioportal,FMA,Foundational Model of Anatomy,scored,10.0,0.0,0.14,8.35,10.0,7.0875,7.09,7.1225000000000005,7.12,http://purl.org/sig/ont/fma/definition [bioportal_definitionProperty + detected_by_name],Define,Anatomy,OWL,29,5.1.0,2019-04-24T00:00:00.000+00:00,https://bioportal.bioontology.org/ontologies/FMA
bioportal,FMPM,Food Matrix for Predictive Microbiology,scored,9.51,0.0,0.0,0.0,10.0,4.8774999999999995,4.88,4.8774999999999995,4.88,"same_as_strict (1.0 result, not re-checked)",Define,Biomedical_Resources;Vocabularies,OWL,5,0.9.2,2018-07-26T00:00:00.000+00:00,https://bioportal.bioontology.org/ontologies/FMPM
bioportal,FNS-H,FNS-Harmony,scored,10.0,3.83,3.83,0.17,10.0,6.0,6.0,6.0,6.0,"same_as_strict (1.0 result, not re-checked)",Connection,All_Organisms,OWL,2,1.3,2023-11-02T12:00:45.000-07:00,https://bioportal.bioontology.org/ontologies/FNS-H
bioportal,FO,Fern Ontology,scored,9.7,5.0,5.0,6.71,10.0,7.8525,7.85,7.8525,7.85,"same_as_strict (1.0 result, not re-checked)",Define,Plant_Anatomy,OWL,6,0.05,2015-03-16T00:00:00.000+00:00,https://bioportal.bioontology.org/ontologies/FO
bioportal,FOAF,Friend of a Friend Vocabulary,scored,7.73,3.13,3.13,0.0,9.0,4.965,4.96,4.965,4.96,"same_as_strict (1.0 result, not re-checked)",Connection,Other,OWL,1,0.99,2019-01-31T00:00:00.000+00:00,https://bioportal.bioontology.org/ontologies/FOAF
bioportal,FOBI,FOBI (Food-Biomarker Ontology),scored,9.99,1.27,1.27,6.03,10.0,6.8225,6.82,6.8225,6.82,"same_as_strict (1.0 result, not re-checked)",Define,Other,OWL,3,,2022-05-03T18:04:43.000-07:00,https://bioportal.bioontology.org/ontologies/FOBI
bioportal,FOODON,The FoodOn Food Ontology,scored,10.0,5.14,5.14,3.18,10.0,7.08,7.08,7.08,7.08,"same_as_strict (1.0 result, not re-checked)",Connection,All_Organisms;Biomedical_Resources;Health;Plant;Vocabularies,OWL,111,2026-02-02,2026-02-02T00:00:00.000+00:00,https://bioportal.bioontology.org/ontologies/FOODON
bioportal,FOUR-M_VOCABS,AGE-FRIENDLY 4M VOCABULARY,scored,0.0,0.0,0.0,0.0,10.0,2.5,2.5,2.5,2.5,"same_as_strict (1.0 result, not re-checked)",Describe,Vocabularies,SKOS,1,1,2024-05-17T00:00:00.000+00:00,https://bioportal.bioontology.org/ontologies/FOUR-M_VOCABS
bioportal,FOVT,FuTRES Ontology of Vertebrate Traits,scored,10.0,6.05,6.05,8.4,10.0,8.6125,8.61,8.6125,8.61,"same_as_strict (1.0 result, not re-checked)",Define,Other,OWL,8,2026-03-19,2026-03-19T18:05:47.000-07:00,https://bioportal.bioontology.org/ontologies/FOVT
bioportal,FPLX,FamPlex,scored,9.99,0.01,0.01,3.32,10.0,5.83,5.83,5.83,5.83,"same_as_strict (1.0 result, not re-checked)",Define,Protein,OBO,38,1.0,2021-01-11T00:00:00.000+00:00,https://bioportal.bioontology.org/ontologies/FPLX
bioportal,FRMO,Fall Risk Management Ontology ,scored,9.98,1.0,1.0,1.24,10.0,5.555,5.56,5.555,5.56,"same_as_strict (1.0 result, not re-checked)",Define,Other,OWL,19,09.10,2023-03-28T00:00:00.000+00:00,https://bioportal.bioontology.org/ontologies/FRMO
bioportal,FTC,Functional Therapeutic Chemical Classification System,scored,10.0,2.75,2.75,3.37,10.0,6.53,6.53,6.53,6.53,"same_as_strict (1.0 result, not re-checked)",Define,Chemical,OWL,1,1,2016-02-15T00:00:00.000+00:00,https://bioportal.bioontology.org/ontologies/FTC
bioportal,FYPO,Fission Yeast Phenotype Ontology,scored,10.0,6.36,6.36,8.26,10.0,8.655,8.65,8.655,8.65,"same_as_strict (1.0 result, not re-checked)",Define,Phenotype,OWL,514,2026-09-08,2026-09-08T18:04:29.000-07:00,https://bioportal.bioontology.org/ontologies/FYPO
bioportal,G-PROV,Guideline Provenance,scored,10.0,4.64,4.64,1.97,10.0,6.6525,6.65,6.6525,6.65,"same_as_strict (1.0 result, not re-checked)",Connection,,OWL,1,1,2019-04-10T00:00:00.000+00:00,https://bioportal.bioontology.org/ontologies/G-PROV
bioportal,G4-DSIP,Group 4-Data Science in Practice,scored,9.67,5.79,5.79,0.0,0.0,3.865,3.86,3.865,3.86,"same_as_strict (1.0 result, not re-checked)",Connection,,SKOS,6,1.0.0,2024-01-09T00:00:00.000+00:00,https://bioportal.bioontology.org/ontologies/G4-DSIP
bioportal,GALEN,Galen Ontology,scored,10.0,0.31,0.31,2.68,10.0,5.7475000000000005,5.75,5.7475000000000005,5.75,"same_as_strict (1.0 result, not re-checked)",Define,Other,OWL,1,1.1,2007-01-09T00:00:00.000-08:00,https://bioportal.bioontology.org/ontologies/GALEN
bioportal,GALLONT,Plant Gall Ontology,scored,9.98,5.72,5.72,6.63,9.0,7.8325,7.83,7.8325,7.83,"same_as_strict (1.0 result, not re-checked)",Define,Phenotype,OWL,1,2024-04-19,2024-04-19T00:00:00.000+00:00,https://bioportal.bioontology.org/ontologies/GALLONT
bioportal,GAMUTS,Radiology Gamuts Ontology,scored,10.0,0.0,0.0,7.63,10.0,6.9075,6.91,6.9075,6.91,"same_as_strict (1.0 result, not re-checked)",Define,Health;Human;Imaging,OWL,25,2.0,2024-06-24T00:00:00.000+00:00,https://bioportal.bioontology.org/ontologies/GAMUTS
bioportal,GAZ,Gazetteer,scored,10.0,4.24,4.24,8.31,10.0,8.1375,8.14,8.1375,8.14,same_as_strict,Define,,OBO,14,$Revision: 1.512 $,2014-09-17T00:00:00.000+00:00,https://bioportal.bioontology.org/ontologies/GAZ
bioportal,GB,GlycanBind,scored,8.57,4.83,4.83,0.0,6.0,4.85,4.85,4.85,4.85,"same_as_strict (1.0 result, not re-checked)",Connection,,OWL,3,1.1.1,2023-06-11T00:00:00.000+00:00,https://bioportal.bioontology.org/ontologies/GB
bioportal,GBM,Glioblastoma,scored,10.0,0.22,0.22,2.55,10.0,5.6925,5.69,5.6925,5.69,"same_as_strict (1.0 result, not re-checked)",Define,Anatomy;Health;Human,OWL,1,,2015-08-27T00:00:00.000+00:00,https://bioportal.bioontology.org/ontologies/GBM
bioportal,GBOL,GBOL,scored,5.69,1.59,1.59,4.49,10.0,5.4425,5.44,5.4425,5.44,"same_as_strict (1.0 result, not re-checked)",Define,All_Organisms,OWL,2,1,2017-09-05T00:00:00.000+00:00,https://bioportal.bioontology.org/ontologies/GBOL
bioportal,GCBO,Global Code Book Ontology,scored,9.99,1.91,1.91,0.75,10.0,5.6625,5.66,5.6625,5.66,"same_as_strict (1.0 result, not re-checked)",Connection,Vocabularies,OWL,6,,2025-06-04T00:00:00.000+00:00,https://bioportal.bioontology.org/ontologies/GCBO
bioportal,GCDFO,DFO Salmon Ontology,scored,9.98,6.03,6.03,0.46,9.0,6.367500000000001,6.37,6.367500000000001,6.37,"same_as_strict (1.0 result, not re-checked)",Connection,Biological_Process;Fish_Anatomy;Other;Vocabularies,OWL,7,0.0.9,2025-09-06T00:00:00.000+00:00,https://bioportal.bioontology.org/ontologies/GCDFO
bioportal,GCO,Genome Component Ontology,scored,10.0,0.0,0.0,0.0,4.0,3.5,3.5,3.5,3.5,"same_as_strict (1.0 result, not re-checked)",Define,Biomedical_Resources;Genomic_and_Proteomic,OWL,4,0.2,2013-05-23T00:00:00.000+00:00,https://bioportal.bioontology.org/ontologies/GCO
bioportal,GDCO,Data Collection Ontology,scored,9.86,2.5,2.5,4.25,9.0,6.4025,6.4,6.4025,6.4,"same_as_strict (1.0 result, not re-checked)",Define,Development,OWL,1,1.0,2017-08-09T00:00:00.000+00:00,https://bioportal.bioontology.org/ontologies/GDCO
bioportal,GDMT,Generic Dataset Metadata Template Vocabulary,scored,9.99,0.41,0.41,0.0,0.0,2.6,2.6,2.6,2.6,"same_as_strict (1.0 result, not re-checked)",Connection,,SKOS,5,1.1.0-alpha,2024-09-10T00:00:00.000+00:00,https://bioportal.bioontology.org/ontologies/GDMT
bioportal,GDOA,Graphic Descriptor Ontology Anatomy Extension,scored,10.0,6.38,6.38,0.82,10.0,6.8,6.8,6.8,6.8,"same_as_strict (1.0 result, not re-checked)",Connection,Anatomy;Gross_Anatomy,OWL,10,1.1.4,2026-03-17T00:00:00.000+00:00,https://bioportal.bioontology.org/ontologies/GDOA
bioportal,GECCO,COVID-19 Common Datamodel,scored,10.0,0.1,0.1,6.12,10.0,6.555,6.56,6.555,6.56,same_as_strict,Define,Health;Human,OWL,1,1.0.0,2022-08-19T00:00:00.000+00:00,https://bioportal.bioontology.org/ontologies/GECCO
bioportal,GECKO,Genomics Cohorts Knowledge Ontology,scored,9.94,5.8,5.8,0.35,10.0,6.5225,6.52,6.5225,6.52,"same_as_strict (1.0 result, not re-checked)",Connection,Other,OWL,11,,2021-01-20T18:04:24.000-08:00,https://bioportal.bioontology.org/ontologies/GECKO
bioportal,GENAI,Generative AI Ontology,scored,0.63,0.0,0.0,0.0,8.0,2.1575,2.16,2.1575,2.16,"same_as_strict (1.0 result, not re-checked)",Define,Other,OWL,1,1.0,2024-10-24T00:00:00.000+00:00,https://bioportal.bioontology.org/ontologies/GENAI
bioportal,GENDER,Gender Identity,scored,8.75,3.87,3.87,0.0,0.0,3.1550000000000002,3.16,3.1550000000000002,3.16,"same_as_strict (1.0 result, not re-checked)",Connection,Vocabularies,SKOS,1,,2022-12-07T00:00:00.000+00:00,https://bioportal.bioontology.org/ontologies/GENDER
bioportal,GENE-CDS,Genomic Clinical Decision Support Ontology,scored,10.0,0.03,0.03,4.87,10.0,6.225,6.22,6.225,6.22,"same_as_strict (1.0 result, not re-checked)",Define,Genomic_and_Proteomic;Health;Human,OWL,1,0.8.0,2012-11-21T00:00:00.000-08:00,https://bioportal.bioontology.org/ontologies/GENE-CDS
bioportal,GENEPIO,Genomic Epidemiology Application Ontology ,scored,10.0,4.77,4.77,0.74,10.0,6.3774999999999995,6.38,6.3774999999999995,6.38,"same_as_strict (1.0 result, not re-checked)",Connection,Health,OBO,3,2026-04-13,2026-04-13T18:05:37.000-07:00,https://bioportal.bioontology.org/ontologies/GENEPIO
bioportal,GENEVIEVE,Charlotte,no_submission,,,,,,,,,,,,Health;Human_Developmental_Anatomy,,-1,,,https://bioportal.bioontology.org/ontologies/GENEVIEVE
bioportal,GENO,Genotype Ontology,scored,10.0,5.42,5.42,2.34,9.0,6.6899999999999995,6.69,6.6899999999999995,6.69,"same_as_strict (1.0 result, not re-checked)",Connection,,OWL,33,2026-02-02,2026-02-05T18:05:37.000-08:00,https://bioportal.bioontology.org/ontologies/GENO
bioportal,GEO,Geographical Entity Ontology,scored,10.0,0.04,0.04,8.16,10.0,7.05,7.05,7.05,7.05,"same_as_strict (1.0 result, not re-checked)",Define,,OWL,3,production version 2018-02-23,2019-02-17T18:05:19.000-08:00,https://bioportal.bioontology.org/ontologies/GEO
bioportal,GEOSPARQL,GeoSPARQL,scored,9.84,0.71,0.71,0.25,8.0,4.7,4.7,4.7,4.7,"same_as_strict (1.0 result, not re-checked)",Connection,Other,OWL,1,OGC GeoSPARQL 1.0,2017-12-09T00:00:00.000+00:00,https://bioportal.bioontology.org/ontologies/GEOSPARQL
bioportal,GEOSPECIES,GeoSpecies Ontology,scored,10.0,0.31,0.31,1.99,9.0,5.325,5.32,5.325,5.32,"same_as_strict (1.0 result, not re-checked)",Define,Other,OWL,2,2012-10-02,2012-10-02T00:00:00.000+00:00,https://bioportal.bioontology.org/ontologies/GEOSPECIES
bioportal,GERO,Gerotranscendence Ontology,scored,9.86,6.03,6.03,4.52,8.0,7.1025,7.1,7.1025,7.1,"same_as_strict (1.0 result, not re-checked)",Connection,,OWL,2,2026-02-25,2026-02-26T18:06:02.000-08:00,https://bioportal.bioontology.org/ontologies/GERO
bioportal,GEXO,Gene Expression Ontology,scored,10.0,6.63,6.63,8.09,10.0,8.68,8.68,8.68,8.68,"same_as_strict (1.0 result, not re-checked)",Define,Biological_Process,OWL,2,2015,2015-12-16T00:00:00.000+00:00,https://bioportal.bioontology.org/ontologies/GEXO
bioportal,GFF-M4M,GO FAIR M4M,scored,9.98,0.46,0.46,0.37,0.0,2.7025,2.7,2.7025,2.7,"same_as_strict (1.0 result, not re-checked)",Flat,Other,SKOS,42,0.0.5,2025-09-09T09:08:22.000-07:00,https://bioportal.bioontology.org/ontologies/GFF-M4M
bioportal,GFFO,Genetic Feature Format Ontology,scored,5.0,0.0,0.0,0.0,0.0,1.25,1.25,1.25,1.25,"same_as_strict (1.0 result, not re-checked)",Define,Gene_Product;Genomic_and_Proteomic;Protein;Vocabularies,OWL,1,0.0.1,2022-03-28T00:00:00.000+00:00,https://bioportal.bioontology.org/ontologies/GFFO
bioportal,GFO,General Formal Ontology,scored,10.0,0.17,0.17,2.8,9.0,5.4925,5.49,5.4925,5.49,"same_as_strict (1.0 result, not re-checked)",Define,All_Organisms;Upper_Level_Ontology,OWL,1,Version 1.0 ($Revision: 1.13 $),2006-01-07T00:00:00.000-08:00,https://bioportal.bioontology.org/ontologies/GFO
bioportal,GFO-BIO,General Formal Ontology for Biology,scored,4.73,1.88,1.88,2.76,9.0,4.5925,4.59,4.5925,4.59,"same_as_strict (1.0 result, not re-checked)",Define,All_Organisms;Anatomy;Animal_Development;Animal_Gross_Anatomy;Biological_Process;Cell;Cellular_anatomy_;Chemical;Development;Gene_Product;Gross_Anatomy;Human;Human_Developmental_Anatomy;Molecule;Mouse_Anatomy;Phenotype;Plant;Plant_Anatomy;Plant_Development;Protein;Subcellular;Subcellular_anatomy,OWL,1,1.1,2010-07-12T00:00:00.000-07:00,https://bioportal.bioontology.org/ontologies/GFO-BIO
bioportal,GFVO,Genomic Feature and Variation Ontology,scored,9.9,6.76,6.76,3.74,10.0,7.6,7.6,7.6,7.6,"same_as_strict (1.0 result, not re-checked)",Connection,Biological_Process;Biomedical_Resources;Gene_Product;Genomic_and_Proteomic;Human,OWL,20,1.0.6,2015-07-14T00:00:00.000+00:00,https://bioportal.bioontology.org/ontologies/GFVO
bioportal,GLYCO,Glycomics Ontology,scored,10.0,1.35,1.35,8.3,10.0,7.4125,7.41,7.4125,7.41,"same_as_strict (1.0 result, not re-checked)",Define,Biomedical_Resources;Chemical;Molecule;Other;Protein,OWL,1,4.6.0.0,2012-10-29T00:00:00.000-07:00,https://bioportal.bioontology.org/ontologies/GLYCO
bioportal,GLYCOCOO,GlycoConjugate Ontology,scored,9.81,4.17,4.17,1.78,8.0,5.9399999999999995,5.94,5.9399999999999995,5.94,"same_as_strict (1.0 result, not re-checked)",Connection,Other,OWL,2,1.1.3,2018-10-26T00:00:00.000+00:00,https://bioportal.bioontology.org/ontologies/GLYCOCOO
bioportal,GLYCORDF,GlycoRDF,scored,9.79,3.62,3.62,2.09,9.0,6.125,6.12,6.125,6.12,"same_as_strict (1.0 result, not re-checked)",Connection,,OWL,61,1.2.1,2025-01-20T18:04:43.000-08:00,https://bioportal.bioontology.org/ontologies/GLYCORDF
bioportal,GML,Ontology for Geography Markup Language (GML3.0),scored,1.67,0.11,0.11,3.8,9.0,3.645,3.64,3.645,3.64,"same_as_strict (1.0 result, not re-checked)",Define,Other,OWL,1,version 1.0,2017-08-06T00:00:00.000+00:00,https://bioportal.bioontology.org/ontologies/GML
bioportal,GMM,GoMapMan,scored,9.99,0.0,0.0,0.0,10.0,4.9975000000000005,5.0,4.9975000000000005,5.0,"same_as_strict (1.0 result, not re-checked)",Define,Arabadopsis;Biological_Process;Plant,OBO,25,1.2,2015-08-09T00:00:00.000+00:00,https://bioportal.bioontology.org/ontologies/GMM
bioportal,GMO,Growth Medium Ontology,scored,9.98,0.82,0.82,0.01,10.0,5.202500000000001,5.2,5.202500000000001,5.2,"same_as_strict (1.0 result, not re-checked)",Connection,Other,OWL,9,0.24 Beta,2024-08-28T00:00:00.000+00:00,https://bioportal.bioontology.org/ontologies/GMO
bioportal,GNO,Glycan Naming Ontology,scored,10.0,6.13,6.13,0.0,8.0,6.0325,6.03,6.0325,6.03,"same_as_strict (1.0 result, not re-checked)",Connection,Other,OWL,21,V2.7.0,2026-07-24T18:10:06.000-07:00,https://bioportal.bioontology.org/ontologies/GNO
bioportal,GO,Gene Ontology,scored,10.0,6.29,6.29,7.54,10.0,8.4575,8.46,8.4575,8.46,"same_as_strict (1.0 result, not re-checked)",Define,Genomic_and_Proteomic,OBO,1836,2026-07-26,2026-08-08T18:04:38.000-07:00,https://bioportal.bioontology.org/ontologies/GO
bioportal,GO-EXT,Gene Ontology Extension,scored,10.0,6.5,6.5,7.76,10.0,8.565,8.56,8.565,8.56,"same_as_strict (1.0 result, not re-checked)",Define,,OBO,2,2,2011-06-24T00:00:00.000-07:00,https://bioportal.bioontology.org/ontologies/GO-EXT
bioportal,GO-PLUS,go-plus,scored,10.0,4.36,4.36,7.75,10.0,8.0275,8.03,8.0275,8.03,"same_as_strict (1.0 result, not re-checked)",Define,All_Organisms,OWL,711,2026-07-26,2026-08-08T18:05:24.000-07:00,https://bioportal.bioontology.org/ontologies/GO-PLUS
bioportal,GOLDTERMS,GOLD Ecosystem Classification,scored,10.0,4.53,4.53,7.79,10.0,8.08,8.08,8.08,8.08,"same_as_strict (1.0 result, not re-checked)",Define,,OWL,7,,2025-01-27T18:06:09.000-08:00,https://bioportal.bioontology.org/ontologies/GOLDTERMS
bioportal,GPML,Graphical Pathway Markup Language,scored,9.52,5.72,5.72,0.37,0.0,3.9024999999999994,3.9,3.9024999999999994,3.9,same_as_strict,Flat,Biological_Process;Vocabularies,OWL,344,2013a,2018-01-05T00:00:00.000+00:00,https://bioportal.bioontology.org/ontologies/GPML
bioportal,GRO,Gene Regulation Ontology,scored,9.98,0.03,0.03,3.57,10.0,5.895,5.9,5.895,5.9,"same_as_strict (1.0 result, not re-checked)",Define,Genomic_and_Proteomic,OWL,5,0.5,2015-10-09T18:04:37.000-07:00,https://bioportal.bioontology.org/ontologies/GRO
bioportal,GRO-CPD,Cereal Plant Development Ontology,scored,9.96,6.5,6.5,7.38,10.0,8.46,8.46,8.46,8.46,"same_as_strict (1.0 result, not re-checked)",Define,Development;Plant;Plant_Development,OBO,1,1.6,2007-08-24T00:00:00.000+00:00,https://bioportal.bioontology.org/ontologies/GRO-CPD
bioportal,GRO-CPGA,Cereal Plant Gross Anatomy Ontology,scored,9.99,5.81,5.81,7.31,10.0,8.2775,8.28,8.2775,8.28,"same_as_strict (1.0 result, not re-checked)",Define,,OBO,11,unknown,2016-10-18T00:00:00.000+00:00,https://bioportal.bioontology.org/ontologies/GRO-CPGA
bioportal,GS1GDSN,GS1 Global Data Model,scored,10.0,5.34,5.34,0.45,8.0,5.9475,5.95,5.9475,5.95,"same_as_strict (1.0 result, not re-checked)",Connection,Taxonomic_Classification;Vocabularies,OWL,1,3.1.35,2026-08-03T00:00:00.000+00:00,https://bioportal.bioontology.org/ontologies/GS1GDSN
bioportal,GS1GPC,GS1 Global Product Classification,scored,10.0,2.65,2.65,0.0,10.0,5.6625,5.66,5.6625,5.66,"same_as_strict (1.0 result, not re-checked)",Connection,Taxonomic_Classification;Vocabularies,OWL,1,,2026-08-03T00:00:00.000+00:00,https://bioportal.bioontology.org/ontologies/GS1GPC
bioportal,GS1WEBVOC,GS1 Web Vocabulary,scored,10.0,5.24,5.24,0.04,10.0,6.32,6.32,6.32,6.32,"same_as_strict (1.0 result, not re-checked)",Connection,Other;Vocabularies,OWL,1,1.18,2017-11-20T00:00:00.000+00:00,https://bioportal.bioontology.org/ontologies/GS1WEBVOC
bioportal,GSSO,"Gender, Sex, and Sexual Orientation Ontology",scored,10.0,5.94,5.94,2.7,9.0,6.91,6.91,6.91,6.91,"same_as_strict (1.0 result, not re-checked)",Connection,Other;Vocabularies,OWL,75,2.0.6,2022-09-08T18:08:47.000-07:00,https://bioportal.bioontology.org/ontologies/GSSO
bioportal,GVO,Genome Variation Ontology,scored,9.77,5.82,5.82,0.18,9.0,6.1925,6.19,6.1925,6.19,"same_as_strict (1.0 result, not re-checked)",Connection,Genomic_and_Proteomic,OWL,3,2021-11-18,2022-09-08T00:00:00.000+00:00,https://bioportal.bioontology.org/ontologies/GVO
bioportal,HAAURAADO,Halocynthia aurantium Anatomy and Development Ontology,scored,9.99,6.82,6.82,9.7,10.0,9.127500000000001,9.13,9.127500000000001,9.13,"same_as_strict (1.0 result, not re-checked)",Define,,OBO,2,,2015-08-06T00:00:00.000+00:00,https://bioportal.bioontology.org/ontologies/HAAURAADO
bioportal,HAMIDEHSGH,Inherited Retinal Dystrophy,scored,9.98,0.0,0.0,2.82,10.0,5.7,5.7,5.7,5.7,"same_as_strict (1.0 result, not re-checked)",Define,Human,OWL,1,,2019-07-10T00:00:00.000+00:00,https://bioportal.bioontology.org/ontologies/HAMIDEHSGH
bioportal,HANCESTRO,Human Ancestry Ontology,scored,10.0,3.35,3.35,7.29,10.0,7.66,7.66,7.66,7.66,"same_as_strict (1.0 result, not re-checked)",Define,Experimental_Conditions;Human;Vocabularies,OWL,21,2025-10-14,2025-10-14T18:05:25.000-07:00,https://bioportal.bioontology.org/ontologies/HANCESTRO
bioportal,HAO,Hymenoptera Anatomy Ontology,scored,4.84,2.92,2.92,3.91,10.0,5.4175,5.42,5.4175,5.42,"same_as_strict (1.0 result, not re-checked)",Define,Anatomy;Animal_Gross_Anatomy;Gross_Anatomy,OWL,27,2023-06-01,2023-06-01T18:12:33.000-07:00,https://bioportal.bioontology.org/ontologies/HAO
bioportal,HAROREADO,Halocynthia roretzi Anatomy and Development Ontology,scored,9.99,6.82,6.82,9.7,10.0,9.127500000000001,9.13,9.127500000000001,9.13,"same_as_strict (1.0 result, not re-checked)",Define,Anatomy;Animal_Development,OBO,2,,2015-08-06T00:00:00.000+00:00,https://bioportal.bioontology.org/ontologies/HAROREADO
bioportal,HASCO,Human-Aware Science Ontology,scored,8.38,4.13,4.13,2.32,10.0,6.2075000000000005,6.21,6.2075000000000005,6.21,"same_as_strict (1.0 result, not re-checked)",Connection,Upper_Level_Ontology,OWL,8,0.9,2025-11-17T18:07:28.000-08:00,https://bioportal.bioontology.org/ontologies/HASCO
bioportal,HC,Habronattus Courtship Ontology,no_submission,,,,,,,,,,,,,,-1,,,https://bioportal.bioontology.org/ontologies/HC
bioportal,HCDR,Homelessness and Clinical Data Recording,scored,10.0,0.0,0.0,0.19,9.0,4.797499999999999,4.8,4.797499999999999,4.8,"same_as_strict (1.0 result, not re-checked)",Define,Other,OWL,1,1,2020-01-21T00:00:00.000+00:00,https://bioportal.bioontology.org/ontologies/HCDR
bioportal,HCMO,Home Cage Monitoring Ontology,failed,,,,,,,,,,,,Animal_Development;Experimental_Conditions;Phenotype,OWL,3,,2026-07-07T00:00:00.000+00:00,https://bioportal.bioontology.org/ontologies/HCMO
bioportal,HCODONONT,HGeneCodonOntology,scored,1.02,0.24,0.24,2.16,6.0,2.355,2.36,2.355,2.36,"same_as_strict (1.0 result, not re-checked)",Define,Biomedical_Resources,OWL,4,2,2016-09-02T00:00:00.000+00:00,https://bioportal.bioontology.org/ontologies/HCODONONT
bioportal,HCPCS,Healthcare Common Procedure Coding System,scored,10.0,0.0,0.0,7.61,10.0,6.9025,6.9,6.9025,6.9,"same_as_strict (1.0 result, not re-checked)",Define,Health,UMLS,26,2025_04,2025-05-06T00:00:00.000+00:00,https://bioportal.bioontology.org/ontologies/HCPCS
bioportal,HDMPONTO,HierarchicalDMProcessOnto,scored,9.74,0.03,0.03,5.93,10.0,6.425,6.42,6.425,6.42,"same_as_strict (1.0 result, not re-checked)",Define,Taxonomic_Classification,OWL,1,,2020-12-18T00:00:00.000+00:00,https://bioportal.bioontology.org/ontologies/HDMPONTO
bioportal,HDS,Humanitarian Data Space,scored,6.6,1.69,1.69,1.26,5.0,3.6374999999999997,3.64,3.6374999999999997,3.64,"same_as_strict (1.0 result, not re-checked)",Connection,Human;Other;Vocabularies,OWL,1,,2025-12-11T00:00:00.000+00:00,https://bioportal.bioontology.org/ontologies/HDS
bioportal,HECON,HECON: Health Condition Evolution Ontology,scored,7.11,2.46,2.46,7.23,7.0,5.95,5.95,5.95,5.95,"same_as_strict (1.0 result, not re-checked)",Define,Health;Other,OWL,1,0.1,2022-04-22T00:00:00.000+00:00,https://bioportal.bioontology.org/ontologies/HECON
bioportal,HED,Hierarchical Event Descriptors,scored,10.0,0.02,0.02,0.77,10.0,5.1975,5.2,5.1975,5.2,"same_as_strict (1.0 result, not re-checked)",Define,Vocabularies,OWL,1,releases/2024-06-10,2024-07-03T00:00:00.000+00:00,https://bioportal.bioontology.org/ontologies/HED
bioportal,HEIO,Regional Healthcare System Interoperability and Information Exchange Measurement Ontology,scored,10.0,2.24,2.24,7.45,9.0,7.1725,7.17,7.1725,7.17,"same_as_strict (1.0 result, not re-checked)",Define,Other,OWL,17,Version 1.15,2015-04-09T00:00:00.000+00:00,https://bioportal.bioontology.org/ontologies/HEIO
bioportal,HELIFIT,HeLiFit-Ontology,scored,9.05,3.5,3.5,0.13,10.0,5.67,5.67,5.67,5.67,"same_as_strict (1.0 result, not re-checked)",Connection,Biomedical_Resources;Health,OWL,1,1.6.4,2022-12-13T00:00:00.000+00:00,https://bioportal.bioontology.org/ontologies/HELIFIT
bioportal,HENECON,Head and Neck Cancer Ontology,scored,9.99,3.81,3.81,0.0,10.0,5.95,5.95,5.95,5.95,"same_as_strict (1.0 result, not re-checked)",Connection,Biomedical_Resources;Health;Vocabularies,OWL,1,2.0,2020-04-14T00:00:00.000+00:00,https://bioportal.bioontology.org/ontologies/HENECON
bioportal,HENEGEO,Head and Neck Cancer - Clinical and Gene Ontology,scored,9.99,0.01,0.01,0.0,9.0,4.75,4.75,4.75,4.75,"same_as_strict (1.0 result, not re-checked)",Connection,Biomedical_Resources;Genomic_and_Proteomic;Health;Vocabularies,OWL,1,1.0,2023-10-23T00:00:00.000+00:00,https://bioportal.bioontology.org/ontologies/HENEGEO
bioportal,HERO,Healthcare Monitoring and Emergency Response Ontology,not_downloadable,,,,,,,,,,,,Health,OWL,1,FHIR W5 categorization (Preliminary),2024-09-07T00:00:00.000+00:00,https://bioportal.bioontology.org/ontologies/HERO
bioportal,HFO,Heart Failure Ontology,scored,9.99,0.0,0.0,0.0,10.0,4.9975000000000005,5.0,4.9975000000000005,5.0,"same_as_strict (1.0 result, not re-checked)",Define,Ethology;Health;Human;Phenotype;Vocabularies,OWL,1,version 1.0,2015-12-08T00:00:00.000+00:00,https://bioportal.bioontology.org/ontologies/HFO
bioportal,HGNC,HUGO Gene Nomenclature,scored,10.0,0.0,0.0,7.11,10.0,6.7775,6.78,6.7775,6.78,"same_as_strict (1.0 result, not re-checked)",Define,Health,OWL,10,dev,2026-08-04T18:05:18.000-07:00,https://bioportal.bioontology.org/ontologies/HGNC
bioportal,HGNC-NR,HGNC New Releases Ontology,scored,10.0,0.0,0.0,7.24,8.0,6.3100000000000005,6.31,6.3100000000000005,6.31,"same_as_strict (1.0 result, not re-checked)",Define,Genomic_and_Proteomic,OWL,13,2026-05-11,2026-05-11T00:00:00.000+00:00,https://bioportal.bioontology.org/ontologies/HGNC-NR
bioportal,HHEAR,Human Health Exposure Analysis Resource,scored,9.29,5.56,5.56,1.34,10.0,6.547499999999999,6.55,6.547499999999999,6.55,"same_as_strict (1.0 result, not re-checked)",Connection,Health,OWL,20,1.13.1,2026-03-09T00:00:00.000+00:00,https://bioportal.bioontology.org/ontologies/HHEAR
bioportal,HHEARP,HHEAR Properties,scored,8.38,4.17,4.17,2.31,10.0,6.215,6.22,6.215,6.22,"same_as_strict (1.0 result, not re-checked)",Connection,Other;Vocabularies,OWL,4,0.0.4,2025-09-10T00:00:00.000+00:00,https://bioportal.bioontology.org/ontologies/HHEARP
bioportal,HHEARVS,HHEAR Value Sets,scored,10.0,0.0,0.0,0.0,0.0,2.5,2.5,2.5,2.5,"same_as_strict (1.0 result, not re-checked)",Define,Other;Vocabularies,SKOS,15,1.2,2025-09-10T00:00:00.000+00:00,https://bioportal.bioontology.org/ontologies/HHEARVS
bioportal,HIFM,HIFM Ontology,scored,5.0,2.99,2.99,0.0,0.0,1.9975,2.0,1.9975,2.0,"same_as_strict (1.0 result, not re-checked)",Connection,,OWL,1,1.1,2014-04-01T00:00:00.000+00:00,https://bioportal.bioontology.org/ontologies/HIFM
bioportal,HINO,Human Interaction Network Ontology,scored,10.0,3.4,3.4,8.34,10.0,7.9350000000000005,7.94,7.9350000000000005,7.94,"same_as_strict (1.0 result, not re-checked)",Define,,OWL,6,Vision Release: 1.0.69,2014-06-27T12:32:47.000-07:00,https://bioportal.bioontology.org/ontologies/HINO
bioportal,HIO,Hearing Impairment Ontology,scored,10.0,0.25,5.38,1.15,10.0,5.35,5.35,6.632499999999999,6.63,http://purl.org/dc/elements/1.1/description [bioportal_definitionProperty],Define,Dysfunction,OWL,3,1,2019-10-31T18:10:08.000-07:00,https://bioportal.bioontology.org/ontologies/HIO
bioportal,HIV,HIV ontology,parse_failed,,,,,,,,,,,,All_Organisms;Genomic_and_Proteomic;Human;Microbial_Anatomy;Molecule;Other;Protein;Subcellular;Taxonomic_Classification,OBO,10,2.6,2017-04-04T00:00:00.000+00:00,https://bioportal.bioontology.org/ontologies/HIV
bioportal,HIVCRS,HIVCompoundRels,scored,4.44,0.0,0.0,2.56,5.0,3.0,3.0,3.0,3.0,"same_as_strict (1.0 result, not re-checked)",Define,,OWL,1,1,2017-04-14T00:00:00.000+00:00,https://bioportal.bioontology.org/ontologies/HIVCRS
bioportal,HIVHPV,HIVHPV,no_submission,,,,,,,,,,,,Vocabularies,,-1,,,https://bioportal.bioontology.org/ontologies/HIVHPV
bioportal,HIVHPVFGS,"HIV, HPV, FGS vocabulary",scored,9.0,4.57,4.57,0.0,0.0,3.3925,3.39,3.3925,3.39,"same_as_strict (1.0 result, not re-checked)",Connection,,SKOS,2,,2023-10-31T00:00:00.000+00:00,https://bioportal.bioontology.org/ontologies/HIVHPVFGS
bioportal,HIVHPVSCHISTOSOM,HIVHPVSchistosomiasis,scored,9.23,0.97,0.97,0.0,0.0,2.5500000000000003,2.55,2.5500000000000003,2.55,"same_as_strict (1.0 result, not re-checked)",Connection,Health,SKOS,2,1.1,2023-10-03T00:00:00.000+00:00,https://bioportal.bioontology.org/ontologies/HIVHPVSCHISTOSOM
bioportal,HIVHPVSTOM,HIVHPVStom,not_downloadable,,,,,,,,,,,,All_Organisms,OWL,1,,2023-10-31T00:00:00.000+00:00,https://bioportal.bioontology.org/ontologies/HIVHPVSTOM
bioportal,HIVMT,HIVMutation,scored,9.33,0.75,0.75,3.44,10.0,5.88,5.88,5.88,5.88,same_as_strict,Define,Biomedical_Resources,OWL,6,01,2020-09-23T00:00:00.000+00:00,https://bioportal.bioontology.org/ontologies/HIVMT
bioportal,HIVO004,HIVOntologymain.owl,scored,9.99,0.47,0.47,1.22,10.0,5.42,5.42,5.42,5.42,"same_as_strict (1.0 result, not re-checked)",Define,Biological_Process;Biomedical_Resources;Dysfunction;Health;Immunology;Molecule;Protein;Subcellular;Taxonomic_Classification,OWL,29,020,2020-10-07T00:00:00.000+00:00,https://bioportal.bioontology.org/ontologies/HIVO004
bioportal,HL7,"Health Level Seven Reference Implementation Model, Version 3.0",scored,9.99,5.13,5.13,7.78,10.0,8.225000000000001,8.23,8.225000000000001,8.23,"same_as_strict (1.0 result, not re-checked)",Define,Health,UMLS,27,2025_07,2025-11-03T00:00:00.000+00:00,https://bioportal.bioontology.org/ontologies/HL7
bioportal,HMADO,Human Microbiome Associated Disease Ontology ,not_downloadable,,,,,,,,,,,,Human,OWL,1,,2019-06-20T00:00:00.000+00:00,https://bioportal.bioontology.org/ontologies/HMADO
bioportal,HMIS033B,HMIS 033,empty,0.0,0.0,0.0,0.0,0.0,0.0,0.0,0.0,0.0,same_as_strict,Describe,,SKOS,1,,2021-08-16T00:00:00.000+00:00,https://bioportal.bioontology.org/ontologies/HMIS033B
bioportal,HMISLAB0115,HMIS LAB 011 5,scored,9.52,4.97,4.97,0.0,0.0,3.6224999999999996,3.62,3.6224999999999996,3.62,"same_as_strict (1.0 result, not re-checked)",Connection,,SKOS,1,,2021-11-12T00:00:00.000+00:00,https://bioportal.bioontology.org/ontologies/HMISLAB0115
bioportal,HNS,HNS_Ontolgoy,scored,8.07,0.0,0.0,0.5,10.0,4.6425,4.64,4.6425,4.64,"same_as_strict (1.0 result, not re-checked)",Define,Health;Human;Neurologic_Disease,OWL,1,4.0,2020-05-05T00:00:00.000+00:00,https://bioportal.bioontology.org/ontologies/HNS
bioportal,HO,Histological Ontology,scored,9.91,5.99,5.99,4.56,9.0,7.365,7.36,7.365,7.36,"same_as_strict (1.0 result, not re-checked)",Connection,Biomedical_Resources,OWL,78,1.1,2017-10-06T00:00:00.000+00:00,https://bioportal.bioontology.org/ontologies/HO
bioportal,HOIP,Homeostasis imbalance process ontology,scored,10.0,5.44,5.44,6.18,10.0,7.905,7.9,7.905,7.9,"same_as_strict (1.0 result, not re-checked)",Define,Biological_Process;Dysfunction,OWL,65,2024/04/03,2024-04-03T00:00:00.000+00:00,https://bioportal.bioontology.org/ontologies/HOIP
bioportal,HOM,Ontology of Homology and Related Concepts in Biology,scored,9.85,6.58,6.58,7.61,9.0,8.26,8.26,8.26,8.26,"same_as_strict (1.0 result, not re-checked)",Define,All_Organisms;Anatomy;Development;Molecule;Other,OWL,7,releases/2015-01-07,2022-01-12T18:06:11.000-08:00,https://bioportal.bioontology.org/ontologies/HOM
bioportal,HOME,Health Ontology for Minority Equity,scored,9.28,0.0,0.0,6.05,10.0,6.3325,6.33,6.3325,6.33,"same_as_strict (1.0 result, not re-checked)",Define,Health;Human,OWL,1,1,2022-05-31T00:00:00.000+00:00,https://bioportal.bioontology.org/ontologies/HOME
bioportal,HOOM,HPO - ORDO Ontological Module,scored,10.0,0.21,0.21,0.0,10.0,5.0525,5.05,5.0525,5.05,same_as_strict,Connection,Biomedical_Resources;Health;Human;Phenotype,OWL,14,2.6,2018-03-08T12:00:00.000+00:00,https://bioportal.bioontology.org/ontologies/HOOM
bioportal,HOOM_V3,HOOM_New_Model,scored,10.0,0.0,0.0,0.0,8.0,4.5,4.5,4.5,4.5,"same_as_strict (1.0 result, not re-checked)",Define,Biomedical_Resources;Health;Human;Phenotype;Vocabularies,OWL,1,3.0,2025-12-09T15:12:56.000+00:00,https://bioportal.bioontology.org/ontologies/HOOM_V3
bioportal,HORD,Holistic Ontology of Rare Diseases,scored,9.96,0.01,0.01,0.01,10.0,4.995,5.0,4.995,5.0,"same_as_strict (1.0 result, not re-checked)",Define,Health,OWL,4,4.0,2019-08-29T00:00:00.000+00:00,https://bioportal.bioontology.org/ontologies/HORD
bioportal,HOSP,Hospital Vocabulary,scored,6.67,0.0,0.0,0.0,4.0,2.6675,2.67,2.6675,2.67,"same_as_strict (1.0 result, not re-checked)",Define,,OWL,1,v2015-09-30,2015-09-30T00:00:00.000+00:00,https://bioportal.bioontology.org/ontologies/HOSP
bioportal,HP,Human Phenotype Ontology,scored,10.0,4.82,4.82,4.81,10.0,7.4075,7.41,7.4075,7.41,"same_as_strict (1.0 result, not re-checked)",Connection,Health;Human;Phenotype,OBO,628,2026-09-01,2026-09-03T18:07:00.000-07:00,https://bioportal.bioontology.org/ontologies/HP
bioportal,HPIO,Host Pathogen Interactions Ontology,scored,9.96,6.26,6.26,1.06,9.0,6.569999999999999,6.57,6.569999999999999,6.57,"same_as_strict (1.0 result, not re-checked)",Connection,Health,OWL,2,1,2011-01-25T00:00:00.000-08:00,https://bioportal.bioontology.org/ontologies/HPIO
bioportal,HPO,Hypertension-Ontology,scored,0.0,0.0,0.0,2.11,10.0,3.0275,3.03,3.0275,3.03,"same_as_strict (1.0 result, not re-checked)",Describe,Health,OWL,1,,2023-12-02T00:00:00.000+00:00,https://bioportal.bioontology.org/ontologies/HPO
bioportal,HP_O,Hypersensitivity pneumonitis ontology,scored,9.8,0.0,0.0,3.92,10.0,5.93,5.93,5.93,5.93,"same_as_strict (1.0 result, not re-checked)",Define,Other,OWL,1,1.0,2018-07-17T00:00:00.000+00:00,https://bioportal.bioontology.org/ontologies/HP_O
bioportal,HRA,Human Reference Atlas,scored,10.0,0.19,0.19,0.15,10.0,5.085,5.08,5.085,5.08,"same_as_strict (1.0 result, not re-checked)",Connection,Biomedical_Resources;Human,OWL,12,v2.3,2026-06-09T00:00:00.000+00:00,https://bioportal.bioontology.org/ontologies/HRA
bioportal,HRAVS,HuBMAP Research Attributes Value Set,scored,9.99,5.05,5.05,0.0,0.0,3.76,3.76,3.76,3.76,"same_as_strict (1.0 result, not re-checked)",Connection,Vocabularies,SKOS,202,,2026-09-21T00:00:00.000+00:00,https://bioportal.bioontology.org/ontologies/HRAVS
bioportal,HRDO,Disease core ontology applied to Rare Diseases,scored,10.0,0.0,0.0,5.78,10.0,6.445,6.44,6.445,6.44,"same_as_strict (1.0 result, not re-checked)",Define,Health;Human,OWL,2,V2,2013-09-11T00:00:00.000+00:00,https://bioportal.bioontology.org/ontologies/HRDO
bioportal,HSAPDV,Human Developmental Stages Ontology,scored,9.96,6.99,6.99,8.8,10.0,8.9375,8.94,8.9375,8.94,"same_as_strict (1.0 result, not re-checked)",Define,,OWL,181,2025-01-23,2025-01-23T18:06:08.000-08:00,https://bioportal.bioontology.org/ontologies/HSAPDV
bioportal,HSCLO38,Homo sapiens Chromosomal Location Ontology for GRCh38,failed,,,,,,,,,,,,Biomedical_Resources;Genomic_and_Proteomic;Human,OWL,4,,2024-02-12T00:00:00.000+00:00,https://bioportal.bioontology.org/ontologies/HSCLO38
bioportal,HSO,Health Surveillance Ontology,scored,9.98,2.85,2.85,2.2,10.0,6.2575,6.26,6.2575,6.26,"same_as_strict (1.0 result, not re-checked)",Connection,Health,OWL,10,3.1.1,2025-09-11T08:57:17.000-07:00,https://bioportal.bioontology.org/ontologies/HSO
bioportal,HSPO,Health and Social Person-centric Ontology,scored,10.0,5.06,5.06,4.67,10.0,7.432499999999999,7.43,7.432499999999999,7.43,"same_as_strict (1.0 result, not re-checked)",Connection,Health;Other,OWL,3,0.1.0,2023-05-25T00:00:00.000+00:00,https://bioportal.bioontology.org/ontologies/HSPO
bioportal,HTN,Hypertension Ontology,scored,10.0,4.46,4.46,2.14,9.0,6.4,6.4,6.4,6.4,"same_as_strict (1.0 result, not re-checked)",Connection,Other,OWL,1,,2019-05-20T00:00:00.000+00:00,https://bioportal.bioontology.org/ontologies/HTN
bioportal,HTNCO,Hypertension Clinical Ontology,scored,10.0,0.0,0.0,0.89,8.0,4.7225,4.72,4.7225,4.72,"same_as_strict (1.0 result, not re-checked)",Define,Biomedical_Resources;Health,OWL,1,,2026-06-22T00:00:00.000+00:00,https://bioportal.bioontology.org/ontologies/HTNCO
bioportal,HUPSON,Human Physiology Simulation Ontology,scored,10.0,3.3,6.57,1.08,10.0,6.095000000000001,6.1,6.9125,6.91,http://scai.fraunhofer.de/HuPSON#SCAIVPH_00000009 [bioportal_definitionProperty + detected_by_name],Connection,Health,OWL,1,1.1.1,2014-04-08T00:00:00.000+00:00,https://bioportal.bioontology.org/ontologies/HUPSON
bioportal,I-ADOPT,I-ADOPT Framework Ontology,scored,9.0,5.65,5.65,2.42,6.0,5.7675,5.77,5.7675,5.77,"same_as_strict (1.0 result, not re-checked)",Connection,Other,OWL,6,1.1.0,2025-05-28T18:06:36.000-07:00,https://bioportal.bioontology.org/ontologies/I-ADOPT
bioportal,I2SV,Integration and Implementation Sciences Vocabulary,scored,9.95,0.04,0.04,0.0,0.0,2.4974999999999996,2.5,2.4974999999999996,2.5,"same_as_strict (1.0 result, not re-checked)",Connection,Other;Vocabularies,SKOS,5,1.0.0,2021-04-14T00:00:00.000+00:00,https://bioportal.bioontology.org/ontologies/I2SV
bioportal,IAML-MOP,IAML Medium of Performance Vocabulary,scored,9.98,0.02,0.02,0.0,0.0,2.5,2.5,2.5,2.5,"same_as_strict (1.0 result, not re-checked)",Connection,Other,SKOS,2,,2018-03-19T18:07:35.000-07:00,https://bioportal.bioontology.org/ontologies/IAML-MOP
bioportal,IAO,Information Artifact Ontology,scored,10.0,5.61,5.61,4.08,10.0,7.422499999999999,7.42,7.422499999999999,7.42,"same_as_strict (1.0 result, not re-checked)",Connection,Biomedical_Resources;Imaging;Other,OWL,11,2026-03-30,2026-04-10T18:06:30.000-07:00,https://bioportal.bioontology.org/ontologies/IAO
bioportal,IBD,Indian Biodiversity Ontology,scored,9.86,0.0,0.0,6.56,10.0,6.6049999999999995,6.6,6.6049999999999995,6.6,"same_as_strict (1.0 result, not re-checked)",Define,,OWL,1,1.1,2021-06-04T00:00:00.000+00:00,https://bioportal.bioontology.org/ontologies/IBD
bioportal,IBIO,IndianBiodiversity,scored,9.86,0.0,0.0,6.56,10.0,6.6049999999999995,6.6,6.6049999999999995,6.6,"same_as_strict (1.0 result, not re-checked)",Define,,OWL,1,,2021-06-19T00:00:00.000+00:00,https://bioportal.bioontology.org/ontologies/IBIO
bioportal,IBO,Imaging Biomarker Ontology,scored,10.0,2.14,2.14,2.77,10.0,6.2275,6.23,6.2275,6.23,"same_as_strict (1.0 result, not re-checked)",Define,Biological_Process;Health;Human;Imaging;Phenotype,OWL,2,,2017-09-15T00:00:00.000+00:00,https://bioportal.bioontology.org/ontologies/IBO
bioportal,ICD-O-3,"International Classification of Diseases for Oncology, 3rd edition",scored,10.0,0.18,0.18,0.04,9.0,4.805,4.8,4.805,4.8,"same_as_strict (1.0 result, not re-checked)",Connection,Biomedical_Resources;Dysfunction;Health;Human,OWL,5,OCD-O Revision 3.2 (complete),2024-03-19T00:00:00.000+00:00,https://bioportal.bioontology.org/ontologies/ICD-O-3
bioportal,ICD10,"International Classification of Diseases, Version 10",not_downloadable,,,,,,,,,,,,,UMLS,1,ICD10_1998,2013-05-08T00:00:00.000+00:00,https://bioportal.bioontology.org/ontologies/ICD10
bioportal,ICD10CM,"International Classification of Diseases, Version 10 - Clinical Modification",scored,10.0,0.0,0.0,7.68,10.0,6.92,6.92,6.92,6.92,"same_as_strict (1.0 result, not re-checked)",Define,Health,UMLS,28,2026,2025-11-03T00:00:00.000+00:00,https://bioportal.bioontology.org/ontologies/ICD10CM
bioportal,ICD10PCS,"International Classification of Diseases, Version 10 - Procedure Coding System",scored,10.0,0.0,0.0,7.68,8.0,6.42,6.42,6.42,6.42,"same_as_strict (1.0 result, not re-checked)",Define,Health,UMLS,27,2026,2025-11-03T00:00:00.000+00:00,https://bioportal.bioontology.org/ontologies/ICD10PCS
bioportal,ICD9CM,"International Classification of Diseases, Version 9 - Clinical Modification",scored,10.0,0.0,0.0,7.66,10.0,6.915,6.92,6.915,6.92,"same_as_strict (1.0 result, not re-checked)",Define,,UMLS,26,ICD9CM_2014,2024-05-06T00:00:00.000+00:00,https://bioportal.bioontology.org/ontologies/ICD9CM
bioportal,ICDO,International Classification of Diseases Ontology,scored,9.99,5.01,5.01,1.32,10.0,6.58,6.58,6.58,6.58,"same_as_strict (1.0 result, not re-checked)",Connection,Health;Human,OWL,13,1.0.83,2024-04-19T18:07:48.000+00:00,https://bioportal.bioontology.org/ontologies/ICDO
bioportal,ICECI,International Classification of  External Causes of Injuries,scored,10.0,0.0,0.0,0.86,10.0,5.215,5.22,5.215,5.22,"same_as_strict (1.0 result, not re-checked)",Define,,OWL,6,Original Source: 1.2; OWL version 1.02,2004-07-01T00:00:00.000-07:00,https://bioportal.bioontology.org/ontologies/ICECI
bioportal,ICEO,Integrative and Conjugative Element Ontology,scored,10.0,0.92,0.92,7.98,10.0,7.225,7.22,7.225,7.22,"same_as_strict (1.0 result, not re-checked)",Define,Other,OWL,31,2.1,2021-10-03T18:04:34.000-07:00,https://bioportal.bioontology.org/ontologies/ICEO
bioportal,ICF,"International Classification of Functioning, Disability and Health",scored,9.26,0.0,0.0,7.8,10.0,6.765,6.76,6.765,6.76,http://who.int/icd#definition [bioportal_definitionProperty],Define,Health;Human;Vocabularies,OWL,3,1.0.2,2012-05-08T00:00:00.000-07:00,https://bioportal.bioontology.org/ontologies/ICF
bioportal,ICHOM-PROMS-PCB,ICHOM Set Pregnancy and Childbirth,scored,9.91,6.58,6.58,0.0,0.0,4.1225000000000005,4.12,4.1225000000000005,4.12,"same_as_strict (1.0 result, not re-checked)",Connection,Biomedical_Resources;Health;Human,SKOS,3,,2023-05-08T00:00:00.000+00:00,https://bioportal.bioontology.org/ontologies/ICHOM-PROMS-PCB
bioportal,ICNP,International Classification for Nursing Practice,not_downloadable,,,,,,,,,,,,Taxonomic_Classification,OWL,6,classified,2019-06-27T00:00:00.000+00:00,https://bioportal.bioontology.org/ontologies/ICNP
bioportal,ICO,Informed Consent Ontology,scored,10.0,6.05,6.05,2.03,10.0,7.0200000000000005,7.02,7.0200000000000005,7.02,"same_as_strict (1.0 result, not re-checked)",Connection,Health,OWL,19,2026-02-28,2026-02-28T18:06:17.000-08:00,https://bioportal.bioontology.org/ontologies/ICO
bioportal,ICOP,International Classification of Orofacial Pain Ontology,scored,9.98,6.64,6.64,6.35,9.0,7.9925,7.99,7.9925,7.99,"same_as_strict (1.0 result, not re-checked)",Connection,Biomedical_Resources;Human,OWL,1,2026-04-03,2026-04-18T00:00:00.000+00:00,https://bioportal.bioontology.org/ontologies/ICOP
bioportal,ICPC2P,International Classification of Primary Care - 2 PLUS,not_downloadable,,,,,,,,,,,,Health,UMLS,24,ICPC2P_2005,2024-05-06T00:00:00.000+00:00,https://bioportal.bioontology.org/ontologies/ICPC2P
bioportal,ICPS,International Classification for Patient Safety,scored,10.0,0.14,0.14,6.02,10.0,6.54,6.54,6.54,6.54,"same_as_strict (1.0 result, not re-checked)",Define,Health,OWL,7,Created by Aldo Gangemi and Valentina Presutti,2010-06-28T00:00:00.000-07:00,https://bioportal.bioontology.org/ontologies/ICPS
bioportal,ICW,International Classification of Wellness,scored,10.0,0.04,0.04,0.0,10.0,5.01,5.01,5.01,5.01,"same_as_strict (1.0 result, not re-checked)",Connection,Health;Taxonomic_Classification,OWL,5,1.3,2025-08-29T00:00:00.000+00:00,https://bioportal.bioontology.org/ontologies/ICW
bioportal,ID-AMR,Infectious Diseases and Antimicrobial Resistance,scored,9.96,0.12,0.12,0.0,0.0,2.52,2.52,2.52,2.52,"same_as_strict (1.0 result, not re-checked)",Connection,Health,SKOS,35,1.2.1,2021-09-30T00:00:00.000+00:00,https://bioportal.bioontology.org/ontologies/ID-AMR
bioportal,IDEM,IDEM: wInD Energy Models Taxonomy,scored,9.76,0.14,0.14,0.0,0.0,2.475,2.48,2.475,2.48,"same_as_strict (1.0 result, not re-checked)",Connection,,SKOS,2,v0.1.0,2021-10-05T00:00:00.000+00:00,https://bioportal.bioontology.org/ontologies/IDEM
bioportal,IDG_GL,IDG gene list,scored,10.0,0.0,0.0,0.0,7.0,4.25,4.25,4.25,4.25,"same_as_strict (1.0 result, not re-checked)",Define,Other,OWL,5,1.0,2019-03-20T00:00:00.000+00:00,https://bioportal.bioontology.org/ontologies/IDG_GL
bioportal,IDO,Infectious Disease Ontology,scored,10.0,6.05,6.05,3.14,10.0,7.2975,7.3,7.2975,7.3,"same_as_strict (1.0 result, not re-checked)",Connection,All_Organisms;Health,OWL,13,8-3-20,2017-11-03T00:00:00.000+00:00,https://bioportal.bioontology.org/ontologies/IDO
bioportal,IDO-COVID-19,The COVID-19 Infectious Disease Ontology,scored,10.0,6.05,6.05,3.02,10.0,7.2675,7.27,7.2675,7.27,"same_as_strict (1.0 result, not re-checked)",Connection,Other,OWL,2,8-3-2020,2020-06-05T00:00:00.000+00:00,https://bioportal.bioontology.org/ontologies/IDO-COVID-19
bioportal,IDOBRU,Brucellosis Ontology,scored,10.0,4.19,4.19,4.79,10.0,7.245,7.24,7.245,7.24,"same_as_strict (1.0 result, not re-checked)",Define,Health,OWL,61,Arbor version; 1.2.92,2015-03-28T18:04:35.000-07:00,https://bioportal.bioontology.org/ontologies/IDOBRU
bioportal,IDODEN,Dengue Fever Ontology,scored,10.0,6.41,6.41,0.99,10.0,6.85,6.85,6.85,6.85,"same_as_strict (1.0 result, not re-checked)",Connection,Health;Human;Other,OWL,6,0.15b,2013-07-12T00:00:00.000-07:00,https://bioportal.bioontology.org/ontologies/IDODEN
bioportal,IDOMAL,Malaria Ontology,scored,10.0,5.3,5.3,6.65,10.0,7.987500000000001,7.99,7.987500000000001,7.99,"same_as_strict (1.0 result, not re-checked)",Define,,OBO,186,1.3.9,2015-03-16T00:00:00.000+00:00,https://bioportal.bioontology.org/ontologies/IDOMAL
bioportal,IDQA,Image and Data Quality Assessment Ontology,scored,9.96,0.7,0.7,0.4,10.0,5.265000000000001,5.26,5.265000000000001,5.26,"same_as_strict (1.0 result, not re-checked)",Connection,Imaging,OBO,8,v50,2013-08-25T00:00:00.000-07:00,https://bioportal.bioontology.org/ontologies/IDQA
bioportal,IFAR,Fanconi Anemia Ontology,scored,10.0,6.43,6.43,0.0,10.0,6.6075,6.61,6.6075,6.61,"same_as_strict (1.0 result, not re-checked)",Connection,Other,OWL,5,3,2013-06-26T00:00:00.000-07:00,https://bioportal.bioontology.org/ontologies/IFAR
bioportal,ILLNESSINJURY,Illness and Injury,scored,2.91,0.0,0.0,0.0,7.0,2.4775,2.48,2.4775,2.48,"same_as_strict (1.0 result, not re-checked)",Define,Health;Human;Taxonomic_Classification,OWL,1,1.0.2,2018-07-22T00:00:00.000+00:00,https://bioportal.bioontology.org/ontologies/ILLNESSINJURY
bioportal,IMGT-ONTOLOGY,Immunogenetics Ontology,scored,10.0,7.12,7.12,4.06,10.0,7.795,7.8,7.795,7.8,"same_as_strict (1.0 result, not re-checked)",Connection,Immunology,OWL,5,1.0.3,2019-07-22T00:00:00.000+00:00,https://bioportal.bioontology.org/ontologies/IMGT-ONTOLOGY
bioportal,IMOBO,Intelligent Medicine oriented Biobank Ontology,scored,9.9,0.0,0.0,0.0,9.0,4.725,4.72,4.725,4.72,"same_as_strict (1.0 result, not re-checked)",Define,Biomedical_Resources;Human,OWL,1,0.1,2024-06-04T00:00:00.000+00:00,https://bioportal.bioontology.org/ontologies/IMOBO
bioportal,INBANCIDO,Assessment of Indian Economy During Covid-19 ,scored,10.0,3.37,3.37,8.25,10.0,7.905,7.9,7.905,7.9,"same_as_strict (1.0 result, not re-checked)",Define,,OWL,1,1.0.214,2021-07-05T00:00:00.000+00:00,https://bioportal.bioontology.org/ontologies/INBANCIDO
bioportal,INBIO,Invasion Biology Ontology,scored,10.0,4.96,4.96,3.17,9.0,6.782500000000001,6.78,6.782500000000001,6.78,"same_as_strict (1.0 result, not re-checked)",Connection,,OWL,3,1.2,2025-02-14T00:00:00.000+00:00,https://bioportal.bioontology.org/ontologies/INBIO
bioportal,INBIODIV,An Ontology for Indian Biodiversity Knowledge Management,scored,9.3,0.04,0.04,3.66,10.0,5.75,5.75,5.75,5.75,"same_as_strict (1.0 result, not re-checked)",Define,,OWL,1,1.1,2021-06-25T00:00:00.000+00:00,https://bioportal.bioontology.org/ontologies/INBIODIV
bioportal,INCENTIVE,INCENTIVE Community Controlled Vocabulary,scored,9.88,3.31,3.31,0.0,0.0,3.2975000000000003,3.3,3.2975000000000003,3.3,"same_as_strict (1.0 result, not re-checked)",Connection,,SKOS,7,0.1.3,2023-11-23T00:00:00.000+00:00,https://bioportal.bioontology.org/ontologies/INCENTIVE
bioportal,INCENTIVE-VARS,INCENTIVE Variables,scored,9.88,3.31,3.31,0.0,0.0,3.2975000000000003,3.3,3.2975000000000003,3.3,"same_as_strict (1.0 result, not re-checked)",Connection,,SKOS,9,0.1.0,2023-11-23T18:06:01.000-08:00,https://bioportal.bioontology.org/ontologies/INCENTIVE-VARS
bioportal,INFECTION_TRANS,Infection Transmission Ontology,scored,8.57,3.51,3.51,1.38,6.0,4.865,4.86,4.865,4.86,"same_as_strict (1.0 result, not re-checked)",Connection,,OWL,2,1.0.2,2022-07-13T00:00:00.000+00:00,https://bioportal.bioontology.org/ontologies/INFECTION_TRANS
bioportal,INFRA-EN,Infrastructure,not_downloadable,,,,,,,,,,,,Upper_Level_Ontology,OWL,1,1.0,2021-04-07T00:00:00.000+00:00,https://bioportal.bioontology.org/ontologies/INFRA-EN
bioportal,INFRARISK,InfraRisk Ontology,scored,9.71,5.19,5.19,0.0,10.0,6.2250000000000005,6.22,6.2250000000000005,6.22,"same_as_strict (1.0 result, not re-checked)",Connection,Other,OWL,1,1.0,2016-03-01T00:00:00.000+00:00,https://bioportal.bioontology.org/ontologies/INFRARISK
bioportal,INJURYTYPES,Injury Types,scored,9.17,4.51,4.51,0.0,0.0,3.42,3.42,3.42,3.42,"same_as_strict (1.0 result, not re-checked)",Connection,Other,SKOS,1,,2022-12-07T00:00:00.000+00:00,https://bioportal.bioontology.org/ontologies/INJURYTYPES
bioportal,INO,Interaction Network Ontology,scored,9.97,5.76,5.76,0.71,10.0,6.61,6.61,6.61,6.61,"same_as_strict (1.0 result, not re-checked)",Connection,All_Organisms;Biological_Process,OWL,34,1.1.13,2022-03-27T18:06:10.000-07:00,https://bioportal.bioontology.org/ontologies/INO
bioportal,INSECTH,insectH,scored,8.2,0.0,0.0,0.0,10.0,4.55,4.55,4.55,4.55,"same_as_strict (1.0 result, not re-checked)",Define,Anatomy,OWL,7,0.1,2019-11-22T18:07:08.000-08:00,https://bioportal.bioontology.org/ontologies/INSECTH
bioportal,INSNAME,VODANAINSNAMES,scored,9.63,4.77,4.77,0.0,0.0,3.6,3.6,3.6,3.6,"same_as_strict (1.0 result, not re-checked)",Connection,Other,SKOS,5,5,2021-03-26T00:00:00.000+00:00,https://bioportal.bioontology.org/ontologies/INSNAME
bioportal,INTO,Indian Terrorism Ontology,scored,2.19,0.09,0.09,7.1,10.0,4.845,4.84,4.845,4.84,"same_as_strict (1.0 result, not re-checked)",Define,,OWL,1,1.1,2021-06-07T00:00:00.000+00:00,https://bioportal.bioontology.org/ontologies/INTO
bioportal,INTVEETYPE,Interviewee Type,scored,8.89,3.99,3.99,0.0,0.0,3.22,3.22,3.22,3.22,"same_as_strict (1.0 result, not re-checked)",Connection,Other,SKOS,1,,2022-12-07T00:00:00.000+00:00,https://bioportal.bioontology.org/ontologies/INTVEETYPE
bioportal,INTVMODE,Interview Mode,scored,9.09,4.61,4.61,0.0,0.0,3.425,3.42,3.425,3.42,"same_as_strict (1.0 result, not re-checked)",Connection,,SKOS,1,,2022-12-07T00:00:00.000+00:00,https://bioportal.bioontology.org/ontologies/INTVMODE
bioportal,INVERSEROLES,ISO-15926-2_2003_inverseRoles,scored,0.1,0.0,0.0,4.18,10.0,3.57,3.57,3.57,3.57,"same_as_strict (1.0 result, not re-checked)",Define,Other,OWL,1,Generated 2008-09-03T19:12:44.687+02:00,2016-01-08T00:00:00.000+00:00,https://bioportal.bioontology.org/ontologies/INVERSEROLES
bioportal,IOBC,Interlinking Ontology for Biological Concepts,scored,10.0,0.0,0.0,4.22,10.0,6.055,6.06,6.055,6.06,"same_as_strict (1.0 result, not re-checked)",Define,,OWL,25,version 1.6.0,2021-09-25T00:00:00.000+00:00,https://bioportal.bioontology.org/ontologies/IOBC
bioportal,IPD,injury process description ontology,scored,8.57,3.17,3.17,3.2,8.0,5.735,5.74,5.735,5.74,"same_as_strict (1.0 result, not re-checked)",Define,,OWL,2,1.0,2023-01-22T00:00:00.000+00:00,https://bioportal.bioontology.org/ontologies/IPD
bioportal,IRAEO,Immune-Related Adverse Event Ontology,scored,9.99,0.0,0.0,4.12,10.0,6.0275,6.03,6.0275,6.03,"same_as_strict (1.0 result, not re-checked)",Define,Biomedical_Resources,OWL,1,,2026-05-04T00:00:00.000+00:00,https://bioportal.bioontology.org/ontologies/IRAEO
bioportal,IRD,Inherited Retinal Dystrophies,scored,9.94,0.0,0.0,0.0,10.0,4.984999999999999,4.98,4.984999999999999,4.98,"same_as_strict (1.0 result, not re-checked)",Define,,OWL,1,,2019-10-21T00:00:00.000+00:00,https://bioportal.bioontology.org/ontologies/IRD
bioportal,IRDG,Data harmonization ontology for cross border malaria surveillance ,scored,6.4,4.05,4.05,3.72,8.0,5.5425,5.54,5.5425,5.54,"same_as_strict (1.0 result, not re-checked)",Connection,Health,OWL,1,,2018-10-12T00:00:00.000+00:00,https://bioportal.bioontology.org/ontologies/IRDG
bioportal,ISO-15926-2_2003,ISO-15926-2_2003_oil,scored,0.1,0.0,0.0,4.18,10.0,3.57,3.57,3.57,3.57,"same_as_strict (1.0 result, not re-checked)",Define,Upper_Level_Ontology,OWL,1,Generated 2008-02-21T17:29:19.558+01:00,2016-01-08T00:00:00.000+00:00,https://bioportal.bioontology.org/ontologies/ISO-15926-2_2003
bioportal,ISO-ANNOTATIONS,ISO-15926-2_2003_annotations,scored,10.0,0.0,0.0,4.18,10.0,6.045,6.04,6.045,6.04,"same_as_strict (1.0 result, not re-checked)",Define,Other,OWL,1,,2016-01-09T00:00:00.000+00:00,https://bioportal.bioontology.org/ontologies/ISO-ANNOTATIONS
bioportal,ISO-FOOD,A formal representation of the knowledge within the domain of Isotopes for Food Science,scored,9.24,1.86,1.86,2.45,10.0,5.8875,5.89,5.8875,5.89,"same_as_strict (1.0 result, not re-checked)",Define,Chemical,OWL,1,,2018-10-22T00:00:00.000+00:00,https://bioportal.bioontology.org/ontologies/ISO-FOOD
bioportal,ISO19108TO,ISO 19108 Temporal Objects,scored,10.0,1.93,1.93,3.06,8.0,5.7475000000000005,5.75,5.7475000000000005,5.75,"same_as_strict (1.0 result, not re-checked)",Define,Other,OWL,2,2006-10-15,2017-07-16T18:04:36.000-07:00,https://bioportal.bioontology.org/ontologies/ISO19108TO
bioportal,ISO19110,ISO 19110 Methodology for Feature Cataloguing,scored,9.32,2.42,2.42,2.92,8.0,5.665,5.66,5.665,5.66,"same_as_strict (1.0 result, not re-checked)",Define,Other,OWL,2,2005-02-15,2017-07-22T00:00:00.000+00:00,https://bioportal.bioontology.org/ontologies/ISO19110
bioportal,ISO19115,ISO 19115,scored,10.0,6.02,6.02,1.43,7.0,6.1125,6.11,6.1125,6.11,"same_as_strict (1.0 result, not re-checked)",Connection,Other,OWL,3,version 1.10,2017-02-23T18:06:40.000-08:00,https://bioportal.bioontology.org/ontologies/ISO19115
bioportal,ISO19115CC,ISO 19115 Common Classes,scored,6.53,0.93,0.93,0.99,5.0,3.3625,3.36,3.3625,3.36,"same_as_strict (1.0 result, not re-checked)",Define,Other,OWL,3,2014,2017-07-16T00:00:00.000+00:00,https://bioportal.bioontology.org/ontologies/ISO19115CC
bioportal,ISO19115CI,ISO 19115 Citation Information,scored,5.94,0.39,0.39,0.38,7.0,3.4275,3.43,3.4275,3.43,"same_as_strict (1.0 result, not re-checked)",Connection,Other,OWL,4,2014,2017-07-20T00:00:00.000+00:00,https://bioportal.bioontology.org/ontologies/ISO19115CI
bioportal,ISO19115CON,ISO 19115 Constraints Information,scored,10.0,0.58,0.58,0.78,7.0,4.59,4.59,4.59,4.59,"same_as_strict (1.0 result, not re-checked)",Define,Other,OWL,3,2014,2017-12-03T00:00:00.000+00:00,https://bioportal.bioontology.org/ontologies/ISO19115CON
bioportal,ISO19115DI,ISO 19115 Distribution Information,scored,7.94,1.11,1.11,1.58,7.0,4.407500000000001,4.41,4.407500000000001,4.41,"same_as_strict (1.0 result, not re-checked)",Define,Other,OWL,3,2014,2017-07-16T00:00:00.000+00:00,https://bioportal.bioontology.org/ontologies/ISO19115DI
bioportal,ISO19115DTC,ISO 19115 Date Type Code,scored,9.47,6.04,6.04,0.0,7.0,5.6275,5.63,5.6275,5.63,"same_as_strict (1.0 result, not re-checked)",Connection,Other,OWL,1,2.0,2017-07-17T00:00:00.000+00:00,https://bioportal.bioontology.org/ontologies/ISO19115DTC
bioportal,ISO19115EX,ISO 19115 Extent Information,scored,10.0,3.41,3.41,3.52,6.0,5.7325,5.73,5.7325,5.73,"same_as_strict (1.0 result, not re-checked)",Define,Other,OWL,28,2014,2017-08-11T00:00:00.000+00:00,https://bioportal.bioontology.org/ontologies/ISO19115EX
bioportal,ISO19115ID,ISO 19115 Identification Information,scored,10.0,0.29,0.29,0.57,7.0,4.465,4.46,4.465,4.46,"same_as_strict (1.0 result, not re-checked)",Define,Other,OWL,6,2003-05-0,2017-07-09T18:05:21.000-07:00,https://bioportal.bioontology.org/ontologies/ISO19115ID
bioportal,ISO19115MI,ISO 19115 Metadata Information,scored,10.0,0.54,0.54,0.78,5.0,4.08,4.08,4.08,4.08,"same_as_strict (1.0 result, not re-checked)",Define,,OWL,126,2014,2018-04-12T18:05:24.000-07:00,https://bioportal.bioontology.org/ontologies/ISO19115MI
bioportal,ISO19115PR,ISO 19115 Codelists,scored,9.97,5.79,5.79,0.72,7.0,5.87,5.87,5.87,5.87,"same_as_strict (1.0 result, not re-checked)",Connection,Other,OWL,5,2.0,2017-12-01T19:04:29.000-08:00,https://bioportal.bioontology.org/ontologies/ISO19115PR
bioportal,ISO19115ROLES,ISO 19115 Role Codes,scored,9.13,5.85,5.85,0.0,0.0,3.745,3.74,3.745,3.74,"same_as_strict (1.0 result, not re-checked)",Connection,,SKOS,6,2.0,2015-09-10T00:00:00.000+00:00,https://bioportal.bioontology.org/ontologies/ISO19115ROLES
bioportal,ISO19115SRS,ISO 19115 Reference Systems,scored,5.69,3.34,3.34,0.13,5.0,3.5400000000000005,3.54,3.5400000000000005,3.54,"same_as_strict (1.0 result, not re-checked)",Connection,Other,OWL,4,2014,2018-04-11T18:04:53.000-07:00,https://bioportal.bioontology.org/ontologies/ISO19115SRS
bioportal,ISO19115TCC,ISO 19115 Topic Categories,scored,10.0,7.0,7.0,0.0,7.0,6.0,6.0,6.0,6.0,"same_as_strict (1.0 result, not re-checked)",Connection,Other,OWL,11,,2017-07-21T00:00:00.000+00:00,https://bioportal.bioontology.org/ontologies/ISO19115TCC
bioportal,ISO639-1,ISO 639-1: Codes for the Representation of Names of Languages - Part 1: Two-letter codes for languages,scored,9.95,5.8,5.8,0.0,0.0,3.9375,3.94,3.9375,3.94,"same_as_strict (1.0 result, not re-checked)",Connection,Vocabularies,SKOS,1,1.0.0,2020-10-19T00:00:00.000+00:00,https://bioportal.bioontology.org/ontologies/ISO639-1
bioportal,ISO639-2,ISO 639-2: Codes for the Representation of Names of Languages,scored,0.01,0.0,0.0,9.06,8.0,4.2675,4.27,4.2675,4.27,"same_as_strict (1.0 result, not re-checked)",Define,Other,OWL,3,,2017-12-01T19:04:52.000-08:00,https://bioportal.bioontology.org/ontologies/ISO639-2
bioportal,ISPO,Integrated Ontology for Symptom Phenotype Terminologies,scored,10.0,0.0,0.0,0.0,10.0,5.0,5.0,5.0,5.0,"same_as_strict (1.0 result, not re-checked)",Define,Health,OWL,1,2023V1,2023-01-10T00:00:00.000+00:00,https://bioportal.bioontology.org/ontologies/ISPO
bioportal,ISSVA,International Society for the Study of Vascular Anomalies (ISSVA) Ontology,scored,10.0,0.85,0.85,1.14,10.0,5.4975000000000005,5.5,5.4975000000000005,5.5,"same_as_strict (1.0 result, not re-checked)",Define,Health,OWL,5,1.1.3,2021-02-19T00:00:00.000+00:00,https://bioportal.bioontology.org/ontologies/ISSVA
bioportal,ITEMAS,Medical Technology Innovation in healthcare centers,scored,9.5,0.0,0.0,6.97,10.0,6.6175,6.62,6.6175,6.62,"same_as_strict (1.0 result, not re-checked)",Define,Other,OWL,1,3.0,2017-11-16T00:00:00.000+00:00,https://bioportal.bioontology.org/ontologies/ITEMAS
bioportal,ITO,Intelligence Task Ontology,scored,10.0,0.45,0.45,0.07,10.0,5.13,5.13,5.13,5.13,"same_as_strict (1.0 result, not re-checked)",Connection,Other,OWL,17,"1.12 (PWC export dated 2022-07-30) - internal, just a minor fix",2022-09-09T00:00:00.000+00:00,https://bioportal.bioontology.org/ontologies/ITO
bioportal,IVAN,IVAN OTERO,not_downloadable,,,,,,,,,,,,,OWL,1,,2025-10-17T00:00:00.000+00:00,https://bioportal.bioontology.org/ontologies/IVAN
bioportal,IXNO,Interaction Ontology,scored,9.85,4.91,4.91,6.46,9.0,7.555,7.56,7.555,7.56,"same_as_strict (1.0 result, not re-checked)",Define,Other,OBO,2,1,2011-01-25T00:00:00.000-08:00,https://bioportal.bioontology.org/ontologies/IXNO
bioportal,JERM,Just Enough Results Model Ontology,scored,10.0,0.32,1.6,0.97,10.0,5.3225,5.32,5.6425,5.64,http://purl.org/dc/elements/1.1/description [bioportal_definitionProperty],Define,Biological_Process;Biomedical_Resources;Experimental_Conditions;Other,OWL,15,2,2017-09-26T00:00:00.000+00:00,https://bioportal.bioontology.org/ontologies/JERM
bioportal,JFO,Japanese Food Ontology,scored,10.0,0.02,0.02,2.96,10.0,5.745,5.74,5.745,5.74,same_as_strict,Define,Development;Health,OWL,71,0.90,2026-07-06T00:00:00.000+00:00,https://bioportal.bioontology.org/ontologies/JFO
bioportal,JSO,JS Ontology,no_submission,,,,,,,,,,,,Development,,-1,,,https://bioportal.bioontology.org/ontologies/JSO
bioportal,KENYAANC,kenyaancfile,scored,9.87,6.02,6.02,0.0,0.0,3.9724999999999997,3.97,3.9724999999999997,3.97,"same_as_strict (1.0 result, not re-checked)",Connection,,OWL,1,1,2021-11-12T00:00:00.000+00:00,https://bioportal.bioontology.org/ontologies/KENYAANC
bioportal,KGCL,Knowledge Graph Change Language,scored,9.9,4.94,4.94,3.85,10.0,7.1725,7.17,7.1725,7.17,"same_as_strict (1.0 result, not re-checked)",Connection,,OWL,9,0.1.0,2024-11-15T18:11:35.000-08:00,https://bioportal.bioontology.org/ontologies/KGCL
bioportal,KISAO,Kinetic Simulation Algorithm Ontology,scored,10.0,6.16,6.16,6.75,10.0,8.2275,8.23,8.2275,8.23,"same_as_strict (1.0 result, not re-checked)",Define,Other,OWL,64,2.34,2026-06-02T18:09:29.000-07:00,https://bioportal.bioontology.org/ontologies/KISAO
bioportal,KOIO,Knowledge Object Implementation Ontology,scored,10.0,5.44,5.44,3.39,10.0,7.2075000000000005,7.21,7.2075000000000005,7.21,"same_as_strict (1.0 result, not re-checked)",Connection,Other;Upper_Level_Ontology;Vocabularies,OWL,1,2.1,2025-02-19T00:00:00.000+00:00,https://bioportal.bioontology.org/ontologies/KOIO
bioportal,KORO,Knowledge Object Reference Ontology,scored,10.0,6.01,6.01,2.75,9.0,6.9399999999999995,6.94,6.9399999999999995,6.94,"same_as_strict (1.0 result, not re-checked)",Connection,Biomedical_Resources,OWL,6,1.3,2018-02-12T00:00:00.000+00:00,https://bioportal.bioontology.org/ontologies/KORO
bioportal,KTAO,Kidney Tissue Atlas Ontology,scored,10.0,4.42,4.42,8.33,10.0,8.1875,8.19,8.1875,8.19,"same_as_strict (1.0 result, not re-checked)",Define,Anatomy;Biological_Process;Biomedical_Resources;Cell;Cellular_anatomy_;Development;Dysfunction;Gene_Product;Genomic_and_Proteomic;Health;Human;Human_Developmental_Anatomy;Molecule;Phenotype;Subcellular;Subcellular_anatomy,OWL,20,Vision Release: 1.0.121,2024-03-16T18:07:22.000-07:00,https://bioportal.bioontology.org/ontologies/KTAO
bioportal,KUSIIMA,naava,no_submission,,,,,,,,,,,,All_Organisms,,-1,,,https://bioportal.bioontology.org/ontologies/KUSIIMA
bioportal,LABO,clinical LABoratory Ontology,scored,10.0,4.59,4.59,5.18,9.0,7.1925,7.19,7.1925,7.19,"same_as_strict (1.0 result, not re-checked)",Define,Other,OWL,4,,2021-02-19T18:06:38.000-08:00,https://bioportal.bioontology.org/ontologies/LABO
bioportal,LAND-SURFACE,Land Surface classifiers,scored,9.98,6.88,6.88,0.0,0.0,4.215,4.22,4.215,4.22,"same_as_strict (1.0 result, not re-checked)",Connection,Vocabularies,SKOS,1,3rd Edition,2021-04-02T00:00:00.000+00:00,https://bioportal.bioontology.org/ontologies/LAND-SURFACE
bioportal,LANDFORM,Landform classifiers,scored,9.98,5.05,5.05,8.06,0.0,5.772500000000001,5.77,5.772500000000001,5.77,"same_as_strict (1.0 result, not re-checked)",Flat,Vocabularies,SKOS,2,3rd edition,2021-04-02T00:00:00.000+00:00,https://bioportal.bioontology.org/ontologies/LANDFORM
bioportal,LBO,Livestock Breed Ontology,scored,9.99,0.34,0.34,0.34,9.0,4.9175,4.92,4.9175,4.92,"same_as_strict (1.0 result, not re-checked)",Define,,OBO,77,2026-07-22,2026-07-22T00:00:00.000+00:00,https://bioportal.bioontology.org/ontologies/LBO
bioportal,LC-CARRIERS,Library of Congress Carriers Scheme,scored,9.85,0.1,0.1,0.0,0.0,2.4875,2.49,2.4875,2.49,"same_as_strict (1.0 result, not re-checked)",Connection,,SKOS,6,,2026-08-19T18:06:46.000-07:00,https://bioportal.bioontology.org/ontologies/LC-CARRIERS
bioportal,LC-MEDIA,Library of Congress Media Types Scheme,scored,6.5,0.34,0.34,0.0,0.0,1.71,1.71,1.71,1.71,"same_as_strict (1.0 result, not re-checked)",Connection,,SKOS,17,,2020-07-02T18:05:12.000-07:00,https://bioportal.bioontology.org/ontologies/LC-MEDIA
bioportal,LCCCOUNTRYCODES,LCC ISO 1366-1 Country Codes,scored,9.98,5.83,5.83,8.53,9.0,8.335,8.34,8.335,8.34,"same_as_strict (1.0 result, not re-checked)",Define,Other;Vocabularies,SKOS,2,,2021-10-30T01:57:18.000+02:00,https://bioportal.bioontology.org/ontologies/LCCCOUNTRYCODES
bioportal,LCDGT,Library of Congress Demographic Group Terms,scored,9.0,0.71,0.71,0.0,0.0,2.4275,2.43,2.4275,2.43,"same_as_strict (1.0 result, not re-checked)",Connection,,SKOS,2,,2018-01-01T00:00:00.000+00:00,https://bioportal.bioontology.org/ontologies/LCDGT
bioportal,LCGFT,Library of Congress Genre/Form Thesaurus for Library and Archival Materials,scored,10.0,0.0,0.0,0.0,0.0,2.5,2.5,2.5,2.5,"same_as_strict (1.0 result, not re-checked)",Define,Other,SKOS,3,2017-09-05,2017-09-05T00:00:00.000+00:00,https://bioportal.bioontology.org/ontologies/LCGFT
bioportal,LDA,Ontology of Language Disorder in Autism,scored,9.73,6.66,6.66,0.0,8.0,6.0975,6.1,6.0975,6.1,"same_as_strict (1.0 result, not re-checked)",Connection,Health,OWL,1,12-15-2008,2008-12-15T00:00:00.000-08:00,https://bioportal.bioontology.org/ontologies/LDA
bioportal,LDBASE,LDbase,scored,9.98,0.02,0.02,0.0,0.0,2.5,2.5,2.5,2.5,"same_as_strict (1.0 result, not re-checked)",Connection,Development;Human;Other,SKOS,2,0.0.1,2024-02-27T00:00:00.000+00:00,https://bioportal.bioontology.org/ontologies/LDBASE
bioportal,LEGALAPA,legalapa,scored,0.0,0.0,0.0,0.0,7.0,1.75,1.75,1.75,1.75,"same_as_strict (1.0 result, not re-checked)",Describe,,OWL,1,01,2014-12-19T00:00:00.000+00:00,https://bioportal.bioontology.org/ontologies/LEGALAPA
bioportal,LEGALAPATEST2,apalegal,scored,0.0,0.0,0.0,0.0,7.0,1.75,1.75,1.75,1.75,"same_as_strict (1.0 result, not re-checked)",Describe,,OWL,1,1,2014-12-21T00:00:00.000+00:00,https://bioportal.bioontology.org/ontologies/LEGALAPATEST2
bioportal,LEO,Living Environment Ontology,scored,9.91,0.0,0.0,0.0,10.0,4.9775,4.98,4.9775,4.98,"same_as_strict (1.0 result, not re-checked)",Define,Health;Human,OWL,1,1.0,2024-12-05T00:00:00.000+00:00,https://bioportal.bioontology.org/ontologies/LEO
bioportal,LEPAO,Lepidoptera Anatomy Ontology,scored,9.99,5.24,5.24,7.94,10.0,8.2925,8.29,8.2925,8.29,"same_as_strict (1.0 result, not re-checked)",Define,Other,OWL,2,2023-02-18,2023-02-19T18:09:34.000-08:00,https://bioportal.bioontology.org/ontologies/LEPAO
bioportal,LHN,Loggerhead Nesting Ontology,scored,9.97,4.4,4.4,5.38,9.0,7.1875,7.19,7.1875,7.19,"same_as_strict (1.0 result, not re-checked)",Define,,OWL,4,,2013-05-10T00:00:00.000+00:00,https://bioportal.bioontology.org/ontologies/LHN
bioportal,LHO,LivestockHealthOntology,scored,9.96,6.14,6.14,4.91,9.0,7.5025,7.5,7.5025,7.5,"same_as_strict (1.0 result, not re-checked)",Connection,All_Organisms;Animal_Development;Biomedical_Resources;Health;Taxonomic_Classification;Vocabularies,OWL,9,V1.4,2025-12-19T00:00:00.000+00:00,https://bioportal.bioontology.org/ontologies/LHO
bioportal,LIB,MWS-WSM,no_submission,,,,,,,,,,,,,,-1,,,https://bioportal.bioontology.org/ontologies/LIB
bioportal,LIBRARY,wsm24,no_submission,,,,,,,,,,,,Other,,-1,,,https://bioportal.bioontology.org/ontologies/LIBRARY
bioportal,LICO,Liver Case Ontology (LiCO),scored,9.89,0.0,0.0,2.05,10.0,5.485,5.48,5.485,5.48,"same_as_strict (1.0 result, not re-checked)",Define,Health,OWL,2,"changes
* Segments and Regions are modelling as Classes in order to identify which patient (liver) they belong to.
* Redundant restrictions are removed
",2018-08-31T00:00:00.000+00:00,https://bioportal.bioontology.org/ontologies/LICO
bioportal,LIFO,Life Ontology,scored,10.0,5.71,5.71,2.38,9.0,6.7725,6.77,6.7725,6.77,"same_as_strict (1.0 result, not re-checked)",Connection,All_Organisms,OWL,1,Vision Release: 1.0.17,2018-03-11T00:00:00.000+00:00,https://bioportal.bioontology.org/ontologies/LIFO
bioportal,LION,LipidOntology,scored,10.0,0.0,0.0,0.0,10.0,5.0,5.0,5.0,5.0,"same_as_strict (1.0 result, not re-checked)",Define,Molecule;Physicochemical,OBO,1,1.1,2019-11-09T00:00:00.000+00:00,https://bioportal.bioontology.org/ontologies/LION
bioportal,LIPRO,Lipid Ontology,scored,9.96,0.02,0.02,0.14,5.0,3.7800000000000002,3.78,3.7800000000000002,3.78,"same_as_strict (1.0 result, not re-checked)",Define,,OWL,4,See Remote Site,2014-02-11T20:34:46.000-08:00,https://bioportal.bioontology.org/ontologies/LIPRO
bioportal,LOINC,Logical Observation Identifier Names and Codes,scored,10.0,0.01,0.01,9.12,10.0,7.2825,7.28,7.2825,7.28,"same_as_strict (1.0 result, not re-checked)",Define,Health,UMLS,30,281,2025-11-03T00:00:00.000+00:00,https://bioportal.bioontology.org/ontologies/LOINC
bioportal,LONGCOVID,Long Covid Phenotype Ontology,scored,0.0,0.0,0.0,3.08,8.0,2.77,2.77,2.77,2.77,"same_as_strict (1.0 result, not re-checked)",Describe,Health;Phenotype,OWL,2,20220106,2022-01-06T00:00:00.000+00:00,https://bioportal.bioontology.org/ontologies/LONGCOVID
bioportal,LPT,Livestock Product Trait Ontology,scored,9.98,6.34,6.34,7.29,10.0,8.4025,8.4,8.4025,8.4,"same_as_strict (1.0 result, not re-checked)",Define,,OBO,17,2026-09-17,2026-09-17T00:00:00.000+00:00,https://bioportal.bioontology.org/ontologies/LPT
bioportal,LSFC,LSFC,no_submission,,,,,,,,,,,,Taxonomic_Classification;Vocabularies,,-1,,,https://bioportal.bioontology.org/ontologies/LSFC
bioportal,LSFO,Lifestyle Factor Ontology,scored,10.0,0.04,0.04,6.36,10.0,6.6,6.6,6.6,6.6,"same_as_strict (1.0 result, not re-checked)",Define,Health,OBO,1,1.01,2024-09-08T00:00:00.000+00:00,https://bioportal.bioontology.org/ontologies/LSFO
bioportal,LTER-CV,LTER Controlled Vocabulary,scored,9.99,2.86,2.86,0.0,0.0,3.2125,3.21,3.2125,3.21,"same_as_strict (1.0 result, not re-checked)",Connection,Other;Vocabularies,SKOS,1,,2025-06-25T00:00:00.000+00:00,https://bioportal.bioontology.org/ontologies/LTER-CV
bioportal,LUNGMAP-HUMAN,Anatomic Ontology for Human Lung Maturation,scored,9.87,0.26,0.26,6.18,9.0,6.3275,6.33,6.3275,6.33,"same_as_strict (1.0 result, not re-checked)",Define,Anatomy,OWL,6,1.4,2019-07-30T00:00:00.000+00:00,https://bioportal.bioontology.org/ontologies/LUNGMAP-HUMAN
bioportal,LUNGMAP-MOUSE,Anatomic Ontology for Mouse Lung Maturation,scored,9.97,0.25,0.25,5.44,9.0,6.165,6.16,6.165,6.16,"same_as_strict (1.0 result, not re-checked)",Define,Anatomy,OWL,4,1.2,2019-07-28T00:00:00.000+00:00,https://bioportal.bioontology.org/ontologies/LUNGMAP-MOUSE
bioportal,LUNGMAP_H_CELL,Cell Ontology for Human Lung Maturation,scored,9.88,0.16,0.16,0.0,10.0,5.01,5.01,5.01,5.01,"same_as_strict (1.0 result, not re-checked)",Connection,Cell,OWL,6,3.2,2019-07-28T00:00:00.000+00:00,https://bioportal.bioontology.org/ontologies/LUNGMAP_H_CELL
bioportal,LUNGMAP_M_CELL,Cell Ontology for Mouse Lung Maturation,scored,9.89,0.07,0.07,0.33,10.0,5.0725,5.07,5.0725,5.07,"same_as_strict (1.0 result, not re-checked)",Define,Cell,OWL,5,3.2,2019-07-28T00:00:00.000+00:00,https://bioportal.bioontology.org/ontologies/LUNGMAP_M_CELL
bioportal,M,May,no_submission,,,,,,,,,,,,,,-1,,,https://bioportal.bioontology.org/ontologies/M
bioportal,M4M-20-SUBJECTS,M4M.20 FAIRWare Subjects,scored,9.63,1.0,1.0,0.0,0.0,2.6575,2.66,2.6575,2.66,"same_as_strict (1.0 result, not re-checked)",Connection,,SKOS,6,0.1.3,2022-06-23T00:00:00.000+00:00,https://bioportal.bioontology.org/ontologies/M4M-20-SUBJECTS
bioportal,M4M-20-VARIABLES,M4M.20 FAIRWare Variables,scored,9.5,0.3,0.3,0.0,0.0,2.45,2.45,2.45,2.45,"same_as_strict (1.0 result, not re-checked)",Connection,,SKOS,7,0.1.3,2022-06-23T00:00:00.000+00:00,https://bioportal.bioontology.org/ontologies/M4M-20-VARIABLES
bioportal,M4M-21-SUBJECTS,M4M.21 FAIRWare Subjects,scored,9.5,2.83,2.83,0.0,0.0,3.0825,3.08,3.0825,3.08,"same_as_strict (1.0 result, not re-checked)",Connection,,SKOS,4,0.1.2,2022-06-23T00:00:00.000+00:00,https://bioportal.bioontology.org/ontologies/M4M-21-SUBJECTS
bioportal,M4M-21-VARIABLES,M4M.21 FAIRWare Variables,scored,9.5,0.96,0.96,1.21,0.0,2.9175000000000004,2.92,2.9175000000000004,2.92,"same_as_strict (1.0 result, not re-checked)",Flat,,SKOS,5,0.1.2,2023-02-14T00:00:00.000+00:00,https://bioportal.bioontology.org/ontologies/M4M-21-VARIABLES
bioportal,M4M-CHAR,M4M-CHAR,scored,9.98,0.02,0.02,0.0,0.0,2.5,2.5,2.5,2.5,"same_as_strict (1.0 result, not re-checked)",Connection,Vocabularies,SKOS,1,0.0.1,2023-11-15T00:00:00.000+00:00,https://bioportal.bioontology.org/ontologies/M4M-CHAR
bioportal,M4M19-SUBS,M4M19 Subjects,scored,9.62,0.22,0.22,0.0,0.0,2.46,2.46,2.46,2.46,"same_as_strict (1.0 result, not re-checked)",Connection,,SKOS,3,0.1.0,2021-11-20T00:00:00.000+00:00,https://bioportal.bioontology.org/ontologies/M4M19-SUBS
bioportal,M4M19-VARS,M4M19 Variables,scored,9.6,1.49,1.49,0.0,0.0,2.7725,2.77,2.7725,2.77,"same_as_strict (1.0 result, not re-checked)",Connection,,SKOS,4,0.2.0,2021-12-07T00:00:00.000+00:00,https://bioportal.bioontology.org/ontologies/M4M19-VARS
bioportal,MA,Mouse Adult Gross Anatomy Ontology,scored,10.0,0.0,0.0,4.41,10.0,6.1025,6.1,6.1025,6.1,"same_as_strict (1.0 result, not re-checked)",Define,Anatomy;Animal_Gross_Anatomy;Gross_Anatomy;Mouse_Anatomy,OBO,132,2026-02-24,2026-02-24T18:06:56.000-08:00,https://bioportal.bioontology.org/ontologies/MA
bioportal,MACROALGAETRAITS,Macroalgae Traits Thesaurus,scored,8.54,5.44,5.44,0.0,0.0,3.495,3.5,3.495,3.5,"same_as_strict (1.0 result, not re-checked)",Connection,All_Organisms,SKOS,1,,2023-04-10T00:00:00.000+00:00,https://bioportal.bioontology.org/ontologies/MACROALGAETRAITS
bioportal,MADS-RDF,Metadata Authority Description Schema in RDF,scored,9.26,3.9,3.9,1.16,9.0,5.83,5.83,5.83,5.83,"same_as_strict (1.0 result, not re-checked)",Connection,Other,OWL,5,1.0,2018-05-09T00:00:00.000+00:00,https://bioportal.bioontology.org/ontologies/MADS-RDF
bioportal,MAMO,Mathematical Modelling Ontology,scored,9.91,6.68,6.68,5.16,10.0,7.9375,7.94,7.9375,7.94,"same_as_strict (1.0 result, not re-checked)",Connection,Other,OWL,17,2023-02-03,2023-02-03T00:00:00.000+00:00,https://bioportal.bioontology.org/ontologies/MAMO
bioportal,MAMO-SCR-ONTO,Mammography Screening Ontology,scored,9.66,2.25,2.25,8.23,6.0,6.535,6.54,6.535,6.54,"same_as_strict (1.0 result, not re-checked)",Define,Biomedical_Resources;Health;Imaging,OWL,1,1.0,2023-07-25T00:00:00.000+00:00,https://bioportal.bioontology.org/ontologies/MAMO-SCR-ONTO
bioportal,MARC-LANGUAGES,MARC List for Languages,scored,9.99,0.0,0.0,0.0,0.0,2.4975,2.5,2.4975,2.5,"same_as_strict (1.0 result, not re-checked)",Define,,SKOS,271,,2022-04-25T00:00:00.000+00:00,https://bioportal.bioontology.org/ontologies/MARC-LANGUAGES
bioportal,MARC-RELATORS,MARC Code List for Relators,scored,9.97,0.02,0.02,0.0,0.0,2.4975,2.5,2.4975,2.5,"same_as_strict (1.0 result, not re-checked)",Connection,,SKOS,16,,2026-08-19T18:07:03.000-07:00,https://bioportal.bioontology.org/ontologies/MARC-RELATORS
bioportal,MAT,Minimal Anatomical Terminology,scored,10.0,0.05,0.05,1.68,10.0,5.4325,5.43,5.4325,5.43,"same_as_strict (1.0 result, not re-checked)",Define,Anatomy;Animal_Gross_Anatomy;Gross_Anatomy,OBO,4,1.1,2015-08-20T18:06:11.000-07:00,https://bioportal.bioontology.org/ontologies/MAT
bioportal,MATERIALSMINE,MaterialsMine Ontology,scored,9.94,3.6,3.6,1.38,10.0,6.2299999999999995,6.23,6.2299999999999995,6.23,"same_as_strict (1.0 result, not re-checked)",Connection,Chemical;Development;Physicochemical,OWL,3,1.1,2024-07-24T18:09:48.000-07:00,https://bioportal.bioontology.org/ontologies/MATERIALSMINE
bioportal,MATR,Material,scored,1.03,0.7,0.7,2.39,10.0,3.5300000000000002,3.53,3.5300000000000002,3.53,"same_as_strict (1.0 result, not re-checked)",Define,Upper_Level_Ontology,OWL,1,2.3,2016-01-08T00:00:00.000+00:00,https://bioportal.bioontology.org/ontologies/MATR
bioportal,MATRCOMPOUND,Material Compound,scored,5.05,0.13,0.13,0.07,8.0,3.3125,3.31,3.3125,3.31,"same_as_strict (1.0 result, not re-checked)",Connection,Upper_Level_Ontology,OWL,1,2.3,2016-01-08T00:00:00.000+00:00,https://bioportal.bioontology.org/ontologies/MATRCOMPOUND
bioportal,MATRELEMENT,Material Element,scored,6.16,0.21,0.21,0.0,10.0,4.0925,4.09,4.0925,4.09,"same_as_strict (1.0 result, not re-checked)",Connection,Upper_Level_Ontology,OWL,1,2.3,2016-01-08T00:00:00.000+00:00,https://bioportal.bioontology.org/ontologies/MATRELEMENT
bioportal,MATRROCK,Material Rock,scored,4.78,3.28,3.28,1.34,8.0,4.35,4.35,4.35,4.35,"same_as_strict (1.0 result, not re-checked)",Connection,Upper_Level_Ontology,OWL,1,2.3,2016-01-08T00:00:00.000+00:00,https://bioportal.bioontology.org/ontologies/MATRROCK
bioportal,MATRROCKIGNEOUS,Material Rock Igneouus,scored,8.22,5.62,5.62,0.34,10.0,6.045,6.04,6.045,6.04,"same_as_strict (1.0 result, not re-checked)",Connection,Upper_Level_Ontology,OWL,2,2.3,2016-01-08T00:00:00.000+00:00,https://bioportal.bioontology.org/ontologies/MATRROCKIGNEOUS
bioportal,MAXO,Medical Action Ontology,scored,10.0,5.89,5.89,7.22,10.0,8.2775,8.28,8.2775,8.28,"same_as_strict (1.0 result, not re-checked)",Define,,OWL,57,2026-01-15,2026-01-15T18:08:38.000-08:00,https://bioportal.bioontology.org/ontologies/MAXO
bioportal,MCBCC,Breast Tissue Cell Lines Ontology,scored,9.59,0.0,0.0,6.75,10.0,6.585,6.58,6.585,6.58,"same_as_strict (1.0 result, not re-checked)",Define,Cell,OWL,2,2,2010-07-30T00:00:00.000-07:00,https://bioportal.bioontology.org/ontologies/MCBCC
bioportal,MCCL,Cell Line Ontology [by Mahadevan],scored,9.81,0.0,0.0,6.47,10.0,6.57,6.57,6.57,6.57,"same_as_strict (1.0 result, not re-checked)",Define,Anatomy;Cell;Health;Protein,OWL,2,2,2014-08-05T00:00:00.000+00:00,https://bioportal.bioontology.org/ontologies/MCCL
bioportal,MCCV,Microbial Culture Collection Vocabulary,scored,8.08,2.63,2.63,1.55,7.0,4.815,4.82,4.815,4.82,"same_as_strict (1.0 result, not re-checked)",Connection,Other,OWL,11,Version 0.99 beta,2015-04-08T00:00:00.000+00:00,https://bioportal.bioontology.org/ontologies/MCCV
bioportal,MCHVODANATERMS,MCHVODANATERMS,scored,9.67,1.85,1.85,0.0,0.0,2.88,2.88,2.88,2.88,"same_as_strict (1.0 result, not re-checked)",Connection,,SKOS,5,3.0,2022-02-10T00:00:00.000+00:00,https://bioportal.bioontology.org/ontologies/MCHVODANATERMS
bioportal,MCO,Microbial Conditions Ontology,scored,10.0,3.5,3.5,7.08,10.0,7.645,7.64,7.645,7.64,"same_as_strict (1.0 result, not re-checked)",Define,Experimental_Conditions,OWL,1,,2019-05-15T00:00:00.000+00:00,https://bioportal.bioontology.org/ontologies/MCO
bioportal,MCO4HKE,Multiplex Classification Ontology for the HyperKvasir Experiment,scored,10.0,0.0,0.0,6.96,9.0,6.49,6.49,6.49,6.49,"same_as_strict (1.0 result, not re-checked)",Define,Health;Imaging,OWL,2,,2024-09-07T00:00:00.000+00:00,https://bioportal.bioontology.org/ontologies/MCO4HKE
bioportal,MCO4MCRE,Multiplex Classification Ontology for the MultiCaRe Experiment,scored,10.0,0.0,0.0,7.4,9.0,6.6,6.6,6.6,6.6,"same_as_strict (1.0 result, not re-checked)",Define,Health;Imaging,OWL,1,,2024-09-07T00:00:00.000+00:00,https://bioportal.bioontology.org/ontologies/MCO4MCRE
bioportal,MCRO,Model Card Report Ontology,scored,10.0,4.31,4.31,2.6,10.0,6.7275,6.73,6.7275,6.73,"same_as_strict (1.0 result, not re-checked)",Connection,Other,OWL,3,2023-03-07,2025-12-02T18:15:19.000-08:00,https://bioportal.bioontology.org/ontologies/MCRO
bioportal,MCR_TX,MultiCaRe Taxonomy,scored,10.0,0.0,0.0,7.69,10.0,6.9225,6.92,6.9225,6.92,"same_as_strict (1.0 result, not re-checked)",Define,Anatomy;Biomedical_Resources;Health;Human;Imaging,OWL,2,1.0,2024-11-18T00:00:00.000+00:00,https://bioportal.bioontology.org/ontologies/MCR_TX
bioportal,MDDB,Master Drug Data Base Clinical Drugs,not_downloadable,,,,,,,,,,,,Health,UMLS,10,MDDB_2017_02_08,2017-02-06T00:00:00.000+00:00,https://bioportal.bioontology.org/ontologies/MDDB
bioportal,MDM,Mapping of Drug Names and MeSH 2022,scored,10.0,0.0,0.0,0.0,4.0,3.5,3.5,3.5,3.5,"same_as_strict (1.0 result, not re-checked)",Define,All_Organisms;Anatomy;Biological_Process;Biomedical_Resources;Chemical;Health;Human;Immunology;Molecule;Neurologic_Disease;Neurological_Disorder;Physicochemical;Taxonomic_Classification,OWL,5,0.330,2022-03-30T00:00:00.000+00:00,https://bioportal.bioontology.org/ontologies/MDM
bioportal,MEDEON,Medical Error Ontology,scored,0.0,0.0,0.0,0.56,8.0,2.14,2.14,2.14,2.14,"same_as_strict (1.0 result, not re-checked)",Describe,Health,OWL,1,,2016-01-15T00:00:00.000+00:00,https://bioportal.bioontology.org/ontologies/MEDEON
bioportal,MEDICALINFO,mymedicalinformation,scored,9.23,0.28,0.28,4.95,7.0,5.365,5.36,5.365,5.36,same_as_strict,Define,,OWL,2,,2025-01-04T00:00:00.000+00:00,https://bioportal.bioontology.org/ontologies/MEDICALINFO
bioportal,MEDLINEPLUS,MedlinePlus Health Topics,scored,10.0,4.65,4.65,8.77,10.0,8.355,8.36,8.355,8.36,"same_as_strict (1.0 result, not re-checked)",Define,Health,UMLS,26,20250624,2025-11-03T00:00:00.000+00:00,https://bioportal.bioontology.org/ontologies/MEDLINEPLUS
bioportal,MEDO,Mouse Experimental Design Ontology,scored,10.0,0.67,0.67,0.0,10.0,5.1675,5.17,5.1675,5.17,"same_as_strict (1.0 result, not re-checked)",Connection,,OWL,1,1.0,2012-11-22T00:00:00.000-08:00,https://bioportal.bioontology.org/ontologies/MEDO
bioportal,MEDRED,MedRed ontology: clinical data acquisition model,scored,7.48,3.9,3.9,3.91,9.0,6.0725,6.07,6.0725,6.07,"same_as_strict (1.0 result, not re-checked)",Define,,OWL,1,0.0.1,2017-04-01T00:00:00.000+00:00,https://bioportal.bioontology.org/ontologies/MEDRED
bioportal,MEGO,Mobile Genetic Element Ontology,scored,9.97,6.68,6.68,7.9,10.0,8.6375,8.64,8.6375,8.64,"same_as_strict (1.0 result, not re-checked)",Define,Biological_Process;Gene_Product,OBO,2,2_1,2009-05-14T00:00:00.000-07:00,https://bioportal.bioontology.org/ontologies/MEGO
bioportal,MELLO-D,MEdical LifeLog Ontology for people with Disability,scored,10.0,7.82,7.82,0.0,10.0,6.955,6.96,6.955,6.96,"same_as_strict (1.0 result, not re-checked)",Connection,Dysfunction;Health;Human,OWL,9,2.0,2026-06-12T00:00:00.000+00:00,https://bioportal.bioontology.org/ontologies/MELLO-D
bioportal,MELO,Melanoma Ontology,scored,9.98,3.79,3.79,0.0,9.0,5.6925,5.69,5.6925,5.69,"same_as_strict (1.0 result, not re-checked)",Connection,Biomedical_Resources;Health;Human,OWL,2,1.0,2021-05-28T00:00:00.000+00:00,https://bioportal.bioontology.org/ontologies/MELO
bioportal,MEO,Metagenome and Microbes Environmental Ontology,scored,10.0,1.38,1.38,0.19,10.0,5.3925,5.39,5.3925,5.39,http://purl.jp/bio/11/meo/definition [bioportal_definitionProperty],Connection,Other,OWL,11,1.0,2025-08-27T00:00:00.000+00:00,https://bioportal.bioontology.org/ontologies/MEO
bioportal,MEPO,Mapping of Epilepsy Ontologies,scored,10.0,0.0,0.0,0.0,0.0,2.5,2.5,2.5,2.5,"same_as_strict (1.0 result, not re-checked)",Define,Biological_Process;Biomedical_Resources;Development;Gene_Product;Health;Human;Neurologic_Disease;Neurological_Disorder;Protein;Vocabularies,OWL,6,0.6,2021-01-15T00:00:00.000+00:00,https://bioportal.bioontology.org/ontologies/MEPO
bioportal,MERA,Medical Educational Resource Aggregator,scored,1.67,0.0,0.0,0.0,0.0,0.4175,0.42,0.4175,0.42,"same_as_strict (1.0 result, not re-checked)",Define,Vocabularies,OWL,1,0.0.1,2015-04-26T00:00:00.000+00:00,https://bioportal.bioontology.org/ontologies/MERA
bioportal,MESH,Medical Subject Headings,scored,10.0,0.59,0.59,9.04,10.0,7.4075,7.41,7.4075,7.41,"same_as_strict (1.0 result, not re-checked)",Define,Health,UMLS,31,2026_2025_08_15,2025-11-03T00:00:00.000+00:00,https://bioportal.bioontology.org/ontologies/MESH
bioportal,METABUS,metaBUS controlled vocabulary for organizational and applied psychology research,scored,10.0,0.0,0.0,0.0,10.0,5.0,5.0,5.0,5.0,"same_as_strict (1.0 result, not re-checked)",Define,Human;Other;Taxonomic_Classification;Vocabularies,OWL,18,0.1,2024-01-31T00:00:00.000+00:00,https://bioportal.bioontology.org/ontologies/METABUS
bioportal,METAMESH,Meta Mesh Ontology,not_downloadable,,,,,,,,,,,,Biological_Process;Biomedical_Resources;Development;Ethology;Health;Upper_Level_Ontology;Vocabularies,OWL,2,1.0.0,2024-09-03T00:00:00.000+00:00,https://bioportal.bioontology.org/ontologies/METAMESH
bioportal,METPO,METPO,scored,9.99,0.94,0.94,1.42,10.0,5.5875,5.59,5.5875,5.59,"same_as_strict (1.0 result, not re-checked)",Define,,OWL,27,2026-06-12,2026-09-03T18:08:15.000-07:00,https://bioportal.bioontology.org/ontologies/METPO
bioportal,MF,Mental Functioning Ontology,scored,10.0,5.61,5.61,1.49,10.0,6.7749999999999995,6.78,6.7749999999999995,6.78,"same_as_strict (1.0 result, not re-checked)",Connection,,OWL,29,2025-07-08,2026-02-06T18:07:25.000-08:00,https://bioportal.bioontology.org/ontologies/MF
bioportal,MFMO,Mammalian Feeding Muscle Ontology,scored,9.93,5.05,5.05,2.67,10.0,6.9125,6.91,6.9125,6.91,"same_as_strict (1.0 result, not re-checked)",Connection,Anatomy,OWL,1,,2013-11-16T00:00:00.000+00:00,https://bioportal.bioontology.org/ontologies/MFMO
bioportal,MFO,Medaka Fish Anatomy and Development Ontology,scored,10.0,0.07,0.07,7.47,10.0,6.885,6.88,6.885,6.88,"same_as_strict (1.0 result, not re-checked)",Define,Anatomy;Animal_Gross_Anatomy;Fish_Anatomy;Gross_Anatomy,OBO,15,,2011-06-09T00:00:00.000-07:00,https://bioportal.bioontology.org/ontologies/MFO
bioportal,MFOEM,Emotion Ontology,scored,10.0,5.66,5.66,1.85,10.0,6.8775,6.88,6.8775,6.88,"same_as_strict (1.0 result, not re-checked)",Connection,Other,OWL,45,2025-07-31,2025-10-17T18:09:49.000-07:00,https://bioportal.bioontology.org/ontologies/MFOEM
bioportal,MFOMD,MFO Mental Disease Ontology,scored,10.0,5.97,5.97,2.52,10.0,7.1225,7.12,7.1225,7.12,"same_as_strict (1.0 result, not re-checked)",Connection,Health,OWL,2,2020-04-26,2020-04-26T18:07:24.000-07:00,https://bioportal.bioontology.org/ontologies/MFOMD
bioportal,MGBD,MGB Drug List,scored,9.17,0.0,0.0,0.0,4.0,3.2925,3.29,3.2925,3.29,"same_as_strict (1.0 result, not re-checked)",Define,Biomedical_Resources,OWL,7,0.6,2022-06-24T00:00:00.000+00:00,https://bioportal.bioontology.org/ontologies/MGBD
bioportal,MHC,Major Histocompatibility Complex Ontology,scored,10.0,0.0,0.0,3.26,10.0,5.8149999999999995,5.82,5.8149999999999995,5.82,"same_as_strict (1.0 result, not re-checked)",Define,Genomic_and_Proteomic,OWL,4,1.0.1,2009-04-15T00:00:00.000-07:00,https://bioportal.bioontology.org/ontologies/MHC
bioportal,MHCRO,MHC Restriction Ontology,scored,10.0,0.01,0.01,8.06,10.0,7.0175,7.02,7.0175,7.02,"same_as_strict (1.0 result, not re-checked)",Define,,OWL,50,2026-09-15,2026-09-15T18:08:32.000-07:00,https://bioportal.bioontology.org/ontologies/MHCRO
bioportal,MHIO,Mental Health Interface Ontology,scored,10.0,0.0,0.0,0.0,10.0,5.0,5.0,5.0,5.0,"same_as_strict (1.0 result, not re-checked)",Define,Health;Human;Neurologic_Disease;Neurological_Disorder;Taxonomic_Classification;Upper_Level_Ontology,OBO,1,,2026-05-31T00:00:00.000+00:00,https://bioportal.bioontology.org/ontologies/MHIO
bioportal,MHMO,Mental Health Management Ontology,scored,8.56,0.2,0.2,1.84,10.0,5.15,5.15,5.15,5.15,"same_as_strict (1.0 result, not re-checked)",Define,Health,OWL,9,3.2,2019-03-18T00:00:00.000+00:00,https://bioportal.bioontology.org/ontologies/MHMO
bioportal,MI,Molecular Interactions,scored,9.99,6.74,6.74,7.62,10.0,8.5875,8.59,8.5875,8.59,"same_as_strict (1.0 result, not re-checked)",Define,,OBO,77,,2026-09-11T18:09:13.000-07:00,https://bioportal.bioontology.org/ontologies/MI
bioportal,MIAPA,MIAPA Ontology,scored,10.0,2.1,2.1,2.67,10.0,6.1925,6.19,6.1925,6.19,"same_as_strict (1.0 result, not re-checked)",Define,,OWL,1,,2017-05-08T00:00:00.000+00:00,https://bioportal.bioontology.org/ontologies/MIAPA
bioportal,MICRONT,microntology,scored,10.0,6.87,6.87,3.42,10.0,7.5725,7.57,7.5725,7.57,same_as_strict,Connection,All_Organisms;Other;Vocabularies,OWL,2,v1.0.1,2026-04-28T00:00:00.000+00:00,https://bioportal.bioontology.org/ontologies/MICRONT
bioportal,MIDO,Medical Imaging and Diagnostic Ontology,scored,10.0,0.51,0.51,4.89,10.0,6.35,6.35,6.35,6.35,"same_as_strict (1.0 result, not re-checked)",Define,Anatomy;Biological_Process;Biomedical_Resources;Health;Human;Imaging,OWL,1,2015-11-20,2022-04-25T00:00:00.000+00:00,https://bioportal.bioontology.org/ontologies/MIDO
bioportal,MIFD,Minimum Information for Fermentation Devices,scored,10.0,1.07,1.07,2.08,6.0,4.7875,4.79,4.7875,4.79,"same_as_strict (1.0 result, not re-checked)",Define,,OWL,5,,2026-02-26T00:00:00.000+00:00,https://bioportal.bioontology.org/ontologies/MIFD
bioportal,MIFE,Minimum information for fermentation experiments,scored,10.0,3.95,3.95,4.59,4.0,5.635,5.64,5.635,5.64,"same_as_strict (1.0 result, not re-checked)",Define,,OWL,3,,2026-02-26T00:00:00.000+00:00,https://bioportal.bioontology.org/ontologies/MIFE
bioportal,MIM,Molecular Interaction Map,scored,9.55,6.41,6.41,3.73,10.0,7.4225,7.42,7.4225,7.42,"same_as_strict (1.0 result, not re-checked)",Connection,Biological_Process;Vocabularies,OWL,3,10:30:2014 16:04,2014-10-30T00:00:00.000+00:00,https://bioportal.bioontology.org/ontologies/MIM
bioportal,MINERAL,Material Mineral,scored,3.53,2.42,2.42,0.0,8.0,3.4875,3.49,3.4875,3.49,"same_as_strict (1.0 result, not re-checked)",Connection,Upper_Level_Ontology,OWL,1,2.3,2016-01-08T00:00:00.000+00:00,https://bioportal.bioontology.org/ontologies/MINERAL
bioportal,MINI-FAST-1,mini fast test,scored,4.0,0.0,0.0,0.0,0.0,1.0,1.0,1.0,1.0,"same_as_strict (1.0 result, not re-checked)",Define,,SKOS,1,,2017-10-02T00:00:00.000+00:00,https://bioportal.bioontology.org/ontologies/MINI-FAST-1
bioportal,MIO,Myocardial Infarction Ontology,scored,9.97,0.13,4.05,3.79,10.0,5.9725,5.97,6.9525,6.95,http://www.w3.org/2000/01/rdf-schema#isDefinedBy [detected_by_name (3860 uses)],Define,Health;Human;Phenotype,OWL,7,V1.0.0,2024-08-18T00:00:00.000+00:00,https://bioportal.bioontology.org/ontologies/MIO
bioportal,MIRAPIE,MInimal Requirements for Automated Provenance Information Enrichment in biomedical research,scored,10.0,5.42,5.42,0.92,8.0,6.085,6.08,6.085,6.08,"same_as_strict (1.0 result, not re-checked)",Connection,Health;Upper_Level_Ontology,OWL,2,1.0.1,2026-02-05T18:11:25.000-08:00,https://bioportal.bioontology.org/ontologies/MIRAPIE
bioportal,MIRNAO,MicroRNA Ontology,not_downloadable,,,,,,,,,,,,Other,OWL,12,1.7,2015-08-19T00:00:00.000+00:00,https://bioportal.bioontology.org/ontologies/MIRNAO
bioportal,MIRO,Mosquito Insecticide Resistance,scored,10.0,5.42,5.42,7.74,10.0,8.29,8.29,8.29,8.29,"same_as_strict (1.0 result, not re-checked)",Define,Phenotype,OBO,1152,releases/2014-05-14,2015-08-20T00:00:00.000+00:00,https://bioportal.bioontology.org/ontologies/MIRO
bioportal,MISO,Microbial Isolation Source Ontology,scored,10.0,0.08,0.08,0.0,8.0,4.52,4.52,4.52,4.52,"same_as_strict (1.0 result, not re-checked)",Connection,All_Organisms;Experimental_Conditions;Other;Physicochemical,OWL,2,,2025-06-16T18:09:06.000-07:00,https://bioportal.bioontology.org/ontologies/MISO
bioportal,MIXS,Minimal Information about any Sequence Ontology,scored,10.0,2.07,2.07,6.87,10.0,7.235,7.24,7.235,7.24,"same_as_strict (1.0 result, not re-checked)",Define,All_Organisms;Experimental_Conditions;Molecule;Other;Vocabularies,OWL,20,7.0.1,2026-08-01T18:07:05.000-07:00,https://bioportal.bioontology.org/ontologies/MIXS
bioportal,MIXSCV,Minimal Information about any Sequence (MIxS) Controlled Vocabularies,scored,9.98,0.01,0.01,0.0,8.0,4.4975000000000005,4.5,4.4975000000000005,4.5,"same_as_strict (1.0 result, not re-checked)",Connection,,OBO,2,1,2012-01-26T00:00:00.000-08:00,https://bioportal.bioontology.org/ontologies/MIXSCV
bioportal,MLTX,Machine Learning Methodology Taxonomy Mapping,scored,10.0,5.14,5.14,1.79,5.0,5.4825,5.48,5.4825,5.48,"same_as_strict (1.0 result, not re-checked)",Connection,Vocabularies,OWL,1,1,2021-09-10T00:00:00.000+00:00,https://bioportal.bioontology.org/ontologies/MLTX
bioportal,ML_MCR_TX,MultiCaRe Taxonomy (ML Labels),scored,10.0,0.0,0.0,7.66,10.0,6.915,6.92,6.915,6.92,"same_as_strict (1.0 result, not re-checked)",Define,Anatomy;Biomedical_Resources;Health;Human;Imaging,OWL,1,,2024-12-13T00:00:00.000+00:00,https://bioportal.bioontology.org/ontologies/ML_MCR_TX
bioportal,MM,mm,no_submission,,,,,,,,,,,,,,-1,,,https://bioportal.bioontology.org/ontologies/MM
bioportal,MMO,Measurement Method Ontology,scored,9.99,6.13,6.13,6.94,9.0,8.015,8.02,8.015,8.02,"same_as_strict (1.0 result, not re-checked)",Define,Phenotype,OBO,133,2.109,2023-07-10T18:11:01.000-07:00,https://bioportal.bioontology.org/ontologies/MMO
bioportal,MMUSDV,Mouse Developmental Stages,scored,9.91,6.95,6.95,8.74,10.0,8.9,8.9,8.9,8.9,"same_as_strict (1.0 result, not re-checked)",Define,,OWL,40,,2018-09-12T00:00:00.000+00:00,https://bioportal.bioontology.org/ontologies/MMUSDV
bioportal,MNR,Material Natural Resource ,scored,2.92,2.01,2.01,0.64,9.0,3.6425,3.64,3.6425,3.64,"same_as_strict (1.0 result, not re-checked)",Connection,Upper_Level_Ontology,OWL,1,2.3,2016-01-08T00:00:00.000+00:00,https://bioportal.bioontology.org/ontologies/MNR
bioportal,MNV,VODANA Migrants,scored,9.96,6.03,6.03,0.0,0.0,3.9975000000000005,4.0,3.9975000000000005,4.0,"same_as_strict (1.0 result, not re-checked)",Connection,Vocabularies,SKOS,1,1.0,2021-07-21T00:00:00.000+00:00,https://bioportal.bioontology.org/ontologies/MNV
bioportal,MO,Microarray and Gene Expression Data Ontology,scored,10.0,6.4,6.4,1.34,10.0,6.935,6.94,6.935,6.94,"same_as_strict (1.0 result, not re-checked)",Connection,Experimental_Conditions,OWL,3,1.3.1.1,2018-02-17T18:06:44.000-08:00,https://bioportal.bioontology.org/ontologies/MO
bioportal,MOC,Material Organic Compound,scored,3.6,0.15,0.15,2.66,9.0,3.8525,3.85,3.8525,3.85,"same_as_strict (1.0 result, not re-checked)",Define,Upper_Level_Ontology,OWL,1,2.3,2016-01-08T00:00:00.000+00:00,https://bioportal.bioontology.org/ontologies/MOC
bioportal,MODSCI,Modern Science Ontology,scored,6.62,3.9,3.9,0.93,10.0,5.3625,5.36,5.3625,5.36,"same_as_strict (1.0 result, not re-checked)",Connection,Upper_Level_Ontology,OWL,3,1.0,2019-12-01T00:00:00.000+00:00,https://bioportal.bioontology.org/ontologies/MODSCI
bioportal,MOLSIM,Molecular Simulation Ontology,scored,10.0,6.84,6.84,3.78,10.0,7.655,7.66,7.655,7.66,"same_as_strict (1.0 result, not re-checked)",Connection,,OWL,13,2026-09-18,2026-09-18T18:07:40.000-07:00,https://bioportal.bioontology.org/ontologies/MOLSIM
bioportal,MOMCARE,MomCareVocabulary,scored,9.96,6.6,6.6,0.0,0.0,4.140000000000001,4.14,4.140000000000001,4.14,"same_as_strict (1.0 result, not re-checked)",Connection,,SKOS,1,1.1,2023-05-17T00:00:00.000+00:00,https://bioportal.bioontology.org/ontologies/MOMCARE
bioportal,MONDO,Mondo Disease Ontology,scored,10.0,3.87,3.87,7.92,10.0,7.9475,7.95,7.9475,7.95,"same_as_strict (1.0 result, not re-checked)",Define,,OWL,84,2026-09-01,2026-09-01T18:11:36.000-07:00,https://bioportal.bioontology.org/ontologies/MONDO
bioportal,MONO,Monogenean Ontology,scored,0.05,0.02,0.02,7.32,7.0,3.5975,3.6,3.5975,3.6,"same_as_strict (1.0 result, not re-checked)",Define,,OWL,2,,2016-10-12T00:00:00.000+00:00,https://bioportal.bioontology.org/ontologies/MONO
bioportal,MOOCCIADO,Molgula occidentalis Anatomy and Development Ontology,scored,9.99,6.82,6.82,9.7,10.0,9.127500000000001,9.13,9.127500000000001,9.13,"same_as_strict (1.0 result, not re-checked)",Define,Anatomy;Animal_Development,OBO,2,,2015-08-06T00:00:00.000+00:00,https://bioportal.bioontology.org/ontologies/MOOCCIADO
bioportal,MOOCCUADO,Molgula occulta Anatomy and Development Ontology,scored,9.99,6.82,6.82,9.7,10.0,9.127500000000001,9.13,9.127500000000001,9.13,"same_as_strict (1.0 result, not re-checked)",Define,Anatomy;Animal_Development,OBO,2,,2015-08-06T00:00:00.000+00:00,https://bioportal.bioontology.org/ontologies/MOOCCUADO
bioportal,MOOCULADO,Molgula oculata Anatomy and Development Ontology,scored,9.99,6.82,6.82,9.7,10.0,9.127500000000001,9.13,9.127500000000001,9.13,"same_as_strict (1.0 result, not re-checked)",Define,Anatomy;Animal_Development,OBO,2,,2015-08-06T00:00:00.000+00:00,https://bioportal.bioontology.org/ontologies/MOOCULADO
bioportal,MOP,Molecular Process Ontology,scored,10.0,6.61,6.61,7.59,10.0,8.55,8.55,8.55,8.55,"same_as_strict (1.0 result, not re-checked)",Define,,OWL,8,,2022-05-17T18:09:30.000-07:00,https://bioportal.bioontology.org/ontologies/MOP
bioportal,MOSAIC,The MOSAiC Ontology,scored,9.99,0.0,0.0,9.41,9.0,7.1,7.1,7.1,7.1,"same_as_strict (1.0 result, not re-checked)",Define,,OWL,4,Version 1.0.1,2021-09-10T00:00:00.000+00:00,https://bioportal.bioontology.org/ontologies/MOSAIC
bioportal,MP,Mammalian Phenotype Ontology,scored,10.0,6.33,6.33,7.33,10.0,8.415,8.41,8.415,8.41,"same_as_strict (1.0 result, not re-checked)",Define,Phenotype,OBO,462,2026-06-17,2026-06-22T18:06:43.000-07:00,https://bioportal.bioontology.org/ontologies/MP
bioportal,MPATH,Mouse Pathology Ontology,scored,9.99,6.07,6.07,6.99,10.0,8.262500000000001,8.26,8.262500000000001,8.26,"same_as_strict (1.0 result, not re-checked)",Define,Phenotype,OBO,22,2020-05-19,2023-09-30T18:17:48.000-07:00,https://bioportal.bioontology.org/ontologies/MPATH
bioportal,MPIO,Minimum PDDI Information Ontology,scored,9.86,4.78,4.78,3.92,8.0,6.640000000000001,6.64,6.640000000000001,6.64,"same_as_strict (1.0 result, not re-checked)",Connection,Health,OWL,2,2023-10-17,2023-10-17T18:10:08.000-07:00,https://bioportal.bioontology.org/ontologies/MPIO
bioportal,MPO,Microbial Phenotype Ontology,scored,9.85,0.2,0.2,0.0,10.0,5.012499999999999,5.01,5.012499999999999,5.01,"same_as_strict (1.0 result, not re-checked)",Connection,Microbial_Anatomy;Phenotype,OWL,7,Version 0.74 alpha,2019-06-07T00:00:00.000+00:00,https://bioportal.bioontology.org/ontologies/MPO
bioportal,MRO,Defen,scored,7.64,0.59,0.59,1.05,10.0,4.82,4.82,4.82,4.82,"same_as_strict (1.0 result, not re-checked)",Define,,OWL,1,,2017-04-10T00:00:00.000+00:00,https://bioportal.bioontology.org/ontologies/MRO
bioportal,MS,Mass Spectrometry Ontology,scored,10.0,6.66,6.66,8.04,10.0,8.675,8.68,8.675,8.68,"same_as_strict (1.0 result, not re-checked)",Define,Experimental_Conditions;Protein,OBO,296,4.1.195,2026-09-18T18:08:03.000-07:00,https://bioportal.bioontology.org/ontologies/MS
bioportal,MSCDO,Medication Safety Co-Decision Ontology ,scored,7.97,1.17,1.17,2.47,6.0,4.4025,4.4,4.4025,4.4,same_as_strict,Define,,OWL,2,,2026-05-27T00:00:00.000+00:00,https://bioportal.bioontology.org/ontologies/MSCDO
bioportal,MSO,Multiple sclerosis ontology,scored,9.97,0.0,0.0,0.44,10.0,5.1025,5.1,5.1025,5.1,"same_as_strict (1.0 result, not re-checked)",Define,Neurologic_Disease,OWL,2,,2014-11-11T00:00:00.000+00:00,https://bioportal.bioontology.org/ontologies/MSO
bioportal,MSR,Mammography screening recommendation,scored,9.62,2.05,2.05,7.16,7.0,6.4575,6.46,6.4575,6.46,"same_as_strict (1.0 result, not re-checked)",Define,Other,OWL,1,0.0.1,2022-12-04T00:00:00.000+00:00,https://bioportal.bioontology.org/ontologies/MSR
bioportal,MSTDE,Minimal Standard Terminology of Digestive Endoscopy,scored,9.99,0.01,0.01,8.6,10.0,7.15,7.15,7.15,7.15,"same_as_strict (1.0 result, not re-checked)",Define,,UMLS,24,MTHMST2001,2024-05-06T00:00:00.000+00:00,https://bioportal.bioontology.org/ontologies/MSTDE
bioportal,MSV,Metagenome Sample Vocabulary,scored,0.15,0.05,0.05,7.55,6.0,3.4375,3.44,3.4375,3.44,"same_as_strict (1.0 result, not re-checked)",Define,Other,OWL,2,0.2,2017-09-09T00:00:00.000+00:00,https://bioportal.bioontology.org/ontologies/MSV
bioportal,MVAONT,Mosquito Vector Association Ontology with Biocontrol Agents,scored,0.06,0.04,0.04,7.3,10.0,4.35,4.35,4.35,4.35,"same_as_strict (1.0 result, not re-checked)",Define,Other,OWL,2,Version2,2022-09-05T00:00:00.000+00:00,https://bioportal.bioontology.org/ontologies/MVAONT
bioportal,MWLA,Medical Web Lifestyle Aggregator,scored,0.0,0.0,0.0,0.06,7.0,1.765,1.76,1.765,1.76,"same_as_strict (1.0 result, not re-checked)",Describe,Vocabularies,OWL,1,0.0.1,2015-04-26T00:00:00.000+00:00,https://bioportal.bioontology.org/ontologies/MWLA
bioportal,MWO,NFDI MatWerk Ontology,scored,9.97,6.65,6.65,1.51,10.0,7.032500000000001,7.03,7.032500000000001,7.03,"same_as_strict (1.0 result, not re-checked)",Connection,,OWL,1,3.0.0,2025-03-28T00:00:00.000+00:00,https://bioportal.bioontology.org/ontologies/MWO
bioportal,N-CDOH,Non Clinical Determinants of Health,scored,0.96,0.37,0.37,5.87,10.0,4.3,4.3,4.3,4.3,"same_as_strict (1.0 result, not re-checked)",Define,Health;Human,OWL,4,v1,2023-03-14T00:00:00.000+00:00,https://bioportal.bioontology.org/ontologies/N-CDOH
bioportal,NAMO,New Approach Methodology Ontology,scored,10.0,5.29,5.29,6.24,10.0,7.8825,7.88,7.8825,7.88,"same_as_strict (1.0 result, not re-checked)",Define,Biomedical_Resources;Chemical;Experimental_Conditions;Health;Phenotype;Physicochemical,OWL,2,,2026-08-01T18:07:50.000-07:00,https://bioportal.bioontology.org/ontologies/NAMO
bioportal,NANDO,Nanbyo Disease Ontology,scored,10.0,3.54,3.54,0.13,10.0,5.9175,5.92,5.9175,5.92,"same_as_strict (1.0 result, not re-checked)",Connection,Biomedical_Resources;Health;Human,OWL,19,2025-08-26,2021-07-23T00:00:00.000+00:00,https://bioportal.bioontology.org/ontologies/NANDO
bioportal,NATPRO,Natural Products Ontology,scored,3.01,0.0,0.0,5.53,10.0,4.635,4.64,4.635,4.64,"same_as_strict (1.0 result, not re-checked)",Define,,OWL,1,unknown,2012-02-08T00:00:00.000-08:00,https://bioportal.bioontology.org/ontologies/NATPRO
bioportal,NBO,Neuro Behavior Ontology,scored,10.0,1.86,1.86,6.36,10.0,7.055,7.06,7.055,7.06,"same_as_strict (1.0 result, not re-checked)",Define,,OWL,38,2023-07-04,2023-07-04T18:11:51.000-07:00,https://bioportal.bioontology.org/ontologies/NBO
bioportal,NCBITAXON,National Center for Biotechnology Information (NCBI) Organismal Classification,scored,10.0,0.0,0.0,7.69,10.0,6.9225,6.92,6.9225,6.92,"same_as_strict (1.0 result, not re-checked)",Define,Taxonomic_Classification,UMLS,27,2025_04_10,2025-11-03T00:00:00.000+00:00,https://bioportal.bioontology.org/ontologies/NCBITAXON
bioportal,NCCNEHR,NCCN EHR Oncology Categories,scored,8.0,5.08,5.08,7.18,0.0,5.0649999999999995,5.06,5.0649999999999995,5.06,"same_as_strict (1.0 result, not re-checked)",Flat,Biomedical_Resources;Health,OWL,1,1.0.0,2017-10-11T00:00:00.000+00:00,https://bioportal.bioontology.org/ontologies/NCCNEHR
bioportal,NCCO,Nursing Care Coordination Ontology,scored,9.98,0.26,0.26,0.0,10.0,5.0600000000000005,5.06,5.0600000000000005,5.06,"same_as_strict (1.0 result, not re-checked)",Connection,Health,OWL,1,1.0,2013-11-05T00:00:00.000+00:00,https://bioportal.bioontology.org/ontologies/NCCO
bioportal,NCIT,National Cancer Institute Thesaurus,scored,10.0,0.0,5.66,8.57,10.0,7.1425,7.14,8.557500000000001,8.56,http://ncicb.nci.nih.gov/xml/owl/EVS/Thesaurus.owl#P97 [bioportal_definitionProperty + detected_by_name],Define,,OWL,151,26.08e,2026-09-01T18:13:46.000-07:00,https://bioportal.bioontology.org/ontologies/NCIT
bioportal,NCOD,NCoD,parse_failed,,,,,,,,,,,,Vocabularies,SKOS,1,0.1.1,2021-05-23T00:00:00.000+00:00,https://bioportal.bioontology.org/ontologies/NCOD
bioportal,NCRO,Non-coding RNA Ontology,scored,10.0,5.51,5.51,7.01,10.0,8.129999999999999,8.13,8.129999999999999,8.13,"same_as_strict (1.0 result, not re-checked)",Define,,OWL,12,Working version 06102015,2016-02-01T18:05:44.000-08:00,https://bioportal.bioontology.org/ontologies/NCRO
bioportal,NDDF,National Drug Data File,not_downloadable,,,,,,,,,,,,Health,UMLS,27,2025_08_13,2025-11-03T00:00:00.000+00:00,https://bioportal.bioontology.org/ontologies/NDDF
bioportal,NDDO,Neurodegenerative Disease Data Ontology,scored,9.37,1.6,1.6,8.73,10.0,7.425,7.42,7.425,7.42,"same_as_strict (1.0 result, not re-checked)",Define,Neurologic_Disease;Neurological_Disorder,OWL,10,0.2,2019-06-03T18:08:49.000-07:00,https://bioportal.bioontology.org/ontologies/NDDO
bioportal,NDDRFO,Neurodegenerative Disease Risk Factor Ontology,scored,9.99,0.3,0.3,6.93,10.0,6.805,6.8,6.805,6.8,"same_as_strict (1.0 result, not re-checked)",Define,Biological_Process;Biomedical_Resources;Cell;Genomic_and_Proteomic;Health;Human;Neurologic_Disease;Neurological_Disorder;Phenotype;Protein,OWL,3,V1.0.0,2025-12-07T00:00:00.000+00:00,https://bioportal.bioontology.org/ontologies/NDDRFO
bioportal,NDFRT,National Drug File - Reference Terminology,not_downloadable,,,,,,,,,,,,Health,UMLS,13,NDFRT_2018_02_05_18_03_05,2018-05-07T00:00:00.000+00:00,https://bioportal.bioontology.org/ontologies/NDFRT
bioportal,NEET_,NEET_Ontology_,scored,9.33,4.55,4.55,0.0,0.0,3.4699999999999998,3.47,3.4699999999999998,3.47,"same_as_strict (1.0 result, not re-checked)",Connection,Health,SKOS,1,,2025-04-23T00:00:00.000+00:00,https://bioportal.bioontology.org/ontologies/NEET_
bioportal,NEIC-ONTO,Unoffical NeIC Organisation Vocabulary,scored,9.6,2.51,2.51,0.0,0.0,3.0275,3.03,3.0275,3.03,"same_as_strict (1.0 result, not re-checked)",Connection,Vocabularies,SKOS,5,0.2.2,2023-01-24T00:00:00.000+00:00,https://bioportal.bioontology.org/ontologies/NEIC-ONTO
bioportal,NEICBEER,The NeIC PaRI beer vocabulary,scored,9.77,0.84,0.84,0.17,0.0,2.695,2.7,2.695,2.7,"same_as_strict (1.0 result, not re-checked)",Flat,Other,SKOS,1,0.1.0,2021-06-14T00:00:00.000+00:00,https://bioportal.bioontology.org/ontologies/NEICBEER
bioportal,NEIO,Neural Electronic Interface Ontology,scored,10.0,4.24,4.24,5.62,9.0,7.215,7.22,7.215,7.22,"same_as_strict (1.0 result, not re-checked)",Define,Health;Neurologic_Disease;Neurological_Disorder,OWL,3,2024-06-25,2024-06-28T18:12:46.000+00:00,https://bioportal.bioontology.org/ontologies/NEIO
bioportal,NEMO,Neural ElectroMagnetic Ontology,scored,9.99,0.21,6.12,2.01,10.0,5.5525,5.55,7.029999999999999,7.03,http://purl.bioontology.org/NEMO/ontology/NEMO_annotation_properties.owl#definition [bioportal_definitionProperty + detected_by_name],Define,Anatomy;Biological_Process;Experimental_Conditions;Human;Imaging,OWL,24,v3.10,2013-10-21T00:00:00.000+00:00,https://bioportal.bioontology.org/ontologies/NEMO
bioportal,NEO,Neurologic Examination Ontology,scored,9.98,0.0,0.0,0.0,10.0,4.995,5.0,4.995,5.0,same_as_strict,Define,Health;Neurologic_Disease;Neurological_Disorder;Taxonomic_Classification,OWL,90,49.0,2022-07-05T00:00:00.000+00:00,https://bioportal.bioontology.org/ontologies/NEO
bioportal,NEOMARK3,"Neomark Oral Cancer Ontology, version 3",scored,9.82,6.11,6.11,8.2,8.0,8.032499999999999,8.03,8.032499999999999,8.03,"same_as_strict (1.0 result, not re-checked)",Define,Health,OWL,2,3.1,2010-05-17T00:00:00.000-07:00,https://bioportal.bioontology.org/ontologies/NEOMARK3
bioportal,NEOMARK4,"Neomark Oral Cancer Ontology, version 4",scored,10.0,0.68,0.68,0.54,10.0,5.305,5.3,5.305,5.3,"same_as_strict (1.0 result, not re-checked)",Connection,Anatomy;Genomic_and_Proteomic;Health;Human,OWL,1,4.1,2011-03-24T00:00:00.000-07:00,https://bioportal.bioontology.org/ontologies/NEOMARK4
bioportal,NERO,Named Entity Recognition Ontology ,scored,9.84,1.52,1.52,2.79,10.0,6.0375,6.04,6.0375,6.04,"same_as_strict (1.0 result, not re-checked)",Define,Biomedical_Resources,OWL,1,"The main developer of NERO is Prof. Robert Stevens, the University of Manchester",2021-04-28T00:00:00.000+00:00,https://bioportal.bioontology.org/ontologies/NERO
bioportal,NEUDIGS,Neuroscience Domain Insight Graph,scored,9.58,4.53,4.53,0.0,7.0,5.2775,5.28,5.2775,5.28,"same_as_strict (1.0 result, not re-checked)",Connection,Anatomy;Cell;Cellular_anatomy_,OWL,1,0.0.1,2017-02-23T00:00:00.000+00:00,https://bioportal.bioontology.org/ontologies/NEUDIGS
bioportal,NEUMORE,Neural Motor Recovery Ontology,scored,9.71,0.0,0.0,0.0,7.0,4.1775,4.18,4.1775,4.18,"same_as_strict (1.0 result, not re-checked)",Define,,OWL,1,0.1,2010-07-28T00:00:00.000-07:00,https://bioportal.bioontology.org/ontologies/NEUMORE
bioportal,NEUROBRG,NeuroBridge Ontology,scored,10.0,0.82,0.82,0.35,10.0,5.2925,5.29,5.2925,5.29,"same_as_strict (1.0 result, not re-checked)",Connection,Biomedical_Resources;Experimental_Conditions;Imaging;Neurologic_Disease,OWL,2,1.0 (Release 2023),2023-06-21T00:00:00.000+00:00,https://bioportal.bioontology.org/ontologies/NEUROBRG
bioportal,NEXUS,"NEXUS: An Integrated Semantic Framework and Ontology for Neurodegenerative Disease Knowledge - Linking Clinical, Cognitive, Biological, and Artificial Intelligence Domains",scored,9.95,0.03,0.03,2.12,10.0,5.5249999999999995,5.52,5.5249999999999995,5.52,"same_as_strict (1.0 result, not re-checked)",Define,Biomedical_Resources;Genomic_and_Proteomic;Neurologic_Disease;Neurological_Disorder,OWL,1,1.0.0,2026-09-20T00:00:00.000+00:00,https://bioportal.bioontology.org/ontologies/NEXUS
bioportal,NGBO,Next Generation Biobanking Ontology,scored,10.0,4.9,4.9,0.68,10.0,6.395,6.4,6.395,6.4,"same_as_strict (1.0 result, not re-checked)",Connection,Biomedical_Resources,OWL,4,2024-08-27,2024-09-04T18:16:17.000-07:00,https://bioportal.bioontology.org/ontologies/NGBO
bioportal,NGSONTO,NGS ontology,scored,9.33,3.74,3.74,3.66,10.0,6.6825,6.68,6.6825,6.68,"same_as_strict (1.0 result, not re-checked)",Connection,,OWL,32,1.2,2016-03-12T00:00:00.000+00:00,https://bioportal.bioontology.org/ontologies/NGSONTO
bioportal,NHSQI2009,NHS Quality Indicators,no_submission,,,,,,,,,,,,Health,,-1,,,https://bioportal.bioontology.org/ontologies/NHSQI2009
bioportal,NIC,Nursing Interventions Classification,no_submission,,,,,,,,,,,,Health,,-1,,,https://bioportal.bioontology.org/ontologies/NIC
bioportal,NIDM-RESULTS,NIDM-Results,scored,9.69,5.81,5.81,0.74,10.0,6.56,6.56,6.56,6.56,"same_as_strict (1.0 result, not re-checked)",Connection,Imaging;Other,OWL,2,Recommendation version 2013-04-30,2016-06-07T00:00:00.000+00:00,https://bioportal.bioontology.org/ontologies/NIDM-RESULTS
bioportal,NIFCELL,Neuroscience Information Framework (NIF) Cell Ontology,scored,9.97,3.66,3.66,0.0,10.0,5.907500000000001,5.91,5.907500000000001,5.91,"same_as_strict (1.0 result, not re-checked)",Connection,,OWL,15,"v.1.10 - July 17, 2013",2017-10-10T00:00:00.000+00:00,https://bioportal.bioontology.org/ontologies/NIFCELL
bioportal,NIFDYS,Neuroscience Information Framework (NIF) Dysfunction Ontlogy,scored,9.93,5.56,5.56,7.23,10.0,8.18,8.18,8.18,8.18,"same_as_strict (1.0 result, not re-checked)",Define,,OWL,16,"1.5 (December, 2012)",2018-04-11T18:08:58.000-07:00,https://bioportal.bioontology.org/ontologies/NIFDYS
bioportal,NIFSTD,Neuroscience Information Framework (NIF) Standard Ontology,scored,9.98,4.2,4.2,6.22,10.0,7.6,7.6,7.6,7.6,"same_as_strict (1.0 result, not re-checked)",Define,All_Organisms;Anatomy;Biological_Process;Cell;Cellular_anatomy_;Dysfunction;Molecule;Neurologic_Disease;Neurological_Disorder;Other;Subcellular;Subcellular_anatomy,OWL,27,"3.1 - January 15, 2018",2018-02-10T18:06:57.000-08:00,https://bioportal.bioontology.org/ontologies/NIFSTD
bioportal,NIFSUBCELL,Neuroscience Information Framework (NIF) Subcellular Ontology,scored,9.98,4.63,4.63,0.19,10.0,6.199999999999999,6.2,6.199999999999999,6.2,"same_as_strict (1.0 result, not re-checked)",Connection,,OWL,1,1.3 (May 2012),2012-05-31T00:00:00.000+00:00,https://bioportal.bioontology.org/ontologies/NIFSUBCELL
bioportal,NIGO,Neural-Immune Gene Ontology,scored,10.0,6.58,6.58,7.89,10.0,8.6175,8.62,8.6175,8.62,"same_as_strict (1.0 result, not re-checked)",Define,Biological_Process;Human;Other,OBO,2,v1,2010-09-12T00:00:00.000-07:00,https://bioportal.bioontology.org/ontologies/NIGO
bioportal,NIHSS,National Institutes of Health Stroke Scale Ontology,scored,9.89,0.33,0.33,0.0,7.0,4.305,4.3,4.305,4.3,"same_as_strict (1.0 result, not re-checked)",Connection,Neurologic_Disease,OWL,15,2024/06,2024-07-17T18:10:25.000-07:00,https://bioportal.bioontology.org/ontologies/NIHSS
bioportal,NIO,Neuropsychological Integrative Ontology,scored,10.0,1.72,1.72,8.02,10.0,7.4350000000000005,7.44,7.4350000000000005,7.44,"same_as_strict (1.0 result, not re-checked)",Define,Neurologic_Disease,OWL,2,"v15
Heneka comments / shifs / modifications integrated",2020-03-24T00:00:00.000+00:00,https://bioportal.bioontology.org/ontologies/NIO
bioportal,NIRS,Non-invasive Respiratory Support Ontology,scored,9.41,4.62,4.62,2.54,10.0,6.6425,6.64,6.6425,6.64,"same_as_strict (1.0 result, not re-checked)",Connection,Health;Vocabularies,OWL,2,,2026-01-19T00:00:00.000+00:00,https://bioportal.bioontology.org/ontologies/NIRS
bioportal,NIST_GEL,NIST Genome Editing Lexicon,scored,9.81,5.31,5.31,5.51,10.0,7.657500000000001,7.66,7.657500000000001,7.66,"same_as_strict (1.0 result, not re-checked)",Define,Gene_Product;Genomic_and_Proteomic;Molecule,OWL,8,2.2,2020-11-23T00:00:00.000+00:00,https://bioportal.bioontology.org/ontologies/NIST_GEL
bioportal,NLMVS,NIH NLM Value Sets,scored,10.0,0.0,0.0,7.78,4.0,5.445,5.44,5.445,5.44,"same_as_strict (1.0 result, not re-checked)",Define,,SKOS,1,1.0,2015-07-14T00:00:00.000+00:00,https://bioportal.bioontology.org/ontologies/NLMVS
bioportal,NLN,NLighten Ontology,scored,10.0,5.24,5.24,2.31,10.0,6.8875,6.89,6.8875,6.89,"same_as_strict (1.0 result, not re-checked)",Connection,Other,OWL,1,2018-02-28,2018-03-08T00:00:00.000+00:00,https://bioportal.bioontology.org/ontologies/NLN
bioportal,NMDCO,NMDC Ontology,scored,10.0,5.77,5.77,7.44,10.0,8.3025,8.3,8.3025,8.3,"same_as_strict (1.0 result, not re-checked)",Define,Other;Plant,OWL,8,2024-03-15,2024-03-15T18:10:27.000-07:00,https://bioportal.bioontology.org/ontologies/NMDCO
bioportal,NMOBR,NeuroMorpho.Org brain region ontologies,scored,10.0,0.0,0.0,1.33,10.0,5.3325,5.33,5.3325,5.33,"same_as_strict (1.0 result, not re-checked)",Define,Cellular_anatomy_;Development;Gross_Anatomy;Mouse_Anatomy;Phenotype,OWL,36,2.0,2019-11-22T18:11:48.000-08:00,https://bioportal.bioontology.org/ontologies/NMOBR
bioportal,NMOSP,NeuroMorpho.Org species ontology,scored,9.99,0.0,0.0,3.73,10.0,5.93,5.93,5.93,5.93,"same_as_strict (1.0 result, not re-checked)",Define,All_Organisms,OWL,22,1.3,2019-11-22T18:12:34.000-08:00,https://bioportal.bioontology.org/ontologies/NMOSP
bioportal,NMR,NMR-Controlled Vocabulary,scored,10.0,2.81,2.81,1.42,10.0,6.0575,6.06,6.0575,6.06,"same_as_strict (1.0 result, not re-checked)",Connection,Biomedical_Resources;Chemical;Molecule;Other;Physicochemical;Protein;Subcellular;Vocabularies,OWL,12,1.1.0,2019-11-12T18:13:41.000-08:00,https://bioportal.bioontology.org/ontologies/NMR
bioportal,NND_CH,NND_Clinical_history,scored,9.91,0.32,0.32,6.12,10.0,6.5875,6.59,6.5875,6.59,"same_as_strict (1.0 result, not re-checked)",Define,Neurological_Disorder,OBO,2,1,2023-08-07T00:00:00.000+00:00,https://bioportal.bioontology.org/ontologies/NND_CH
bioportal,NND_ND,NND_Neuropathological_Diagnosis,scored,9.91,0.0,0.0,0.41,9.0,4.83,4.83,4.83,4.83,"same_as_strict (1.0 result, not re-checked)",Define,Neurological_Disorder,OWL,2,2023-03-31,2023-08-07T00:00:00.000+00:00,https://bioportal.bioontology.org/ontologies/NND_ND
bioportal,NOMEN,NOMEN - A nomenclatural ontology for biological names,scored,9.96,0.35,0.35,3.06,10.0,5.8425,5.84,5.8425,5.84,"same_as_strict (1.0 result, not re-checked)",Define,Other,OWL,17,,2025-10-13T18:09:03.000-07:00,https://bioportal.bioontology.org/ontologies/NOMEN
bioportal,NONRCTO,Non-Randomized Controlled Trials Ontology,scored,8.34,2.39,2.39,2.45,10.0,5.795,5.8,5.795,5.8,"same_as_strict (1.0 result, not re-checked)",Define,,OWL,1,2.0,2012-01-18T00:00:00.000-08:00,https://bioportal.bioontology.org/ontologies/NONRCTO
bioportal,NPDX,Neuropathologic Diagnoses,scored,9.99,0.0,0.0,0.0,10.0,4.9975000000000005,5.0,4.9975000000000005,5.0,"same_as_strict (1.0 result, not re-checked)",Define,Neurologic_Disease;Neurological_Disorder,OWL,8,1.52,2026-08-21T00:00:00.000+00:00,https://bioportal.bioontology.org/ontologies/NPDX
bioportal,NPI,Non-Pharmacological Interventions (NPIs),scored,10.0,0.0,0.0,0.0,7.0,4.25,4.25,4.25,4.25,"same_as_strict (1.0 result, not re-checked)",Define,Health,OWL,5,Version 8,2018-02-01T00:00:00.000+00:00,https://bioportal.bioontology.org/ontologies/NPI
bioportal,NPO,NanoParticle Ontology,scored,10.0,0.43,7.46,3.86,10.0,6.0725,6.07,7.83,7.83,http://purl.bioontology.org/ontology/npo#definition [bioportal_definitionProperty + detected_by_name],Define,Chemical,OWL,31,2011-12-08 (yyyy-mm-dd),2011-02-12T00:00:00.000-08:00,https://bioportal.bioontology.org/ontologies/NPO
bioportal,NPOKB,Neuron Phenotype Ontology,scored,6.21,0.07,0.07,4.4,10.0,5.17,5.17,5.17,5.17,"same_as_strict (1.0 result, not re-checked)",Define,Cell;Cellular_anatomy_;Phenotype,OWL,22,2026-03-19,2026-03-19T18:10:24.000-07:00,https://bioportal.bioontology.org/ontologies/NPOKB
bioportal,NRO,NeuralReprogrammingOntology,scored,9.89,0.02,0.02,4.88,10.0,6.1975,6.2,6.1975,6.2,"same_as_strict (1.0 result, not re-checked)",Define,Biomedical_Resources;Cell;Neurologic_Disease;Phenotype,OWL,1,1.0.0,2022-10-10T00:00:00.000+00:00,https://bioportal.bioontology.org/ontologies/NRO
bioportal,NUCLEON,Nuclide and Element Ontology,scored,10.0,0.13,0.13,8.66,7.0,6.4475,6.45,6.4475,6.45,"same_as_strict (1.0 result, not re-checked)",Define,Chemical;Imaging;Molecule;Other;Physicochemical;Vocabularies,OWL,3,0.9,2026-08-30T00:00:00.000+00:00,https://bioportal.bioontology.org/ontologies/NUCLEON
bioportal,O-REXTECH,OSIRIS-REx Analytical Technique,scored,9.84,0.6,0.6,8.69,4.0,5.7825,5.78,5.7825,5.78,"same_as_strict (1.0 result, not re-checked)",Define,Vocabularies,SKOS,2,0.0.2,2022-09-08T00:00:00.000+00:00,https://bioportal.bioontology.org/ontologies/O-REXTECH
bioportal,O3,Operational Ontology for Oncology ,scored,10.0,2.11,2.11,7.09,10.0,7.3,7.3,7.3,7.3,"same_as_strict (1.0 result, not re-checked)",Define,,OWL,5,2.0,2026-06-15T00:00:00.000+00:00,https://bioportal.bioontology.org/ontologies/O3
bioportal,OA,Web Annotation Ontology,scored,9.35,5.15,5.15,0.0,6.0,5.125,5.12,5.125,5.12,"same_as_strict (1.0 result, not re-checked)",Connection,Upper_Level_Ontology,OWL,4,2016-11-12T21:28:11Z,2017-07-17T18:07:10.000-07:00,https://bioportal.bioontology.org/ontologies/OA
bioportal,OAE,Ontology of Adverse Events,scored,10.0,6.31,6.31,2.59,10.0,7.225,7.22,7.225,7.22,"same_as_strict (1.0 result, not re-checked)",Connection,Health,OWL,172,1.2.54,2026-04-07T18:11:14.000-07:00,https://bioportal.bioontology.org/ontologies/OAE
bioportal,OARCS,Ontology of Arthropod Circulatory Systems,scored,4.87,3.15,3.15,3.97,10.0,5.4975000000000005,5.5,5.4975000000000005,5.5,"same_as_strict (1.0 result, not re-checked)",Define,Anatomy,OWL,2,2019-04-18,2019-04-18T18:06:26.000-07:00,https://bioportal.bioontology.org/ontologies/OARCS
bioportal,OBA,Ontology of Biological Attributes,scored,10.0,4.3,4.3,7.1,10.0,7.85,7.85,7.85,7.85,"same_as_strict (1.0 result, not re-checked)",Define,Phenotype,OWL,29,2026-07-14,2026-07-14T18:14:24.000-07:00,https://bioportal.bioontology.org/ontologies/OBA
bioportal,OBCS,Ontology of Biological and Clinical Statistics,scored,10.0,6.21,6.21,3.1,10.0,7.327500000000001,7.33,7.327500000000001,7.33,"same_as_strict (1.0 result, not re-checked)",Connection,Other,OWL,15,2023-12-08,2023-12-21T18:12:19.000-08:00,https://bioportal.bioontology.org/ontologies/OBCS
bioportal,OBEST,Ontology of Bioethics and Ethics of Science & Technology,scored,10.0,6.08,6.08,1.76,10.0,6.96,6.96,6.96,6.96,"same_as_strict (1.0 result, not re-checked)",Connection,Biomedical_Resources;Development;Health;Human;Other,OWL,2,1.0.1,2025-11-05T00:00:00.000+00:00,https://bioportal.bioontology.org/ontologies/OBEST
bioportal,OBI,Ontology for Biomedical Investigations,scored,10.0,6.38,6.38,3.07,10.0,7.3625,7.36,7.3625,7.36,"same_as_strict (1.0 result, not re-checked)",Connection,Experimental_Conditions,OWL,66,2026-07-27,2026-08-07T18:08:15.000-07:00,https://bioportal.bioontology.org/ontologies/OBI
bioportal,OBIB,Ontology for Biobanking,scored,10.0,5.63,5.63,1.32,10.0,6.7375,6.74,6.7375,6.74,"same_as_strict (1.0 result, not re-checked)",Connection,Health,OWL,14,2023-04-05,2023-05-12T18:11:27.000-07:00,https://bioportal.bioontology.org/ontologies/OBIB
bioportal,OBIWS,Bioinformatics Web Service Ontology,scored,10.0,5.29,5.29,3.51,9.0,6.949999999999999,6.95,6.949999999999999,6.95,"same_as_strict (1.0 result, not re-checked)",Connection,Other,OWL,2,Release v1.1,2012-12-18T00:00:00.000-08:00,https://bioportal.bioontology.org/ontologies/OBIWS
bioportal,OBI_BCGO,Beta Cell Genomics Ontology,scored,10.0,6.16,6.16,2.99,10.0,7.2875,7.29,7.2875,7.29,"same_as_strict (1.0 result, not re-checked)",Connection,,OWL,14,2015-07-08,2015-08-20T00:00:00.000+00:00,https://bioportal.bioontology.org/ontologies/OBI_BCGO
bioportal,OBI_IEE,The Ontology for Biomedical Investigation based Inner Ear Electrophysiology ,scored,10.0,6.44,6.44,3.24,10.0,7.42,7.42,7.42,7.42,"same_as_strict (1.0 result, not re-checked)",Connection,,OWL,1,2018-05-23,2019-08-31T00:00:00.000+00:00,https://bioportal.bioontology.org/ontologies/OBI_IEE
bioportal,OBOE,The Extensible Observation Ontology,scored,10.0,1.18,1.18,6.1,10.0,6.82,6.82,6.82,6.82,same_as_strict,Define,,OWL,4,Version 1.2,2019-09-17T00:00:00.000+00:00,https://bioportal.bioontology.org/ontologies/OBOE
bioportal,OBOE-SBC,Santa Barbara Coastal Observation Ontology,scored,10.0,1.08,1.08,2.88,10.0,5.99,5.99,5.99,5.99,"same_as_strict (1.0 result, not re-checked)",Define,Other,OWL,1,Version 1.0,2010-08-12T00:00:00.000-07:00,https://bioportal.bioontology.org/ontologies/OBOE-SBC
bioportal,OBOREL,Relations Ontology,scored,9.84,5.15,5.15,5.67,8.0,7.165,7.16,7.165,7.16,"same_as_strict (1.0 result, not re-checked)",Define,,OWL,46,2026-09-04,2026-09-07T18:08:33.000-07:00,https://bioportal.bioontology.org/ontologies/OBOREL
bioportal,OBS,OntoBioStat,scored,6.48,0.76,0.76,6.25,10.0,5.8725000000000005,5.87,5.8725000000000005,5.87,"same_as_strict (1.0 result, not re-checked)",Define,,OWL,5,,2022-12-19T00:00:00.000+00:00,https://bioportal.bioontology.org/ontologies/OBS
bioportal,OCCO,Occupation Ontology,scored,10.0,4.55,4.55,4.32,10.0,7.2175,7.22,7.2175,7.22,"same_as_strict (1.0 result, not re-checked)",Connection,Human;Other,OWL,5,2023-08-20,2023-09-01T00:00:00.000+00:00,https://bioportal.bioontology.org/ontologies/OCCO
bioportal,OCD,Obsessive-Compulsive Disorder Ontology,scored,10.0,0.19,0.19,0.1,10.0,5.0725,5.07,5.0725,5.07,"same_as_strict (1.0 result, not re-checked)",Connection,Biomedical_Resources;Health;Taxonomic_Classification,OWL,11,1.2,2025-07-29T00:00:00.000+00:00,https://bioportal.bioontology.org/ontologies/OCD
bioportal,OCDM,Ontology of Craniofacial Development and Malformation,empty,0.0,0.0,0.0,0.0,0.0,0.0,0.0,0.0,0.0,same_as_strict,Describe,Anatomy;Development,OWL,8,1.10.0,2023-11-08T18:10:42.000-08:00,https://bioportal.bioontology.org/ontologies/OCDM
bioportal,OCE,Ontology of Chemical Elements,scored,9.96,3.18,3.18,3.14,10.0,6.57,6.57,6.57,6.57,"same_as_strict (1.0 result, not re-checked)",Connection,Physicochemical,OWL,2,Vision Release: 1.0.29,2020-02-28T18:11:00.000-08:00,https://bioportal.bioontology.org/ontologies/OCE
bioportal,OCHV,Ontology of Consumer Health Vocabulary,scored,10.0,0.0,0.0,3.84,9.0,5.71,5.71,5.71,5.71,"same_as_strict (1.0 result, not re-checked)",Define,Vocabularies,OWL,2,1,2016-01-21T00:00:00.000+00:00,https://bioportal.bioontology.org/ontologies/OCHV
bioportal,OCIMIDO,Ocular Immune-Mediated Inflammatory Diseases Ontology,scored,9.98,2.91,2.91,7.7,10.0,7.6475,7.65,7.6475,7.65,"same_as_strict (1.0 result, not re-checked)",Define,Phenotype,OWL,2,1.2,2020-07-07T00:00:00.000+00:00,https://bioportal.bioontology.org/ontologies/OCIMIDO
bioportal,OCMR,Ontology of Chinese Medicine for Rheumatism,scored,10.0,5.57,5.57,5.9,10.0,7.8675,7.87,7.8675,7.87,"same_as_strict (1.0 result, not re-checked)",Define,Health;Human,OWL,3,Vision Release; 1.0.11,2017-04-20T00:00:00.000+00:00,https://bioportal.bioontology.org/ontologies/OCMR
bioportal,OCO,OpenCareOntology ,scored,5.04,2.7,2.7,2.94,10.0,5.17,5.17,5.17,5.17,"same_as_strict (1.0 result, not re-checked)",Define,Biomedical_Resources;Health;Vocabularies,OWL,2,1.1,2023-05-05T00:00:00.000+00:00,https://bioportal.bioontology.org/ontologies/OCO
bioportal,OCRE,Ontology of Clinical Research,scored,10.0,5.15,5.15,2.77,10.0,6.98,6.98,6.98,6.98,"same_as_strict (1.0 result, not re-checked)",Connection,Biomedical_Resources,OWL,23,Revision 315,2013-06-21T00:00:00.000-07:00,https://bioportal.bioontology.org/ontologies/OCRE
bioportal,OCS,A Foundational Ontology for Computational Sociology,scored,9.98,6.91,6.91,7.91,10.0,8.7,8.7,8.7,8.7,"same_as_strict (1.0 result, not re-checked)",Define,Other;Upper_Level_Ontology,OWL,4,,2025-10-14T18:11:29.000-07:00,https://bioportal.bioontology.org/ontologies/OCS
bioportal,OCVDAE,Ontology of Cardiovascular Drug Adverse Events,scored,10.0,3.86,3.86,5.09,10.0,7.2375,7.24,7.2375,7.24,"same_as_strict (1.0 result, not re-checked)",Define,,OWL,2,Vision Release; 1.0.4,2016-12-29T00:00:00.000+00:00,https://bioportal.bioontology.org/ontologies/OCVDAE
bioportal,OC_E,OntoCaimer_Examples,scored,2.13,0.0,0.0,7.84,7.0,4.2425,4.24,4.2425,4.24,"same_as_strict (1.0 result, not re-checked)",Define,,OWL,1,,2025-09-25T00:00:00.000+00:00,https://bioportal.bioontology.org/ontologies/OC_E
bioportal,ODAE,Ontology of Drug Adverse Events,scored,10.0,2.52,2.52,2.98,10.0,6.375,6.38,6.375,6.38,"same_as_strict (1.0 result, not re-checked)",Define,Health,OWL,1,Vision Release: 1.0.08,2019-01-12T00:00:00.000+00:00,https://bioportal.bioontology.org/ontologies/ODAE
bioportal,ODENTIFYHUMAN,Ontology for Forensic Human Identification by Dental Evidence and Source Conclusions,not_downloadable,,,,,,,,,,,,Biomedical_Resources;Health;Human;Imaging;Vocabularies,OWL,1,,2026-08-25T00:00:00.000+00:00,https://bioportal.bioontology.org/ontologies/ODENTIFYHUMAN
bioportal,ODFA,Ontology of Dental Care-Related Fear and Anxiety,scored,9.96,6.61,6.61,5.68,9.0,7.8125,7.81,7.8125,7.81,"same_as_strict (1.0 result, not re-checked)",Connection,Health,OWL,6,2026-04-03,2026-04-09T18:16:30.000-07:00,https://bioportal.bioontology.org/ontologies/ODFA
bioportal,ODHT,Digital Health Technologies,scored,9.99,0.31,0.31,7.72,8.0,6.505,6.5,6.505,6.5,"same_as_strict (1.0 result, not re-checked)",Define,Health,OWL,2,0.2,2022-08-30T00:00:00.000+00:00,https://bioportal.bioontology.org/ontologies/ODHT
bioportal,ODNAE,Ontology of Drug Neuropathy Adverse Events,scored,9.99,2.45,2.45,4.53,9.0,6.492500000000001,6.49,6.492500000000001,6.49,"same_as_strict (1.0 result, not re-checked)",Define,Health;Human,OWL,3,Vision Release; 1.0.13,2016-05-16T18:09:11.000-07:00,https://bioportal.bioontology.org/ontologies/ODNAE
bioportal,OF,OntoFood,scored,5.67,0.0,0.0,1.33,10.0,4.25,4.25,4.25,4.25,"same_as_strict (1.0 result, not re-checked)",Define,Biological_Process;Health,OWL,1,1.0,2015-12-26T00:00:00.000+00:00,https://bioportal.bioontology.org/ontologies/OF
bioportal,OFDSIPT,Ontology for Data Science in Practice (trial),scored,9.36,0.0,0.0,0.73,8.0,4.5225,4.52,4.5225,4.52,"same_as_strict (1.0 result, not re-checked)",Define,,OWL,1,,2025-11-20T00:00:00.000+00:00,https://bioportal.bioontology.org/ontologies/OFDSIPT
bioportal,OFL,A comprehensive ontology of flaps in reconstructive surgery,scored,10.0,6.08,6.08,6.99,10.0,8.2675,8.27,8.2675,8.27,"same_as_strict (1.0 result, not re-checked)",Define,Anatomy;Biomedical_Resources;Health;Human,OWL,3,2.1.0,2026-05-12T00:00:00.000+00:00,https://bioportal.bioontology.org/ontologies/OFL
bioportal,OFSMR,Open Predictive Microbiology Ontology,scored,9.94,0.0,0.0,0.0,10.0,4.984999999999999,4.98,4.984999999999999,4.98,"same_as_strict (1.0 result, not re-checked)",Define,Biomedical_Resources;Vocabularies,OWL,19,0.4,2015-11-23T00:00:00.000+00:00,https://bioportal.bioontology.org/ontologies/OFSMR
bioportal,OGCO,OriGinal Chemical Ontology,scored,10.0,0.0,0.0,0.0,10.0,5.0,5.0,5.0,5.0,"same_as_strict (1.0 result, not re-checked)",Define,Chemical,OWL,1,,2025-01-09T00:00:00.000+00:00,https://bioportal.bioontology.org/ontologies/OGCO
bioportal,OGDI,Ontology for Genetic Disease Investigations,scored,5.45,1.0,1.0,5.23,10.0,5.42,5.42,5.42,5.42,"same_as_strict (1.0 result, not re-checked)",Define,Experimental_Conditions,OWL,3,1.0,2013-01-30T00:00:00.000-08:00,https://bioportal.bioontology.org/ontologies/OGDI
bioportal,OGG,Ontology of Genes and Genomes,scored,10.0,2.08,2.08,0.02,10.0,5.525,5.52,5.525,5.52,"same_as_strict (1.0 result, not re-checked)",Connection,Gene_Product;Genomic_and_Proteomic;Human,OWL,3,Vision Release: 1.0.59,2016-12-02T18:08:15.000-08:00,https://bioportal.bioontology.org/ontologies/OGG
bioportal,OGG-MM,Ontology of Genes and Genomes - Mouse,scored,10.0,2.18,2.18,0.01,10.0,5.547499999999999,5.55,5.547499999999999,5.55,"same_as_strict (1.0 result, not re-checked)",Connection,Biomedical_Resources;Genomic_and_Proteomic;Molecule,OWL,5,Vision Release: 1.0.66,2018-03-23T18:09:51.000-07:00,https://bioportal.bioontology.org/ontologies/OGG-MM
bioportal,OGI,Ontology for Genetic Interval,scored,8.96,1.59,1.59,4.43,9.0,5.995,6.0,5.995,6.0,"same_as_strict (1.0 result, not re-checked)",Define,Genomic_and_Proteomic,OWL,18,2.0,2015-08-20T00:00:00.000+00:00,https://bioportal.bioontology.org/ontologies/OGI
bioportal,OGMD,Ontology of Glucose Metabolism Disorder,scored,9.93,0.0,0.0,0.0,10.0,4.9825,4.98,4.9825,4.98,"same_as_strict (1.0 result, not re-checked)",Define,Human,OBO,46,1,2021-07-23T18:10:44.000-07:00,https://bioportal.bioontology.org/ontologies/OGMD
bioportal,OGMS,Ontology for General Medical Science,scored,10.0,5.0,5.0,1.98,10.0,6.745,6.74,6.745,6.74,"same_as_strict (1.0 result, not re-checked)",Connection,,OWL,22,2021-08-19,2021-09-09T18:14:48.000-07:00,https://bioportal.bioontology.org/ontologies/OGMS
bioportal,OGR,Ontology of Geographical Region,scored,9.75,5.66,5.66,0.0,8.0,5.8525,5.85,5.8525,5.85,"same_as_strict (1.0 result, not re-checked)",Connection,Vocabularies,OWL,2,1.1,2008-03-08T00:00:00.000-08:00,https://bioportal.bioontology.org/ontologies/OGR
bioportal,OGROUP,Orthologous Group Ontology,scored,5.0,2.38,2.38,0.0,0.0,1.845,1.84,1.845,1.84,"same_as_strict (1.0 result, not re-checked)",Connection,Gene_Product,OWL,1,1.0,2016-02-01T00:00:00.000+00:00,https://bioportal.bioontology.org/ontologies/OGROUP
bioportal,OGSF,Ontology for Genetic Susceptibility Factor,scored,9.52,3.0,3.0,4.36,9.0,6.47,6.47,6.47,6.47,"same_as_strict (1.0 result, not re-checked)",Define,Genomic_and_Proteomic;Health;Human,OWL,11,2.0,2019-03-15T18:14:43.000-07:00,https://bioportal.bioontology.org/ontologies/OGSF
bioportal,OHD,The Oral Health and Disease Ontology,scored,10.0,5.46,5.46,5.98,10.0,7.86,7.86,7.86,7.86,"same_as_strict (1.0 result, not re-checked)",Define,Health,OWL,9,2026-03-16,2026-03-16T18:13:36.000-07:00,https://bioportal.bioontology.org/ontologies/OHD
bioportal,OHMI,Ontology of Host-Microbe Interactions,scored,10.0,4.6,4.6,6.47,10.0,7.7675,7.77,7.7675,7.77,"same_as_strict (1.0 result, not re-checked)",Define,Biological_Process;Experimental_Conditions;Immunology;Microbial_Anatomy;Phenotype,OWL,30,2026-05-14,2026-05-14T18:08:08.000-07:00,https://bioportal.bioontology.org/ontologies/OHMI
bioportal,OHPI,Ontology of Host-Pathogen Interactions,scored,10.0,2.18,2.18,7.68,10.0,7.465,7.46,7.465,7.46,"same_as_strict (1.0 result, not re-checked)",Define,Biological_Process;Cell;Health;Immunology;Molecule,OWL,11,1.0.26,2019-09-30T18:10:18.000-07:00,https://bioportal.bioontology.org/ontologies/OHPI
bioportal,OLAM,Ontology of Laboratory Animal Medicine,scored,10.0,3.5,3.5,4.06,9.0,6.64,6.64,6.64,6.64,"same_as_strict (1.0 result, not re-checked)",Define,All_Organisms,OWL,7,Vision Release: 1.0.20,2024-07-29T00:00:00.000+00:00,https://bioportal.bioontology.org/ontologies/OLAM
bioportal,OLAS,Ontology of Laboratory Animal Science,scored,10.0,0.04,0.04,6.96,10.0,6.75,6.75,6.75,6.75,"same_as_strict (1.0 result, not re-checked)",Define,All_Organisms,OWL,3,2025-12-22,2025-12-22T00:00:00.000+00:00,https://bioportal.bioontology.org/ontologies/OLAS
bioportal,OLATDV,Medaka Developmental Stages,scored,9.79,6.8,6.8,8.07,8.0,8.165,8.16,8.165,8.16,"same_as_strict (1.0 result, not re-checked)",Define,,OWL,174,,2024-04-03T18:11:07.000+00:00,https://bioportal.bioontology.org/ontologies/OLATDV
bioportal,OM,Ontology of units of Measure,scored,9.99,2.81,2.81,8.27,10.0,7.7675,7.77,7.7675,7.77,"same_as_strict (1.0 result, not re-checked)",Define,Other;Plant,OWL,33,2.0.59,2025-02-24T18:09:27.000-08:00,https://bioportal.bioontology.org/ontologies/OM
bioportal,OMCO,OligoMetastatic Cancer Ontology,scored,10.0,6.17,6.17,0.26,10.0,6.607500000000001,6.61,6.607500000000001,6.61,"same_as_strict (1.0 result, not re-checked)",Connection,,OWL,1,,2025-03-03T00:00:00.000+00:00,https://bioportal.bioontology.org/ontologies/OMCO
bioportal,OMIM,Online Mendelian Inheritance in Man,scored,10.0,0.0,0.0,9.09,10.0,7.2725,7.27,7.2725,7.27,"same_as_strict (1.0 result, not re-checked)",Define,Health,UMLS,29,2025_08_04,2025-11-03T00:00:00.000+00:00,https://bioportal.bioontology.org/ontologies/OMIM
bioportal,OMIT,Ontology for MicroRNA Target,scored,10.0,4.32,4.32,0.16,10.0,6.12,6.12,6.12,6.12,"same_as_strict (1.0 result, not re-checked)",Connection,Biological_Process;Cell;Gene_Product;Human;Molecule;Protein,OWL,41,OBO 4.0-12122013-2338,2021-01-05T18:15:02.000-08:00,https://bioportal.bioontology.org/ontologies/OMIT
bioportal,OMO,OBO Metadata Ontology,scored,10.0,4.56,4.56,2.75,9.0,6.5775,6.58,6.5775,6.58,"same_as_strict (1.0 result, not re-checked)",Connection,,OWL,1,,2020-05-08T00:00:00.000+00:00,https://bioportal.bioontology.org/ontologies/OMO
bioportal,OMP,Ontology of Microbial Phenotypes,scored,10.0,6.16,6.16,6.91,9.0,8.0175,8.02,8.0175,8.02,"same_as_strict (1.0 result, not re-checked)",Define,Phenotype,OWL,46,releases/2019-06-07,2024-03-25T18:12:45.000-07:00,https://bioportal.bioontology.org/ontologies/OMP
bioportal,OMRSE,Ontology for Modeling and Representation of Social Entities,scored,9.99,3.08,3.08,1.87,10.0,6.235,6.24,6.235,6.24,"same_as_strict (1.0 result, not re-checked)",Connection,Health;Human,OWL,71,2026-09-03,2026-09-04T18:09:17.000-07:00,https://bioportal.bioontology.org/ontologies/OMRSE
bioportal,OMV,Ontology Metadata Vocabulary,scored,8.48,3.03,3.03,1.85,8.0,5.34,5.34,5.34,5.34,same_as_strict,Connection,Vocabularies,OWL,1,2.4.1,2009-12-24T00:00:00.000+00:00,https://bioportal.bioontology.org/ontologies/OMV
bioportal,ONE,Ontology for Nutritional Epidemiology,scored,10.0,6.43,6.43,3.2,10.0,7.4075,7.41,7.4075,7.41,"same_as_strict (1.0 result, not re-checked)",Connection,Biomedical_Resources;Health;Human,OWL,9,V2.2,2021-03-25T00:00:00.000+00:00,https://bioportal.bioontology.org/ontologies/ONE
bioportal,ONL-DP,Dataset processing,scored,10.0,2.53,2.53,4.57,10.0,6.775,6.78,6.775,6.78,"same_as_strict (1.0 result, not re-checked)",Define,Imaging,OWL,1,V1,2013-07-10T00:00:00.000-07:00,https://bioportal.bioontology.org/ontologies/ONL-DP
bioportal,ONL-MR-DA,Magnetic Resonance Dataset Acquisition Ontology,scored,9.44,2.55,2.55,4.6,10.0,6.647499999999999,6.65,6.647499999999999,6.65,"same_as_strict (1.0 result, not re-checked)",Define,Imaging,OWL,1,V1,2013-07-10T00:00:00.000-07:00,https://bioportal.bioontology.org/ontologies/ONL-MR-DA
bioportal,ONL-MSA,Mental State Assessment,scored,9.95,0.39,0.39,7.19,10.0,6.8825,6.88,6.8825,6.88,"same_as_strict (1.0 result, not re-checked)",Define,Health;Human;Neurological_Disorder,OWL,1,v1,2013-07-09T00:00:00.000-07:00,https://bioportal.bioontology.org/ontologies/ONL-MSA
bioportal,ONL-TASKS,Cognitive Reserves Assessment Tasks,scored,0.0,0.0,0.0,0.0,10.0,2.5,2.5,2.5,2.5,"same_as_strict (1.0 result, not re-checked)",Describe,Health;Human;Neurological_Disorder,OWL,1,,2020-10-15T00:00:00.000+00:00,https://bioportal.bioontology.org/ontologies/ONL-TASKS
bioportal,ONLIRA,Ontology of Liver for Radiology,scored,10.0,0.0,0.0,3.69,8.0,5.422499999999999,5.42,5.422499999999999,5.42,"same_as_strict (1.0 result, not re-checked)",Define,,OWL,4,"changes
* Segments and Regions are modelling as Classes in order to identify which patient (liver) they belong to.
* Redundant restrictions are removed
",2015-01-26T10:18:13.000-08:00,https://bioportal.bioontology.org/ontologies/ONLIRA
bioportal,ONS,Ontology for Nutritional Studies,scored,10.0,1.8,1.8,0.37,8.0,5.0425,5.04,5.0425,5.04,"same_as_strict (1.0 result, not re-checked)",Connection,Biomedical_Resources;Experimental_Conditions;Health;Human,OWL,39,2026-02-06,2026-02-22T22:21:58.000-08:00,https://bioportal.bioontology.org/ontologies/ONS
bioportal,ONSTR,Ontology for Newborn Screening Follow-up and Translational Research,scored,10.0,6.31,6.31,1.28,9.0,6.6475,6.65,6.6475,6.65,"same_as_strict (1.0 result, not re-checked)",Connection,Biological_Process;Development;Dysfunction;Health;Human;Phenotype,OWL,5,0.4,2014-09-03T00:00:00.000+00:00,https://bioportal.bioontology.org/ontologies/ONSTR
bioportal,ONTOAD,Bilingual Ontology of Alzheimer's Disease and Related Diseases,scored,10.0,3.73,3.73,3.75,9.0,6.62,6.62,6.62,6.62,"same_as_strict (1.0 result, not re-checked)",Define,Dysfunction;Health;Human;Neurologic_Disease;Neurological_Disorder,OWL,2,1.0,2013-08-10T00:00:00.000+00:00,https://bioportal.bioontology.org/ontologies/ONTOAD
bioportal,ONTOAVIDA,OntoAvida: ontology for Avida digital evolution platform,scored,10.0,6.62,6.62,0.42,9.0,6.510000000000001,6.51,6.510000000000001,6.51,"same_as_strict (1.0 result, not re-checked)",Connection,Other,OWL,3,,2022-03-15T18:10:04.000-07:00,https://bioportal.bioontology.org/ontologies/ONTOAVIDA
bioportal,ONTODM-ALGORITHM,OntoDM-core/algorithms,scored,9.97,3.55,3.55,1.31,9.0,5.9575,5.96,5.9575,5.96,"same_as_strict (1.0 result, not re-checked)",Connection,Other,OWL,2,0.1,2022-06-06T00:00:00.000+00:00,https://bioportal.bioontology.org/ontologies/ONTODM-ALGORITHM
bioportal,ONTODM-CORE,Ontology of Core Data Mining Entities,scored,10.0,2.04,2.04,5.82,9.0,6.715,6.72,6.715,6.72,"same_as_strict (1.0 result, not re-checked)",Define,,OWL,9,2.0,2024-03-04T18:12:37.000-08:00,https://bioportal.bioontology.org/ontologies/ONTODM-CORE
bioportal,ONTODM-KDD,Ontology of Data Mining Investigations,scored,9.92,1.55,1.55,7.14,9.0,6.9025,6.9,6.9025,6.9,"same_as_strict (1.0 result, not re-checked)",Define,,OWL,1,0.1,2012-06-06T00:00:00.000-07:00,https://bioportal.bioontology.org/ontologies/ONTODM-KDD
bioportal,ONTODT,Ontology of Datatypes,scored,10.0,0.87,0.87,4.9,9.0,6.1925,6.19,6.1925,6.19,"same_as_strict (1.0 result, not re-checked)",Define,,OWL,9,2.0,2024-03-04T18:12:44.000-08:00,https://bioportal.bioontology.org/ontologies/ONTODT
bioportal,ONTOKBCF,Ontological Knowledge Base Model for Cystic Fibrosis,scored,9.98,4.07,4.07,2.2,9.0,6.3125,6.31,6.3125,6.31,"same_as_strict (1.0 result, not re-checked)",Connection,Biomedical_Resources;Gene_Product;Health;Phenotype,OWL,3,1301,2013-01-14T00:00:00.000-08:00,https://bioportal.bioontology.org/ontologies/ONTOKBCF
bioportal,ONTOLURGENCES,Emergency care ontology,scored,10.0,0.3,0.3,0.89,10.0,5.2975,5.3,5.2975,5.3,"same_as_strict (1.0 result, not re-checked)",Define,Health,OWL,1,3.0.4,2015-10-27T00:00:00.000+00:00,https://bioportal.bioontology.org/ontologies/ONTOLURGENCES
bioportal,ONTOMA,"Ontology of Alternative Medicine, French",scored,9.42,0.12,0.12,0.0,10.0,4.885,4.88,4.885,4.88,"same_as_strict (1.0 result, not re-checked)",Connection,,OWL,1,Version 1.1Date: 11-2011,2012-08-12T00:00:00.000+00:00,https://bioportal.bioontology.org/ontologies/ONTOMA
bioportal,ONTONEO,Obstetric and Neonatal Ontology,scored,9.99,3.23,3.23,2.31,10.0,6.3825,6.38,6.3825,6.38,"same_as_strict (1.0 result, not re-checked)",Connection,Biomedical_Resources;Health;Human,OWL,15,2025-03-14,2025-03-14T00:00:00.000+00:00,https://bioportal.bioontology.org/ontologies/ONTONEO
bioportal,ONTONEPHRO,Nephrology Ontology in order to index MOOC,scored,10.0,0.32,0.32,5.46,10.0,6.445,6.44,6.445,6.44,"same_as_strict (1.0 result, not re-checked)",Define,Anatomy;Human;Phenotype,OWL,2,2.0,2025-09-02T00:00:00.000+00:00,https://bioportal.bioontology.org/ontologies/ONTONEPHRO
bioportal,ONTOPARON,"Ontology of Amyotrophic Lateral Sclerosis, all modules",scored,10.0,2.15,2.15,1.1,10.0,5.8125,5.81,5.8125,5.81,"same_as_strict (1.0 result, not re-checked)",Connection,Neurologic_Disease,OWL,9,1.1,2020-11-10T00:00:00.000+00:00,https://bioportal.bioontology.org/ontologies/ONTOPARON
bioportal,ONTOPARON_SOCIAL,"Ontology of amyotrophic  lateral sclerosis, social module",scored,9.97,1.69,1.69,0.44,10.0,5.525,5.52,5.525,5.52,"same_as_strict (1.0 result, not re-checked)",Connection,Neurological_Disorder,OWL,12,1.0,2018-06-05T00:00:00.000+00:00,https://bioportal.bioontology.org/ontologies/ONTOPARON_SOCIAL
bioportal,ONTOPBM,Ontology for Process-Based Modeling of Dynamical Systems (OntoPBM),scored,9.8,1.34,1.34,3.78,9.0,5.98,5.98,5.98,5.98,"same_as_strict (1.0 result, not re-checked)",Define,Other,OWL,13,0.1,2019-04-10T18:16:47.000-07:00,https://bioportal.bioontology.org/ontologies/ONTOPBM
bioportal,ONTOPNEUMO,Ontology of Pneumology,scored,9.99,0.61,0.61,0.0,10.0,5.15,5.15,5.15,5.15,"same_as_strict (1.0 result, not re-checked)",Connection,Health;Human,OWL,1,0.1,2011-05-11T00:00:00.000+00:00,https://bioportal.bioontology.org/ontologies/ONTOPNEUMO
bioportal,ONTOPSYCARE,Ontology developed during PsyCARE project,scored,10.0,1.09,1.09,0.4,10.0,5.3725000000000005,5.37,5.3725000000000005,5.37,"same_as_strict (1.0 result, not re-checked)",Connection,,OWL,1,1.0,2025-10-22T00:00:00.000+00:00,https://bioportal.bioontology.org/ontologies/ONTOPSYCARE
bioportal,ONTOPSYCHIA,"OntoPsychia, social module",scored,10.0,0.58,0.58,1.44,10.0,5.505,5.5,5.505,5.5,"same_as_strict (1.0 result, not re-checked)",Define,Human,OWL,2,1.0,2018-01-30T00:00:00.000+00:00,https://bioportal.bioontology.org/ontologies/ONTOPSYCHIA
bioportal,ONTOREPLICOV,OntoRepliCov,scored,2.48,0.08,0.08,3.37,10.0,3.9825,3.98,3.9825,3.98,"same_as_strict (1.0 result, not re-checked)",Define,Biological_Process,OWL,1,0,2021-04-21T00:00:00.000+00:00,https://bioportal.bioontology.org/ontologies/ONTOREPLICOV
bioportal,ONTOSIM,The Ontology of Information System on Mortality,scored,10.0,0.0,0.0,1.43,7.0,4.6075,4.61,4.6075,4.61,"same_as_strict (1.0 result, not re-checked)",Define,Health;Human,OWL,2,1.0.0,2020-08-12T00:00:00.000+00:00,https://bioportal.bioontology.org/ontologies/ONTOSIM
bioportal,ONTOSINASC,Ontology of Information System on Live Births,scored,10.0,0.0,0.0,1.96,0.0,2.99,2.99,2.99,2.99,"same_as_strict (1.0 result, not re-checked)",Define,Health;Human,OWL,1,1.0.0,2020-08-12T00:00:00.000+00:00,https://bioportal.bioontology.org/ontologies/ONTOSINASC
bioportal,ONTOSPM,Ontology Surgical Process Model,scored,9.97,5.44,5.44,3.49,10.0,7.225,7.22,7.225,7.22,"same_as_strict (1.0 result, not re-checked)",Connection,Health;Human;Other,OWL,1,14062016,2026-07-10T00:00:00.000+00:00,https://bioportal.bioontology.org/ontologies/ONTOSPM
bioportal,ONTOSTAR,Digital e-health startup Ontology,scored,9.95,0.0,0.0,0.53,10.0,5.119999999999999,5.12,5.119999999999999,5.12,"same_as_strict (1.0 result, not re-checked)",Define,Health;Human,OWL,1,,2026-02-18T00:00:00.000+00:00,https://bioportal.bioontology.org/ontologies/ONTOSTAR
bioportal,ONTOTOX,Chemotherapy Toxicities Ontology,scored,10.0,0.0,0.0,2.88,7.0,4.97,4.97,4.97,4.97,"same_as_strict (1.0 result, not re-checked)",Define,Biomedical_Resources,OWL,1,1.0,2021-09-08T00:00:00.000+00:00,https://bioportal.bioontology.org/ontologies/ONTOTOX
bioportal,ONTOTOXNUC,Ontology of Nuclear Toxicity,scored,10.0,0.08,0.08,0.0,10.0,5.02,5.02,5.02,5.02,"same_as_strict (1.0 result, not re-checked)",Connection,Chemical;Taxonomic_Classification,OWL,4,1.0,2018-04-12T00:00:00.000+00:00,https://bioportal.bioontology.org/ontologies/ONTOTOXNUC
bioportal,ONTRISCAL,Ontology of Risk Stratification in Mental Health,scored,9.97,0.0,0.0,5.57,10.0,6.385,6.38,6.385,6.38,"same_as_strict (1.0 result, not re-checked)",Define,Biomedical_Resources;Health;Human;Neurological_Disorder,OWL,1,1.0,2023-12-27T00:00:00.000+00:00,https://bioportal.bioontology.org/ontologies/ONTRISCAL
bioportal,ONVOC,OpenNeuro Vocabulary,scored,9.99,0.0,0.0,0.0,0.0,2.4975,2.5,2.4975,2.5,"same_as_strict (1.0 result, not re-checked)",Define,,SKOS,9,1.0.0,2025-10-17T00:00:00.000+00:00,https://bioportal.bioontology.org/ontologies/ONVOC
bioportal,OOEVV,Ontology of Experimental Variables and Values,scored,9.89,4.96,4.96,3.23,10.0,7.0200000000000005,7.02,7.0200000000000005,7.02,"same_as_strict (1.0 result, not re-checked)",Connection,Vocabularies,OWL,4,0.0.4,2012-04-29T00:00:00.000-07:00,https://bioportal.bioontology.org/ontologies/OOEVV
bioportal,OOSTT,Ontology of Organizational Structures of Trauma centers and Trauma systems,scored,10.0,4.39,4.39,2.53,10.0,6.73,6.73,6.73,6.73,"same_as_strict (1.0 result, not re-checked)",Connection,Health,OWL,15,release version - 2026-09-10,2026-09-10T18:11:24.000-07:00,https://bioportal.bioontology.org/ontologies/OOSTT
bioportal,OPB,Ontology of Physics for Biology,scored,10.0,4.19,4.19,2.53,10.0,6.680000000000001,6.68,6.680000000000001,6.68,"same_as_strict (1.0 result, not re-checked)",Connection,Biological_Process;Biomedical_Resources;Chemical;Phenotype;Physicochemical,OWL,18,1.2,2023-01-09T00:00:00.000+00:00,https://bioportal.bioontology.org/ontologies/OPB
bioportal,OPD-NAMBOBI,SELECTED OTHER PRIORITY DISEASES UNDER IDSR (INTEGRATED DISEASE SURVEILLANCE AND RESPONSES),empty,0.0,0.0,0.0,0.0,0.0,0.0,0.0,0.0,0.0,same_as_strict,Describe,Health,SKOS,1,,2021-06-26T00:00:00.000+00:00,https://bioportal.bioontology.org/ontologies/OPD-NAMBOBI
bioportal,OPDE,OPD-Ethiopia,scored,9.84,4.27,4.27,0.0,0.0,3.5275,3.53,3.5275,3.53,"same_as_strict (1.0 result, not re-checked)",Connection,,SKOS,1,,2021-06-02T00:00:00.000+00:00,https://bioportal.bioontology.org/ontologies/OPDE
bioportal,OPDRE,OPD Regitry Ethiopia,empty,0.0,0.0,0.0,0.0,0.0,0.0,0.0,0.0,0.0,same_as_strict,Describe,,SKOS,1,0.0.1,2021-05-27T00:00:00.000+00:00,https://bioportal.bioontology.org/ontologies/OPDRE
bioportal,OPDRONT,OPD Register Ontology,scored,9.57,4.43,4.43,0.0,0.0,3.5,3.5,3.5,3.5,"same_as_strict (1.0 result, not re-checked)",Connection,,SKOS,2,0.0.1,2022-01-14T00:00:00.000+00:00,https://bioportal.bioontology.org/ontologies/OPDRONT
bioportal,OPDT,opd_test,scored,8.89,4.36,4.36,0.0,0.0,3.3125,3.31,3.3125,3.31,"same_as_strict (1.0 result, not re-checked)",Connection,,SKOS,1,,2021-12-23T00:00:00.000+00:00,https://bioportal.bioontology.org/ontologies/OPDT
bioportal,OPDZIMBABWE,OPDZimbabwe,scored,8.57,2.51,2.51,0.0,0.0,2.77,2.77,2.77,2.77,"same_as_strict (1.0 result, not re-checked)",Connection,Vocabularies,SKOS,1,1.1,2022-01-29T00:00:00.000+00:00,https://bioportal.bioontology.org/ontologies/OPDZIMBABWE
bioportal,OPE,Ontology of Physical Exercises,scored,10.0,0.0,0.0,0.14,10.0,5.035,5.04,5.035,5.04,"same_as_strict (1.0 result, not re-checked)",Define,Anatomy;Health;Human;Other,OWL,6,0.0.1,2013-03-13T00:00:00.000-07:00,https://bioportal.bioontology.org/ontologies/OPE
bioportal,OPL,Ontology for Parasite LifeCycle,scored,10.0,5.45,5.45,6.91,10.0,8.09,8.09,8.09,8.09,"same_as_strict (1.0 result, not re-checked)",Define,Development;Phenotype;Vocabularies,OWL,11,2023-08-28,2023-08-31T18:14:00.000-07:00,https://bioportal.bioontology.org/ontologies/OPL
bioportal,OPMI,Ontology of Precision Medicine and Investigation,scored,10.0,2.8,2.8,7.98,10.0,7.695,7.7,7.695,7.7,"same_as_strict (1.0 result, not re-checked)",Define,Health,OWL,27,Vision Release: 1.0.166,2024-03-16T18:11:42.000-07:00,https://bioportal.bioontology.org/ontologies/OPMI
bioportal,OPTIMAL,OPTImAL: An ontology for patient adherence modeling in physical activity domain,scored,0.19,0.0,0.0,7.26,9.0,4.1125,4.11,4.1125,4.11,"same_as_strict (1.0 result, not re-checked)",Define,Health;Taxonomic_Classification,OWL,1,1,2019-03-28T00:00:00.000+00:00,https://bioportal.bioontology.org/ontologies/OPTIMAL
bioportal,OPTION-ONTOLOGY,Optimization Algorithm Benchmarking Ontology,scored,9.78,5.39,5.39,3.73,10.0,7.225,7.22,7.225,7.22,"same_as_strict (1.0 result, not re-checked)",Connection,Other,OWL,3,1.0.0,2021-04-12T00:00:00.000+00:00,https://bioportal.bioontology.org/ontologies/OPTION-ONTOLOGY
bioportal,ORCS,Ontology for Representing CDM Semantics,scored,10.0,5.05,5.05,2.94,10.0,6.9975000000000005,7.0,6.9975000000000005,7.0,"same_as_strict (1.0 result, not re-checked)",Connection,Health,OWL,1,2021-11-13,2021-11-18T00:00:00.000+00:00,https://bioportal.bioontology.org/ontologies/ORCS
bioportal,ORDO,Orphanet Rare Disease Ontology,scored,10.0,0.0,3.02,8.08,10.0,7.02,7.02,7.775,7.78,http://www.ebi.ac.uk/efo/definition [bioportal_definitionProperty + detected_by_name],Define,Biomedical_Resources;Health;Human;Phenotype;Vocabularies,OWL,33,4.9,2013-06-20T12:00:00.000+00:00,https://bioportal.bioontology.org/ontologies/ORDO
bioportal,OREX-SAM,OSIRIS-REx sample type,scored,9.68,6.29,6.29,7.87,4.0,6.96,6.96,6.96,6.96,"same_as_strict (1.0 result, not re-checked)",Flat,,SKOS,1,0.2.0,2022-09-08T00:00:00.000+00:00,https://bioportal.bioontology.org/ontologies/OREX-SAM
bioportal,OREX-WG,OSIRIS-REx sample analysis workgroups,scored,9.33,2.54,2.54,6.4,4.0,5.567500000000001,5.57,5.567500000000001,5.57,"same_as_strict (1.0 result, not re-checked)",Define,,SKOS,1,0.1.0,2022-09-08T00:00:00.000+00:00,https://bioportal.bioontology.org/ontologies/OREX-WG
bioportal,ORNASEQ,Ontology of RNA Sequencing,scored,10.0,5.47,5.47,0.43,9.0,6.225,6.22,6.225,6.22,"same_as_strict (1.0 result, not re-checked)",Connection,Experimental_Conditions,OWL,1,,2019-07-08T00:00:00.000+00:00,https://bioportal.bioontology.org/ontologies/ORNASEQ
bioportal,ORTH,Orthology Ontology,scored,9.51,5.23,5.23,3.6,9.0,6.835,6.84,6.835,6.84,"same_as_strict (1.0 result, not re-checked)",Connection,All_Organisms;Genomic_and_Proteomic,OWL,7,2.0,2024-05-15T18:13:39.000+00:00,https://bioportal.bioontology.org/ontologies/ORTH
bioportal,OSDI,Ontology for the Simulation of Diseases,scored,8.95,3.48,3.48,4.71,10.0,6.785,6.78,6.785,6.78,"same_as_strict (1.0 result, not re-checked)",Define,Health,OWL,2,1.0,2026-01-16T00:00:00.000+00:00,https://bioportal.bioontology.org/ontologies/OSDI
bioportal,OTO, Obesity Tracking Ontology,no_submission,,,,,,,,,,,,Health,,-1,,,https://bioportal.bioontology.org/ontologies/OTO
bioportal,OVAE,Ontology of Vaccine Adverse Events,scored,9.99,5.62,5.62,6.94,10.0,8.1375,8.14,8.1375,8.14,"same_as_strict (1.0 result, not re-checked)",Define,Health;Human;Immunology;Phenotype,OWL,10,Vision Release: 1.0.34,2016-05-14T18:11:28.000-07:00,https://bioportal.bioontology.org/ontologies/OVAE
bioportal,OntoVIP,Medical image simulation,scored,9.44,2.55,2.55,4.6,10.0,6.647499999999999,6.65,6.647499999999999,6.65,"same_as_strict (1.0 result, not re-checked)",Define,Imaging,OWL,1,v1,2013-07-12T00:00:00.000+00:00,https://bioportal.bioontology.org/ontologies/OntoVIP
bioportal,PACO,Physical Activity Ontology,scored,7.94,0.18,0.18,4.88,10.0,5.75,5.75,5.75,5.75,"same_as_strict (1.0 result, not re-checked)",Define,Health;Human;Other,OWL,2,0.2,2019-02-14T00:00:00.000+00:00,https://bioportal.bioontology.org/ontologies/PACO
bioportal,PAE,Plant Anatomy,scored,9.99,5.81,5.81,7.31,10.0,8.2775,8.28,8.2775,8.28,"same_as_strict (1.0 result, not re-checked)",Define,Plant;Plant_Anatomy,OBO,13,Release #20,2013-08-20T00:00:00.000+00:00,https://bioportal.bioontology.org/ontologies/PAE
bioportal,PAIN,The Pain Ontology,scored,10.0,6.16,6.16,7.14,9.0,8.075,8.07,8.075,8.07,"same_as_strict (1.0 result, not re-checked)",Define,Biological_Process;Biomedical_Resources;Dysfunction;Health,OWL,9,2026-08-13,2022-08-23T00:00:00.000+00:00,https://bioportal.bioontology.org/ontologies/PAIN
bioportal,PANDA,Probabilistic Knowledge Assembly Ontology,scored,10.0,1.55,1.55,0.64,10.0,5.5475,5.55,5.5475,5.55,"same_as_strict (1.0 result, not re-checked)",Connection,,OWL,2,0.9,2017-01-01T00:00:00.000+00:00,https://bioportal.bioontology.org/ontologies/PANDA
bioportal,PANET,PaN Experimental technique,scored,9.98,0.33,0.33,2.62,10.0,5.7325,5.73,5.7325,5.73,"same_as_strict (1.0 result, not re-checked)",Define,Other,OWL,27,1.3.0,2025-10-21T00:00:00.000+00:00,https://bioportal.bioontology.org/ontologies/PANET
bioportal,PARTUMDO,postpartum depression ontology,scored,8.72,5.94,5.94,7.1,10.0,7.9399999999999995,7.94,7.9399999999999995,7.94,"same_as_strict (1.0 result, not re-checked)",Define,Human;Neurologic_Disease;Neurological_Disorder;Phenotype;Vocabularies,OWL,1,,2021-07-08T00:00:00.000+00:00,https://bioportal.bioontology.org/ontologies/PARTUMDO
bioportal,PATAXO,Technical Taxonomies for Patents,scored,10.0,0.0,0.0,0.0,0.0,2.5,2.5,2.5,2.5,"same_as_strict (1.0 result, not re-checked)",Define,,OWL,1,1.0.0,2023-03-31T00:00:00.000+00:00,https://bioportal.bioontology.org/ontologies/PATAXO
bioportal,PATCT,Placental Cell Type,scored,10.0,2.27,2.27,0.0,10.0,5.5675,5.57,5.5675,5.57,"same_as_strict (1.0 result, not re-checked)",Connection,Cell,OWL,1,1.0,2020-01-13T00:00:00.000+00:00,https://bioportal.bioontology.org/ontologies/PATCT
bioportal,PATEL,Archana Patel,scored,9.84,0.0,0.0,0.0,10.0,4.96,4.96,4.96,4.96,"same_as_strict (1.0 result, not re-checked)",Define,Other,OWL,1,1,2021-03-18T00:00:00.000+00:00,https://bioportal.bioontology.org/ontologies/PATEL
bioportal,PATGV,Placental Genetic Variance,scored,10.0,5.25,5.25,0.0,10.0,6.3125,6.31,6.3125,6.31,"same_as_strict (1.0 result, not re-checked)",Connection,Genomic_and_Proteomic,OWL,1,1.0,2020-01-13T00:00:00.000+00:00,https://bioportal.bioontology.org/ontologies/PATGV
bioportal,PATHLEX,Anatomic Pathology Lexicon,scored,10.0,7.32,7.32,0.0,10.0,6.83,6.83,6.83,6.83,"same_as_strict (1.0 result, not re-checked)",Connection,Anatomy;Health;Taxonomic_Classification;Vocabularies,OWL,5,1.2,2013-01-22T00:00:00.000-08:00,https://bioportal.bioontology.org/ontologies/PATHLEX
bioportal,PATIT,Placental Investigative Technique,scored,10.0,4.21,4.21,0.0,10.0,6.0525,6.05,6.0525,6.05,"same_as_strict (1.0 result, not re-checked)",Connection,Other,OWL,1,1.0,2020-01-13T00:00:00.000+00:00,https://bioportal.bioontology.org/ontologies/PATIT
bioportal,PATMHC,Placental Maternal Health Conditions,scored,10.0,6.48,6.48,0.0,9.0,6.37,6.37,6.37,6.37,"same_as_strict (1.0 result, not re-checked)",Connection,Health,OWL,1,1.0,2020-01-13T00:00:00.000+00:00,https://bioportal.bioontology.org/ontologies/PATMHC
bioportal,PATO,Phenotypic Quality Ontology,scored,10.0,5.59,5.59,7.42,10.0,8.2525,8.25,8.2525,8.25,"same_as_strict (1.0 result, not re-checked)",Define,Phenotype,OWL,207,2025-05-14,2025-05-14T18:10:56.000-07:00,https://bioportal.bioontology.org/ontologies/PATO
bioportal,PAV,"PAV Provenance, Authoring and Versioning",scored,8.89,0.0,0.0,0.0,0.0,2.2225,2.22,2.2225,2.22,"same_as_strict (1.0 result, not re-checked)",Define,Other;Vocabularies,OWL,3,2.3.1,2017-01-19T18:12:41.000-08:00,https://bioportal.bioontology.org/ontologies/PAV
bioportal,PAYMENTMODE,Payment Mode,scored,9.0,4.23,4.23,0.0,0.0,3.3075,3.31,3.3075,3.31,"same_as_strict (1.0 result, not re-checked)",Connection,Other,SKOS,1,,2022-12-07T00:00:00.000+00:00,https://bioportal.bioontology.org/ontologies/PAYMENTMODE
bioportal,PAYOR,Payor,scored,8.89,4.14,4.14,0.0,0.0,3.2575000000000003,3.26,3.2575000000000003,3.26,"same_as_strict (1.0 result, not re-checked)",Connection,Other,SKOS,1,,2022-12-07T00:00:00.000+00:00,https://bioportal.bioontology.org/ontologies/PAYOR
bioportal,PBO,Plant Breeding Ontology,scored,10.0,0.23,0.23,0.0,7.0,4.3075,4.31,4.3075,4.31,same_as_strict,Connection,All_Organisms;Phenotype;Plant,OWL,4,,2024-08-30T00:00:00.000+00:00,https://bioportal.bioontology.org/ontologies/PBO
bioportal,PBPKO,Physiologically-Based Pharmacokinetic ontology,scored,9.99,5.47,5.47,3.07,10.0,7.1325,7.13,7.1325,7.13,"same_as_strict (1.0 result, not re-checked)",Connection,Biological_Process,OWL,6,2026-07-15,2024-08-11T00:00:00.000+00:00,https://bioportal.bioontology.org/ontologies/PBPKO
bioportal,PCALION,Prostate Cancer Lifestyle Ontology,scored,9.54,0.0,0.0,1.21,10.0,5.1875,5.19,5.1875,5.19,"same_as_strict (1.0 result, not re-checked)",Define,Health;Human,OWL,6,3.0,2020-10-28T00:00:00.000+00:00,https://bioportal.bioontology.org/ontologies/PCALION
bioportal,PCAO,Prostate Cancer Ontology,scored,9.98,6.53,6.53,0.32,10.0,6.7075000000000005,6.71,6.7075000000000005,6.71,"same_as_strict (1.0 result, not re-checked)",Connection,Health;Human,OWL,2,2.0,2023-06-07T00:00:00.000+00:00,https://bioportal.bioontology.org/ontologies/PCAO
bioportal,PCL,Provisional Cell Ontology,scored,10.0,2.76,2.76,7.3,10.0,7.515,7.52,7.515,7.52,"same_as_strict (1.0 result, not re-checked)",Define,Cell,OWL,25,2025-07-07,2025-09-09T09:25:04.000-07:00,https://bioportal.bioontology.org/ontologies/PCL
bioportal,PCMO,Pediatric Consultation and Monitoring Ontology ,scored,1.77,0.0,0.0,5.65,5.0,3.105,3.1,3.105,3.1,"same_as_strict (1.0 result, not re-checked)",Define,Health,OWL,2,v.4.0,2015-12-25T00:00:00.000+00:00,https://bioportal.bioontology.org/ontologies/PCMO
bioportal,PCO,Population and Community Ontology,scored,9.96,4.34,4.34,4.26,9.0,6.890000000000001,6.89,6.890000000000001,6.89,"same_as_strict (1.0 result, not re-checked)",Connection,All_Organisms;Other,OWL,17,2013-10-03,2021-05-03T00:00:00.000+00:00,https://bioportal.bioontology.org/ontologies/PCO
bioportal,PDO,Pathogenic Disease Ontology,scored,9.97,6.28,6.28,7.67,10.0,8.48,8.48,8.48,8.48,"same_as_strict (1.0 result, not re-checked)",Define,Health,OWL,6,Version 0.7,2016-03-31T00:00:00.000+00:00,https://bioportal.bioontology.org/ontologies/PDO
bioportal,PDON,Parkinson's Disease Ontology,scored,10.0,0.0,0.0,0.0,10.0,5.0,5.0,5.0,5.0,"same_as_strict (1.0 result, not re-checked)",Define,,OWL,1,1.0,2015-06-17T00:00:00.000+00:00,https://bioportal.bioontology.org/ontologies/PDON
bioportal,PDO_CAS,Plant Diversity Ontology,scored,0.65,0.15,0.16,5.51,10.0,4.0775,4.08,4.08,4.08,http://www.stkos-ontology/domain/plantbiodiversity#definition [bioportal_definitionProperty + detected_by_name],Define,Plant,OWL,1,,2015-04-30T00:00:00.000+00:00,https://bioportal.bioontology.org/ontologies/PDO_CAS
bioportal,PDQ,Physician Data Query,scored,10.0,3.46,3.46,8.16,10.0,7.905,7.9,7.905,7.9,"same_as_strict (1.0 result, not re-checked)",Define,Health,UMLS,16,PDQ_2018_10_27,2019-05-06T00:00:00.000+00:00,https://bioportal.bioontology.org/ontologies/PDQ
bioportal,PDRO,The Prescription of Drugs Ontology,scored,10.0,5.74,5.74,4.71,9.0,7.3625,7.36,7.3625,7.36,"same_as_strict (1.0 result, not re-checked)",Connection,Health,OWL,11,2026-06-09,2026-06-09T00:00:00.000+00:00,https://bioportal.bioontology.org/ontologies/PDRO
bioportal,PDUMDV,Platynereis Developmental Stages,scored,9.55,6.77,6.77,8.11,8.0,8.1075,8.11,8.1075,8.11,"same_as_strict (1.0 result, not re-checked)",Define,,OWL,175,,2024-04-03T18:12:12.000+00:00,https://bioportal.bioontology.org/ontologies/PDUMDV
bioportal,PE,Pulmonary Embolism Ontology,scored,9.9,0.0,0.0,0.0,10.0,4.975,4.97,4.975,4.97,"same_as_strict (1.0 result, not re-checked)",Define,Biomedical_Resources;Health;Human;Vocabularies,OWL,1,version 1.0,2015-12-08T00:00:00.000+00:00,https://bioportal.bioontology.org/ontologies/PE
bioportal,PE-O,Pre-eclampsia Ontology,scored,10.0,0.79,0.79,0.94,10.0,5.432499999999999,5.43,5.432499999999999,5.43,"same_as_strict (1.0 result, not re-checked)",Define,Health;Human,OWL,3,"v15
Heneka comments / shifs / modifications integrated",2016-08-30T00:00:00.000+00:00,https://bioportal.bioontology.org/ontologies/PE-O
bioportal,PEAO,Plant Experimental Assay Ontology,scored,9.98,0.22,0.22,0.27,10.0,5.1175,5.12,5.1175,5.12,"same_as_strict (1.0 result, not re-checked)",Define,,OWL,4,,2019-02-08T18:09:31.000-08:00,https://bioportal.bioontology.org/ontologies/PEAO
bioportal,PECO,Plant Experimental Conditions Ontology,scored,10.0,3.95,3.95,6.1,9.0,7.262499999999999,7.26,7.262499999999999,7.26,"same_as_strict (1.0 result, not re-checked)",Define,Experimental_Conditions;Phenotype;Plant,OBO,33,v2025-12-02,2025-12-05T18:16:42.000-08:00,https://bioportal.bioontology.org/ontologies/PECO
bioportal,PEDTERM,Pediatric Terminology,scored,9.99,0.0,0.0,0.0,10.0,4.9975000000000005,5.0,4.9975000000000005,5.0,"same_as_strict (1.0 result, not re-checked)",Define,Health;Human,OWL,5,Version 2.0,2013-01-25T00:00:00.000-08:00,https://bioportal.bioontology.org/ontologies/PEDTERM
bioportal,PEO,Parasite Experiment Ontology,scored,8.46,5.03,5.03,1.68,10.0,6.2925,6.29,6.2925,6.29,"same_as_strict (1.0 result, not re-checked)",Connection,,OWL,5,1,2011-06-20T00:00:00.000-07:00,https://bioportal.bioontology.org/ontologies/PEO
bioportal,PEO_ONTOLOGY,Prompt Engineering Ontology,parse_failed,,,,,,,,,,,,,OWL,3,1.0,2025-03-12T00:00:00.000+00:00,https://bioportal.bioontology.org/ontologies/PEO_ONTOLOGY
bioportal,PESONT,Preposition_enabled Spatial Ontology,scored,0.0,0.0,0.0,0.0,9.0,2.25,2.25,2.25,2.25,"same_as_strict (1.0 result, not re-checked)",Describe,,OWL,1,,2021-09-24T00:00:00.000+00:00,https://bioportal.bioontology.org/ontologies/PESONT
bioportal,PGHD-BP,PGHD Auxillary - BP,scored,9.44,5.02,5.02,0.0,0.0,3.6149999999999998,3.62,3.6149999999999998,3.62,"same_as_strict (1.0 result, not re-checked)",Connection,Health;Other,SKOS,2,1.1,2024-05-10T00:00:00.000+00:00,https://bioportal.bioontology.org/ontologies/PGHD-BP
bioportal,PGHDPROV,PGHDProvo: Context and Provenance Based Standardized Patient Generated Health Data Shared with an Electronic Health Record,scored,6.22,3.89,3.89,5.91,9.0,6.255,6.26,6.255,6.26,"same_as_strict (1.0 result, not re-checked)",Define,Health,OWL,4,1.0,2021-05-24T00:00:00.000+00:00,https://bioportal.bioontology.org/ontologies/PGHDPROV
bioportal,PGHD_CONNECT,PGHD_CONNECT,scored,9.23,4.73,4.73,0.0,0.0,3.49,3.49,3.49,3.49,"same_as_strict (1.0 result, not re-checked)",Connection,,SKOS,1,1.0,2024-05-10T00:00:00.000+00:00,https://bioportal.bioontology.org/ontologies/PGHD_CONNECT
bioportal,PGXO,PGxO,scored,9.23,0.0,0.0,0.0,6.0,3.8075,3.81,3.8075,3.81,"same_as_strict (1.0 result, not re-checked)",Define,Biomedical_Resources;Genomic_and_Proteomic;Phenotype,OWL,5,v0.6.1,2026-07-28T00:00:00.000+00:00,https://bioportal.bioontology.org/ontologies/PGXO
bioportal,PHAGE,Phylogenetics Ontology,scored,10.0,6.28,6.28,7.55,10.0,8.4575,8.46,8.4575,8.46,"same_as_strict (1.0 result, not re-checked)",Define,Upper_Level_Ontology,OWL,5,5.0,2016-05-02T00:00:00.000+00:00,https://bioportal.bioontology.org/ontologies/PHAGE
bioportal,PHARE,Pharmacogenomic Relationships Ontology,scored,10.0,0.14,0.14,2.52,10.0,5.665,5.66,5.665,5.66,same_as_strict,Define,Biological_Process;Chemical;Gene_Product;Health;Human;Phenotype,OWL,2,version id: 110114,2011-01-14T00:00:00.000-08:00,https://bioportal.bioontology.org/ontologies/PHARE
bioportal,PHARMGKB,PharmGKB Ontology,no_submission,,,,,,,,,,,,All_Organisms;Chemical;Dysfunction;Health;Molecule;Other;Phenotype;Physicochemical,,-1,,,https://bioportal.bioontology.org/ontologies/PHARMGKB
bioportal,PHASES,Promoting Health Aging through Semantic Enrichment of Solitude Research,scored,9.9,6.22,6.22,4.06,8.0,7.045,7.04,7.045,7.04,"same_as_strict (1.0 result, not re-checked)",Connection,Health;Human;Other,OWL,3,2026-02-25,2026-02-26T18:11:47.000-08:00,https://bioportal.bioontology.org/ontologies/PHASES
bioportal,PHENOMEBLAST,PhenomeBLAST Ontology,no_submission,,,,,,,,,,,,All_Organisms;Anatomy;Biological_Process;Dysfunction;Fish_Anatomy;Gross_Anatomy;Human;Mouse_Anatomy;Other;Phenotype,,-1,,,https://bioportal.bioontology.org/ontologies/PHENOMEBLAST
bioportal,PHENX,PhenX Phenotypic Terms,scored,9.98,0.0,0.0,0.0,8.0,4.495,4.5,4.495,4.5,"same_as_strict (1.0 result, not re-checked)",Define,Phenotype,OWL,16,1.2,2016-03-29T00:00:00.000+00:00,https://bioportal.bioontology.org/ontologies/PHENX
bioportal,PHFUMIADO,Phallusia fumigata Anatomy and Development Ontology,scored,9.99,6.82,6.82,9.71,10.0,9.13,9.13,9.13,9.13,"same_as_strict (1.0 result, not re-checked)",Define,Anatomy;Animal_Development,OBO,2,,2015-08-07T00:00:00.000+00:00,https://bioportal.bioontology.org/ontologies/PHFUMIADO
bioportal,PHIPO,Pathogen Host Interaction Phenotype Ontology,scored,10.0,6.03,6.03,7.79,10.0,8.455,8.46,8.455,8.46,"same_as_strict (1.0 result, not re-checked)",Define,Phenotype,OWL,34,2026-08-06,2026-08-06T18:09:59.000-07:00,https://bioportal.bioontology.org/ontologies/PHIPO
bioportal,PHMAMMADO,Phallusia mammillata Anatomy and Development Ontology,scored,9.99,6.82,6.82,9.71,10.0,9.13,9.13,9.13,9.13,"same_as_strict (1.0 result, not re-checked)",Define,Anatomy;Animal_Development,OBO,2,,2015-08-07T00:00:00.000+00:00,https://bioportal.bioontology.org/ontologies/PHMAMMADO
bioportal,PHY,physiotherapy,scored,8.33,0.0,0.0,0.0,0.0,2.0825,2.08,2.0825,2.08,"same_as_strict (1.0 result, not re-checked)",Define,Anatomy;Vocabularies,OWL,2,0.0.2,2024-11-12T00:00:00.000+00:00,https://bioportal.bioontology.org/ontologies/PHY
bioportal,PHYLONT,Phylogenetic Ontology,scored,6.73,0.23,0.23,1.71,10.0,4.6675,4.67,4.6675,4.67,"same_as_strict (1.0 result, not re-checked)",Define,Other,OWL,7,ver8,2012-10-02T00:00:00.000-07:00,https://bioportal.bioontology.org/ontologies/PHYLONT
bioportal,PICO,Pathogen-related Informed Consent Ontology,scored,10.0,5.31,5.31,1.46,8.0,6.1925,6.19,6.1925,6.19,"same_as_strict (1.0 result, not re-checked)",Connection,Health,OWL,3,1.0.0,2025-03-23T00:00:00.000+00:00,https://bioportal.bioontology.org/ontologies/PICO
bioportal,PIERO,Enzyme Reaction Ontology for annotating Partial Information of chemical transformation,scored,10.0,0.0,0.0,7.96,9.0,6.74,6.74,6.74,6.74,"same_as_strict (1.0 result, not re-checked)",Define,,OWL,10,,2014-05-01T16:47:11.000-07:00,https://bioportal.bioontology.org/ontologies/PIERO
bioportal,PINO,Pregnancy Information Needs Ontology,scored,0.26,0.18,0.18,0.0,10.0,2.61,2.61,2.61,2.61,"same_as_strict (1.0 result, not re-checked)",Connection,Health,OWL,2,1.1,2022-02-09T00:00:00.000+00:00,https://bioportal.bioontology.org/ontologies/PINO
bioportal,PLANA,Planarian Anatomy and Developmental Stage Ontolgoy,scored,10.0,6.46,6.46,7.58,10.0,8.51,8.51,8.51,8.51,"same_as_strict (1.0 result, not re-checked)",Define,Anatomy;Animal_Development;Animal_Gross_Anatomy;Development,OWL,36,2023-03-13,2023-03-13T18:14:19.000-07:00,https://bioportal.bioontology.org/ontologies/PLANA
bioportal,PLANP,Planarian Phenotype Ontology,scored,10.0,6.38,6.38,8.02,10.0,8.6,8.6,8.6,8.6,"same_as_strict (1.0 result, not re-checked)",Define,Phenotype,OWL,5,,2020-03-30T18:14:40.000-07:00,https://bioportal.bioontology.org/ontologies/PLANP
bioportal,PLANTSO,Plant Stress Ontology,scored,10.0,1.37,1.37,4.75,10.0,6.53,6.53,6.53,6.53,"same_as_strict (1.0 result, not re-checked)",Define,Plant,OWL,5,2026-01-08,2026-01-14T18:14:26.000-08:00,https://bioportal.bioontology.org/ontologies/PLANTSO
bioportal,PLIO,Protein-ligand interaction ontology,scored,10.0,0.05,0.05,0.0,9.0,4.7625,4.76,4.7625,4.76,"same_as_strict (1.0 result, not re-checked)",Connection,,OWL,1,1.0,2011-06-15T00:00:00.000+00:00,https://bioportal.bioontology.org/ontologies/PLIO
bioportal,PLOSTHES,PLOS Thesaurus,scored,10.0,0.0,0.0,4.26,0.0,3.565,3.56,3.565,3.56,"same_as_strict (1.0 result, not re-checked)",Define,,SKOS,10,plosthes.2017-1,2017-09-14T00:00:00.000+00:00,https://bioportal.bioontology.org/ontologies/PLOSTHES
bioportal,PMA,Portfolio Management Application,scored,10.0,0.0,6.46,0.0,0.0,2.5,2.5,4.115,4.12,http://www.bioontology.org/pma.owl#definition [bioportal_definitionProperty + detected_by_name],Define,Health;Human,OWL,4,0.9.1,2010-05-11T00:00:00.000-07:00,https://bioportal.bioontology.org/ontologies/PMA
bioportal,PMAPP-PMO,PMO Precision Medicine Ontology,scored,10.0,0.0,5.18,0.68,10.0,5.17,5.17,6.465,6.46,http://www.phoc.org.cn/pmo/class/Definition [bioportal_definitionProperty + detected_by_name],Define,Biomedical_Resources,OWL,1,4.0,2020-12-16T00:00:00.000+00:00,https://bioportal.bioontology.org/ontologies/PMAPP-PMO
bioportal,PMD,Persian Medicine Diseases Ontology,scored,10.0,0.01,0.01,0.24,10.0,5.0625,5.06,5.0625,5.06,"same_as_strict (1.0 result, not re-checked)",Define,Health;Human,OWL,1,1.0,2019-06-24T00:00:00.000+00:00,https://bioportal.bioontology.org/ontologies/PMD
bioportal,PMDO,Parkinson and Movement Disorder Ontology,scored,7.46,0.47,0.47,1.46,10.0,4.8475,4.85,4.8475,4.85,"same_as_strict (1.0 result, not re-checked)",Define,Human;Neurologic_Disease;Neurological_Disorder;Phenotype,OWL,4,1.1,2023-12-12T00:00:00.000+00:00,https://bioportal.bioontology.org/ontologies/PMDO
bioportal,PMO,Performed Music Ontology,scored,8.7,5.81,5.81,0.0,8.0,5.6274999999999995,5.63,5.6274999999999995,5.63,"same_as_strict (1.0 result, not re-checked)",Connection,Upper_Level_Ontology,OWL,13,1.0,2018-07-03T18:09:40.000-07:00,https://bioportal.bioontology.org/ontologies/PMO
bioportal,PMO-SPEED,PMO Playing Speed Vocabulary,scored,9.41,5.6,5.6,0.0,0.0,3.7525,3.75,3.7525,3.75,"same_as_strict (1.0 result, not re-checked)",Connection,,SKOS,2,1.0,2018-07-12T18:10:52.000-07:00,https://bioportal.bioontology.org/ontologies/PMO-SPEED
bioportal,PMR,Physical Medicine and Rehabilitation,scored,9.98,0.0,0.0,4.76,9.0,5.9350000000000005,5.94,5.9350000000000005,5.94,"same_as_strict (1.0 result, not re-checked)",Define,Health,OWL,4,1.6,2017-07-15T00:00:00.000+00:00,https://bioportal.bioontology.org/ontologies/PMR
bioportal,PNADO,Pneumonia Diagnosis Ontology,scored,10.0,2.12,2.12,0.4,10.0,5.630000000000001,5.63,5.630000000000001,5.63,"same_as_strict (1.0 result, not re-checked)",Connection,Health;Human,OWL,3,"Version 2.0, 2024/07/10",2024-09-23T00:00:00.000+00:00,https://bioportal.bioontology.org/ontologies/PNADO
bioportal,PO,Plant Ontology,scored,10.0,6.03,6.03,7.42,10.0,8.3625,8.36,8.3625,8.36,"same_as_strict (1.0 result, not re-checked)",Define,Plant;Plant_Anatomy;Plant_Development,OBO,30,releases/2024-04-17,2026-01-14T18:14:35.000-08:00,https://bioportal.bioontology.org/ontologies/PO
bioportal,POEM,Psychometric Ontology of Experiences and Measures,scored,9.99,5.58,5.58,2.33,10.0,6.975,6.98,6.975,6.98,"same_as_strict (1.0 result, not re-checked)",Connection,Human,OWL,8,1.0,2025-01-07T18:13:42.000-08:00,https://bioportal.bioontology.org/ontologies/POEM
bioportal,PORO,Porifera Ontology,scored,10.0,5.56,5.56,6.08,10.0,7.91,7.91,7.91,7.91,"same_as_strict (1.0 result, not re-checked)",Define,Anatomy;Phenotype,OWL,9,unknown,2021-11-08T18:11:03.000-08:00,https://bioportal.bioontology.org/ontologies/PORO
bioportal,PP,Pipeline Patterns Ontology,scored,8.0,3.25,3.25,2.1,6.0,4.8375,4.84,4.8375,4.84,"same_as_strict (1.0 result, not re-checked)",Connection,Upper_Level_Ontology,OWL,1,1.0,2014-12-17T00:00:00.000+00:00,https://bioportal.bioontology.org/ontologies/PP
bioportal,PPLC,Placental Pathology Lesion Classification,parse_failed,,,,,,,,,,,,Health,OWL,1,1.0,2020-01-13T00:00:00.000+00:00,https://bioportal.bioontology.org/ontologies/PPLC
bioportal,PPO,Plant Phenology Ontology,scored,9.98,6.62,6.62,5.94,10.0,8.135000000000002,8.14,8.135000000000002,8.14,"same_as_strict (1.0 result, not re-checked)",Connection,,OWL,13,2026-05-06,2026-05-06T18:10:55.000-07:00,https://bioportal.bioontology.org/ontologies/PPO
bioportal,PR,Protein Ontology,scored,10.0,6.76,6.76,8.51,10.0,8.817499999999999,8.82,8.817499999999999,8.82,same_as_strict,Define,All_Organisms;Gene_Product;Molecule;Protein,OWL,94,73.0,2026-09-15T18:13:15.000-07:00,https://bioportal.bioontology.org/ontologies/PR
bioportal,PREFER,Precision Fermentation Ontology,scored,10.0,6.1,6.1,8.32,10.0,8.605,8.6,8.605,8.6,"same_as_strict (1.0 result, not re-checked)",Define,,OWL,7,2026-08-24,2026-08-25T18:11:09.000-07:00,https://bioportal.bioontology.org/ontologies/PREFER
bioportal,PREGONTO,Pregnancy Ontology,scored,9.75,0.0,0.0,0.0,8.0,4.4375,4.44,4.4375,4.44,"same_as_strict (1.0 result, not re-checked)",Define,Biological_Process,OWL,1,,2018-10-31T00:00:00.000+00:00,https://bioportal.bioontology.org/ontologies/PREGONTO
bioportal,PREMEDONTO,Precision Medicine Ontology,scored,10.0,6.03,6.03,0.34,10.0,6.5925,6.59,6.5925,6.59,"same_as_strict (1.0 result, not re-checked)",Connection,Health,OWL,1,,2018-11-24T00:00:00.000+00:00,https://bioportal.bioontology.org/ontologies/PREMEDONTO
bioportal,PREO,Presence Ontology,scored,9.96,0.0,0.0,2.25,10.0,5.5525,5.55,5.5525,5.55,"same_as_strict (1.0 result, not re-checked)",Define,Biomedical_Resources;Health;Human,OWL,1,1.0.0,2019-07-27T00:00:00.000+00:00,https://bioportal.bioontology.org/ontologies/PREO
bioportal,PROCCHEMICAL,Chemical Process,scored,0.37,0.24,0.24,1.43,9.0,2.76,2.76,2.76,2.76,"same_as_strict (1.0 result, not re-checked)",Define,,OWL,1,2.3,2016-01-08T00:00:00.000+00:00,https://bioportal.bioontology.org/ontologies/PROCCHEMICAL
bioportal,PROCO,Process Chemistry Ontology,scored,10.0,6.03,6.03,2.43,9.0,6.865,6.86,6.865,6.86,"same_as_strict (1.0 result, not re-checked)",Connection,Other,OWL,1,PROCO release 20220414,2022-04-14T00:00:00.000+00:00,https://bioportal.bioontology.org/ontologies/PROCO
bioportal,PROJ,Project ontology,scored,9.73,3.66,3.66,1.63,8.0,5.755,5.76,5.755,5.76,"same_as_strict (1.0 result, not re-checked)",Connection,Other,OWL,2,2020,2020-04-24T00:00:00.000+00:00,https://bioportal.bioontology.org/ontologies/PROJ
bioportal,PROMOT,PROMOT Ontology,scored,9.99,5.13,5.13,8.08,10.0,8.3,8.3,8.3,8.3,"same_as_strict (1.0 result, not re-checked)",Define,Dysfunction;Health;Human;Neurologic_Disease;Neurological_Disorder;Phenotype,OWL,2,V1.02,2026-09-14T00:00:00.000+00:00,https://bioportal.bioontology.org/ontologies/PROMOT
bioportal,PROPREO,Proteomics Data and Process Provenance Ontology,scored,9.82,6.22,6.22,2.31,10.0,7.0874999999999995,7.09,7.0874999999999995,7.09,"same_as_strict (1.0 result, not re-checked)",Connection,,OWL,2,1.1,2015-08-21T18:05:51.000-07:00,https://bioportal.bioontology.org/ontologies/PROPREO
bioportal,PROVO,Provenance Ontology,scored,10.0,4.61,4.61,2.54,9.0,6.5375,6.54,6.5375,6.54,"same_as_strict (1.0 result, not re-checked)",Connection,,OWL,124,Recommendation version 2013-04-30,2013-07-04T00:00:00.000-07:00,https://bioportal.bioontology.org/ontologies/PROVO
bioportal,PSDO,Performance Summary Display Ontology,scored,10.0,6.33,6.33,4.95,10.0,7.819999999999999,7.82,7.819999999999999,7.82,"same_as_strict (1.0 result, not re-checked)",Connection,Other,OWL,9,1.0.1,2026-02-10T18:15:51.000-08:00,https://bioportal.bioontology.org/ontologies/PSDO
bioportal,PSDS,Plant Structure Development Stage,scored,9.97,6.53,6.53,7.64,10.0,8.535,8.54,8.535,8.54,"same_as_strict (1.0 result, not re-checked)",Define,Development;Plant;Plant_Development,OBO,6,Release #20,2013-08-21T00:00:00.000+00:00,https://bioportal.bioontology.org/ontologies/PSDS
bioportal,PSIMOD,Protein Modification Ontology,scored,10.0,6.92,6.92,8.38,10.0,8.825000000000001,8.83,8.825000000000001,8.83,"same_as_strict (1.0 result, not re-checked)",Define,,OBO,35,1.031.6,2026-09-18T18:11:56.000-07:00,https://bioportal.bioontology.org/ontologies/PSIMOD
bioportal,PSO,PatientSafetyOntology,scored,9.68,0.51,0.51,1.8,10.0,5.4975000000000005,5.5,5.4975000000000005,5.5,"same_as_strict (1.0 result, not re-checked)",Define,Health;Vocabularies,OWL,2,008:2017-08-04: Einarbeitung der Zustände,2017-06-25T00:00:00.000+00:00,https://bioportal.bioontology.org/ontologies/PSO
bioportal,PSO_2,PatientSafetyOntologyRevisted,scored,9.97,0.0,0.0,0.96,10.0,5.2325,5.23,5.2325,5.23,same_as_strict,Define,Health,OWL,3,005,2020-06-26T00:00:00.000+00:00,https://bioportal.bioontology.org/ontologies/PSO_2
bioportal,PTO,Plant Trait Ontology,scored,9.99,6.59,6.59,7.28,10.0,8.465,8.46,8.465,8.46,"same_as_strict (1.0 result, not re-checked)",Define,Phenotype;Plant,OWL,440,May 2025,2026-01-14T18:16:06.000-08:00,https://bioportal.bioontology.org/ontologies/PTO
bioportal,PTRANS,Pathogen Transmission Ontology,scored,9.72,6.05,6.05,6.83,9.0,7.9,7.9,7.9,7.9,"same_as_strict (1.0 result, not re-checked)",Define,Health;Vocabularies,OWL,20,2026-03-13,2026-03-14T13:48:52.000-07:00,https://bioportal.bioontology.org/ontologies/PTRANS
bioportal,PTRO,Preclinical Trials in Radiation Oncology Ontology,scored,10.0,6.49,6.49,0.0,10.0,6.6225000000000005,6.62,6.6225000000000005,6.62,"same_as_strict (1.0 result, not re-checked)",Connection,,OWL,2,0.1 alpha,2026-04-27T00:00:00.000+00:00,https://bioportal.bioontology.org/ontologies/PTRO
bioportal,PTS,Pathway Terminology System,scored,10.0,0.02,0.02,2.92,10.0,5.734999999999999,5.74,5.734999999999999,5.74,"same_as_strict (1.0 result, not re-checked)",Define,,OWL,1,1.0,2015-08-21T00:00:00.000+00:00,https://bioportal.bioontology.org/ontologies/PTS
bioportal,PU,Test Dataset,scored,10.0,0.0,0.0,0.0,0.0,2.5,2.5,2.5,2.5,"same_as_strict (1.0 result, not re-checked)",Define,,OWL,1,,2024-12-20T00:00:00.000+00:00,https://bioportal.bioontology.org/ontologies/PU
bioportal,PVONTO,Pharmacovigilance Ontology,scored,9.71,0.0,0.0,0.0,7.0,4.1775,4.18,4.1775,4.18,"same_as_strict (1.0 result, not re-checked)",Define,,OWL,1,0.1,2011-01-17T00:00:00.000-08:00,https://bioportal.bioontology.org/ontologies/PVONTO
bioportal,PW,Pathway Ontology,scored,10.0,6.21,6.21,6.95,10.0,8.29,8.29,8.29,8.29,"same_as_strict (1.0 result, not re-checked)",Define,Biological_Process,OBO,130,2026-05-16,2026-05-18T18:13:06.000-07:00,https://bioportal.bioontology.org/ontologies/PW
bioportal,QUANTUM-MIND,Quantum Mind Framework,scored,9.27,5.22,5.22,2.32,10.0,6.7025,6.7,6.7025,6.7,"same_as_strict (1.0 result, not re-checked)",Connection,Health;Human;Other,OWL,4,,2026-02-11T00:00:00.000+00:00,https://bioportal.bioontology.org/ontologies/QUANTUM-MIND
bioportal,QUDT,"Quantities, Units, Dimensions, and Types Ontology",scored,10.0,3.99,3.99,3.01,10.0,6.75,6.75,6.75,6.75,http://purl.org/dc/elements/1.1/description [bioportal_definitionProperty],Connection,Other,OWL,46,,2026-09-22T18:14:31.000-07:00,https://bioportal.bioontology.org/ontologies/QUDT
bioportal,QUDT2,"Quantities, Units, Dimensions and Types (QUDT) Schema - Version 2.0",scored,9.49,1.47,1.47,2.96,9.0,5.73,5.73,5.73,5.73,"same_as_strict (1.0 result, not re-checked)",Define,Upper_Level_Ontology,OWL,1,2.0,2016-10-09T00:00:00.000+00:00,https://bioportal.bioontology.org/ontologies/QUDT2
bioportal,QUDT2-1,"Quantities, Units, Dimensions and Types (QUDT Version 2.1)",scored,9.12,3.47,3.47,2.25,10.0,6.21,6.21,6.21,6.21,"same_as_strict (1.0 result, not re-checked)",Connection,,OWL,2,2.1,2020-01-30T00:00:00.000+00:00,https://bioportal.bioontology.org/ontologies/QUDT2-1
bioportal,RADLEX,Radiology Lexicon,scored,10.0,0.0,0.55,4.67,10.0,6.1675,6.17,6.305,6.3,http://www.radlex.org/RID/Definition [bioportal_definitionProperty + detected_by_name],Define,,OWL,43,4.3,2025-12-01T00:00:00.000+00:00,https://bioportal.bioontology.org/ontologies/RADLEX
bioportal,RADMO,RADx Metadata Ontology,no_submission,,,,,,,,,,,,,,-1,,,https://bioportal.bioontology.org/ontologies/RADMO
bioportal,RADXTT-MVREASONS,RADx Tiger Team Missing Value Reasons,scored,9.66,5.88,5.88,0.0,0.0,3.885,3.88,3.885,3.88,"same_as_strict (1.0 result, not re-checked)",Connection,Vocabularies,SKOS,10,0.1.2,2023-10-24T18:22:12.000-07:00,https://bioportal.bioontology.org/ontologies/RADXTT-MVREASONS
bioportal,RAO,Rheumatoid Arthritis ontology,scored,9.96,0.0,0.0,0.0,10.0,4.99,4.99,4.99,4.99,"same_as_strict (1.0 result, not re-checked)",Define,Biomedical_Resources;Health;Human;Vocabularies,OWL,1,Version 1.0,2015-12-08T00:00:00.000+00:00,https://bioportal.bioontology.org/ontologies/RAO
bioportal,RB,RegenBase ontology,scored,9.98,6.44,6.44,0.02,10.0,6.61,6.61,6.61,6.61,"same_as_strict (1.0 result, not re-checked)",Connection,Health,OWL,5,1.0,2016-01-15T00:00:00.000+00:00,https://bioportal.bioontology.org/ontologies/RB
bioportal,RBO,Radiation Biology Ontology,scored,10.0,5.63,5.63,7.15,10.0,8.195,8.2,8.195,8.2,"same_as_strict (1.0 result, not re-checked)",Define,Biological_Process,OWL,41,2026-07-16,2026-07-23T00:00:00.000+00:00,https://bioportal.bioontology.org/ontologies/RBO
bioportal,RCD,"Read Codes, Clinical Terms Version 3 (CTV3) ",not_downloadable,,,,,,,,,,,,,UMLS,24,RCD99,2024-05-06T00:00:00.000+00:00,https://bioportal.bioontology.org/ontologies/RCD
bioportal,RCTONT,Randomized Controlled Trials Ontology,scored,8.71,2.56,2.56,2.57,10.0,5.960000000000001,5.96,5.960000000000001,5.96,"same_as_strict (1.0 result, not re-checked)",Define,Biomedical_Resources,OWL,1,2.0,2010-11-01T00:00:00.000-07:00,https://bioportal.bioontology.org/ontologies/RCTONT
bioportal,RCTV2,Read Clinical Terminology Version 2,scored,10.0,0.0,0.0,0.0,10.0,5.0,5.0,5.0,5.0,"same_as_strict (1.0 result, not re-checked)",Define,Health,OWL,1,2015,2016-04-11T00:00:00.000+00:00,https://bioportal.bioontology.org/ontologies/RCTV2
bioportal,RDA-CONTENT,RDA Content type,scored,9.64,6.4,6.4,0.0,0.0,4.01,4.01,4.01,4.01,"same_as_strict (1.0 result, not re-checked)",Connection,Other,SKOS,1,,2017-10-13T00:00:00.000+00:00,https://bioportal.bioontology.org/ontologies/RDA-CONTENT
bioportal,RDA-ISSUANCE,RDA Mode of Issuance,scored,9.09,3.55,3.55,0.0,0.0,3.16,3.16,3.16,3.16,"same_as_strict (1.0 result, not re-checked)",Connection,Vocabularies,OWL,14,1.0,2026-09-18T18:12:14.000-07:00,https://bioportal.bioontology.org/ontologies/RDA-ISSUANCE
bioportal,RDAO,Rare Diseases Awareness Ontology,scored,3.44,1.24,1.24,1.05,10.0,3.9325,3.93,3.9325,3.93,"same_as_strict (1.0 result, not re-checked)",Connection,Health,OWL,5,3.2,2024-10-31T00:00:00.000+00:00,https://bioportal.bioontology.org/ontologies/RDAO
bioportal,RDFS,The RDF Schema vocabulary,scored,8.75,4.25,4.25,8.32,6.0,6.83,6.83,6.83,6.83,"same_as_strict (1.0 result, not re-checked)",Define,Vocabularies,OWL,4,1.1,2024-12-18T18:14:22.000-08:00,https://bioportal.bioontology.org/ontologies/RDFS
bioportal,RDL,RDL,scored,10.0,0.0,0.0,7.2,10.0,6.8,6.8,6.8,6.8,"same_as_strict (1.0 result, not re-checked)",Define,Other,OWL,1,Generated 2013-03-28T19:01:04.897+01:00,2016-01-08T00:00:00.000+00:00,https://bioportal.bioontology.org/ontologies/RDL
bioportal,RDO,Reusable Biodiversity Ontology,scored,9.86,0.0,0.0,6.56,10.0,6.6049999999999995,6.6,6.6049999999999995,6.6,"same_as_strict (1.0 result, not re-checked)",Define,,OWL,1,1.1,2021-06-02T00:00:00.000+00:00,https://bioportal.bioontology.org/ontologies/RDO
bioportal,REGN_BRO,REGN_BRO,scored,9.88,0.15,0.15,0.06,10.0,5.022500000000001,5.02,5.022500000000001,5.02,"same_as_strict (1.0 result, not re-checked)",Connection,,OWL,1,1.1,2023-01-12T00:00:00.000+00:00,https://bioportal.bioontology.org/ontologies/REGN_BRO
bioportal,REGN_GO,REGN_GO,scored,10.0,6.29,6.29,7.57,10.0,8.465,8.46,8.465,8.46,"same_as_strict (1.0 result, not re-checked)",Define,Gene_Product,OWL,1,2023-01-01,2023-01-12T00:00:00.000+00:00,https://bioportal.bioontology.org/ontologies/REGN_GO
bioportal,REHABO,The Rehabilitation Ontology,scored,10.0,4.97,4.97,3.4,9.0,6.842499999999999,6.84,6.842499999999999,6.84,"same_as_strict (1.0 result, not re-checked)",Connection,Biomedical_Resources;Health;Human,OWL,1,2026-04-22,2026-04-25T00:00:00.000+00:00,https://bioportal.bioontology.org/ontologies/REHABO
bioportal,REPO,Reproductive Trait and Phenotype Ontology,scored,10.0,0.14,0.14,0.0,10.0,5.035,5.04,5.035,5.04,"same_as_strict (1.0 result, not re-checked)",Connection,Phenotype,OWL,3,1.1,2011-10-12T00:00:00.000-07:00,https://bioportal.bioontology.org/ontologies/REPO
bioportal,REPOS,repository,scored,3.85,0.0,0.0,4.85,4.0,3.175,3.18,3.175,3.18,"same_as_strict (1.0 result, not re-checked)",Define,,OWL,1,,2022-10-16T00:00:00.000+00:00,https://bioportal.bioontology.org/ontologies/REPOS
bioportal,REPRODUCE-ME,REPRODUCE-ME,scored,9.97,2.91,3.07,0.13,10.0,5.7525,5.75,5.7925,5.79,https://www.w3.org/TR/rdf-schema/#ch_comment [bioportal_definitionProperty]; http://www.w3.org/ns/prov#definition [detected_by_name (51 uses)],Connection,,OWL,7,1.1,2019-01-14T00:00:00.000+00:00,https://bioportal.bioontology.org/ontologies/REPRODUCE-ME
bioportal,RETO,Regulation of Transcription Ontology,scored,10.0,6.65,6.65,8.06,10.0,8.6775,8.68,8.6775,8.68,"same_as_strict (1.0 result, not re-checked)",Define,Biological_Process,OWL,8,2015,2015-12-16T00:00:00.000+00:00,https://bioportal.bioontology.org/ontologies/RETO
bioportal,REX,Physico-Chemical Process,scored,9.98,4.16,4.16,5.21,9.0,7.0875,7.09,7.0875,7.09,"same_as_strict (1.0 result, not re-checked)",Define,Physicochemical,OBO,7,1.13,2011-02-15T00:00:00.000-08:00,https://bioportal.bioontology.org/ontologies/REX
bioportal,REXO,Regulation of Gene Expression Ontolology,scored,10.0,6.64,6.64,8.07,10.0,8.6775,8.68,8.6775,8.68,"same_as_strict (1.0 result, not re-checked)",Define,,OWL,6,2015,2015-12-16T00:00:00.000+00:00,https://bioportal.bioontology.org/ontologies/REXO
bioportal,RGD,RRB Group D,no_submission,,,,,,,,,,,,Biological_Process,,-1,,,https://bioportal.bioontology.org/ontologies/RGD
bioportal,RH-MESH,Robert Hoehndorf Version of MeSH,scored,10.0,0.0,0.0,0.06,10.0,5.015000000000001,5.02,5.015000000000001,5.02,"same_as_strict (1.0 result, not re-checked)",Define,Dysfunction;Health;Human;Phenotype;Vocabularies,OWL,3,2014,2014-04-21T00:00:00.000+00:00,https://bioportal.bioontology.org/ontologies/RH-MESH
bioportal,RNAO,RNA Ontology,scored,9.99,0.7,0.7,5.9,10.0,6.6475,6.65,6.6475,6.65,http://purl.org/dc/elements/1.1/description [bioportal_definitionProperty],Define,All_Organisms,OBO,4,r113,2015-08-21T18:06:31.000-07:00,https://bioportal.bioontology.org/ontologies/RNAO
bioportal,RNPRIO,Research Network and Patient Registry Inventory Ontology,scored,10.0,5.1,5.1,0.0,9.0,6.025,6.02,6.025,6.02,"same_as_strict (1.0 result, not re-checked)",Connection,Biomedical_Resources,OWL,1,1,2013-06-07T00:00:00.000-07:00,https://bioportal.bioontology.org/ontologies/RNPRIO
bioportal,RNRMU,RNRMU,scored,10.0,0.0,0.0,0.0,9.0,4.75,4.75,4.75,4.75,"same_as_strict (1.0 result, not re-checked)",Define,Development,OWL,1,0.1,2014-09-30T00:00:00.000+00:00,https://bioportal.bioontology.org/ontologies/RNRMU
bioportal,RO,Radiomics Ontology,scored,9.96,5.09,5.09,0.0,10.0,6.2625,6.26,6.2625,6.26,"same_as_strict (1.0 result, not re-checked)",Connection,Biomedical_Resources;Imaging,OWL,6,2.1,2017-08-29T00:00:00.000+00:00,https://bioportal.bioontology.org/ontologies/RO
bioportal,ROADMAP,"Radiology Ontology of AI Datasets, Models and Projects",scored,10.0,6.64,6.64,3.16,10.0,7.45,7.45,7.45,7.45,"same_as_strict (1.0 result, not re-checked)",Connection,Biomedical_Resources;Imaging;Vocabularies,OWL,7,,2026-05-21T00:00:00.000+00:00,https://bioportal.bioontology.org/ontologies/ROADMAP
bioportal,ROCKNROLLTEST,ROCK-N-ROLL-TEST,scored,6.67,2.34,2.34,0.0,0.0,2.2525,2.25,2.2525,2.25,"same_as_strict (1.0 result, not re-checked)",Connection,,SKOS,2,,2021-03-30T18:20:43.000-07:00,https://bioportal.bioontology.org/ontologies/ROCKNROLLTEST
bioportal,ROLEO,Role Ontology,scored,10.0,0.38,0.38,0.0,10.0,5.095000000000001,5.1,5.095000000000001,5.1,"same_as_strict (1.0 result, not re-checked)",Connection,,OWL,3,Vision Release: 1.0.16,2018-03-24T18:13:32.000-07:00,https://bioportal.bioontology.org/ontologies/ROLEO
bioportal,ROO,Radiation Oncology Ontology,scored,10.0,5.17,5.17,0.19,10.0,6.34,6.34,6.34,6.34,"same_as_strict (1.0 result, not re-checked)",Connection,Development;Health;Human;Imaging;Vocabularies,OWL,8,0.5,2018-06-19T00:00:00.000+00:00,https://bioportal.bioontology.org/ontologies/ROO
bioportal,ROR,Research Organization Registry,scored,10.0,4.94,4.94,8.14,7.0,7.5200000000000005,7.52,7.5200000000000005,7.52,"same_as_strict (1.0 result, not re-checked)",Define,,OWL,1,2.0,2026-01-23T00:00:00.000+00:00,https://bioportal.bioontology.org/ontologies/ROR
bioportal,ROS,Radiation Oncology Structures Ontology,scored,10.0,1.47,1.47,0.0,10.0,5.3675,5.37,5.3675,5.37,"same_as_strict (1.0 result, not re-checked)",Connection,Anatomy;Human;Imaging,OWL,6,1.2.2,2017-07-27T00:00:00.000+00:00,https://bioportal.bioontology.org/ontologies/ROS
bioportal,RPO,Resource of Asian Primary Immunodeficiency Diseases (RAPID) Phenotype Ontology,scored,9.99,0.0,0.0,0.0,10.0,4.9975000000000005,5.0,4.9975000000000005,5.0,"same_as_strict (1.0 result, not re-checked)",Define,Human;Immunology;Phenotype,OWL,2,Version 1.0,2012-08-14T00:00:00.000-07:00,https://bioportal.bioontology.org/ontologies/RPO
bioportal,RS,Rat Strain Ontology,scored,10.0,0.09,0.09,0.1,10.0,5.047499999999999,5.05,5.047499999999999,5.05,"same_as_strict (1.0 result, not re-checked)",Define,,OBO,329,2026-09-12,2026-09-14T18:14:03.000-07:00,https://bioportal.bioontology.org/ontologies/RS
bioportal,RSA,Reference Sequence Annotation,scored,8.0,3.12,3.12,2.05,6.0,4.7925,4.79,4.7925,4.79,"same_as_strict (1.0 result, not re-checked)",Connection,Biomedical_Resources;Genomic_and_Proteomic,OWL,6,0.6,2014-01-31T00:00:00.000+00:00,https://bioportal.bioontology.org/ontologies/RSA
bioportal,RVO,Research Variable Ontology,scored,8.89,4.81,4.81,2.62,0.0,4.08,4.08,4.08,4.08,"same_as_strict (1.0 result, not re-checked)",Flat,Other,OWL,2,1.0,2019-03-21T18:15:38.000-07:00,https://bioportal.bioontology.org/ontologies/RVO
bioportal,RXNO,Name Reaction Ontology,scored,9.99,5.1,5.1,7.06,10.0,8.0375,8.04,8.0375,8.04,"same_as_strict (1.0 result, not re-checked)",Define,Chemical,OBO,41,releases/2021-12-16,2022-07-06T18:14:22.000-07:00,https://bioportal.bioontology.org/ontologies/RXNO
bioportal,RXNORM,RxNORM,scored,10.0,0.0,0.0,9.69,10.0,7.422499999999999,7.42,7.422499999999999,7.42,"same_as_strict (1.0 result, not re-checked)",Define,Health,UMLS,30,20AA_250902F,2025-11-03T00:00:00.000+00:00,https://bioportal.bioontology.org/ontologies/RXNORM
bioportal,S4EHAW,SAREF4EHAW: an extension of SAREF for eHealth Ageing Well domain,scored,9.94,5.94,5.94,1.78,10.0,6.915,6.92,6.915,6.92,"same_as_strict (1.0 result, not re-checked)",Connection,,OWL,1,v1.1.1,2020-02-01T00:00:00.000+00:00,https://bioportal.bioontology.org/ontologies/S4EHAW
bioportal,SALMO,Salmonella Serotype vocabulary,no_submission,,,,,,,,,,,,Microbial_Anatomy,,-1,,,https://bioportal.bioontology.org/ontologies/SALMO
bioportal,SALMON,Salmon Ontology,scored,9.99,5.6,5.6,5.58,10.0,7.7925,7.79,7.7925,7.79,"same_as_strict (1.0 result, not re-checked)",Connection,Fish_Anatomy;Other;Taxonomic_Classification,OWL,4,0.4.0,2024-09-04T00:00:00.000+00:00,https://bioportal.bioontology.org/ontologies/SALMON
bioportal,SAO,Subcellular Anatomy Ontology,scored,10.0,0.68,0.68,1.58,10.0,5.5649999999999995,5.56,5.5649999999999995,5.56,"same_as_strict (1.0 result, not re-checked)",Define,Anatomy,OWL,3,Version 1.2,2007-07-06T00:00:00.000+00:00,https://bioportal.bioontology.org/ontologies/SAO
bioportal,SARSMUTONTO,Ontology for SARS-CoV-2  lineages and mutations,scored,4.35,0.0,0.0,1.49,10.0,3.96,3.96,3.96,3.96,"same_as_strict (1.0 result, not re-checked)",Define,Gene_Product;Genomic_and_Proteomic,OWL,7,1.1,2023-02-01T18:22:36.000-08:00,https://bioportal.bioontology.org/ontologies/SARSMUTONTO
bioportal,SASAP,The State of Alaska's Salmon and People Ontology,scored,9.8,1.78,1.78,7.77,9.0,7.0875,7.09,7.0875,7.09,"same_as_strict (1.0 result, not re-checked)",Define,Other,OWL,2,0.3.1,2022-07-22T00:00:00.000+00:00,https://bioportal.bioontology.org/ontologies/SASAP
bioportal,SATO,SATO (IDEAS expAnded wiTh BCIO): workflow for designers of patient-centered mobile health behaviour change intervention applications,scored,9.99,6.56,6.56,0.43,10.0,6.745,6.74,6.745,6.74,"same_as_strict (1.0 result, not re-checked)",Connection,Health,OWL,2,v2,2022-11-17T00:00:00.000+00:00,https://bioportal.bioontology.org/ontologies/SATO
bioportal,SATUSEHATTHESIS,SatuSehatThesis,scored,8.6,0.0,0.0,0.0,0.0,2.15,2.15,2.15,2.15,"same_as_strict (1.0 result, not re-checked)",Define,Biomedical_Resources,SKOS,1,,2024-11-11T00:00:00.000+00:00,https://bioportal.bioontology.org/ontologies/SATUSEHATTHESIS
bioportal,SBO,Systems Biology Ontology,scored,9.99,6.52,6.52,0.0,10.0,6.6274999999999995,6.63,6.6274999999999995,6.63,"same_as_strict (1.0 result, not re-checked)",Connection,Vocabularies,OWL,663,28:08:2021 03:13,2023-05-16T00:00:00.000+00:00,https://bioportal.bioontology.org/ontologies/SBO
bioportal,SBOL,Synthetic Biology Open Language Visual Ontology,scored,9.76,6.08,6.08,4.58,9.0,7.355,7.36,7.355,7.36,"same_as_strict (1.0 result, not re-checked)",Connection,Other,OBO,2,unknown,2013-04-26T00:00:00.000-07:00,https://bioportal.bioontology.org/ontologies/SBOL
bioportal,SCDO,Sickle Cell Disease Ontology,scored,10.0,6.44,6.44,4.49,10.0,7.7325,7.73,7.7325,7.73,"same_as_strict (1.0 result, not re-checked)",Connection,Biomedical_Resources,OWL,21,2021-04-15,2021-05-06T18:30:09.000-07:00,https://bioportal.bioontology.org/ontologies/SCDO
bioportal,SCHEMA,Schema.org core and all extension vocabularies,scored,9.99,6.23,6.23,8.13,10.0,8.5875,8.59,8.5875,8.59,same_as_strict,Define,Vocabularies,OWL,6,30.1,2026-09-15T18:20:04.000-07:00,https://bioportal.bioontology.org/ontologies/SCHEMA
bioportal,SCIO,Spinal Cord Injury Ontology,scored,9.23,0.67,0.67,0.78,10.0,5.17,5.17,5.17,5.17,"same_as_strict (1.0 result, not re-checked)",Define,Biomedical_Resources;Experimental_Conditions;Neurologic_Disease;Neurological_Disorder,OWL,2,1,2017-09-19T00:00:00.000+00:00,https://bioportal.bioontology.org/ontologies/SCIO
bioportal,SCO,Study Cohort Ontology,scored,8.32,4.12,4.12,6.24,10.0,7.17,7.17,7.17,7.17,"same_as_strict (1.0 result, not re-checked)",Define,Biomedical_Resources;Health,OWL,5,1.1.0,2019-04-18T00:00:00.000+00:00,https://bioportal.bioontology.org/ontologies/SCO
bioportal,SCO-U,Sustainability Core Ontology - Segment U,scored,10.0,6.99,6.99,5.4,9.0,7.8475,7.85,7.8475,7.85,"same_as_strict (1.0 result, not re-checked)",Connection,Other,OWL,5,Version 1.1.0. ; segment U.,2025-10-17T00:00:00.000+00:00,https://bioportal.bioontology.org/ontologies/SCO-U
bioportal,SCO_V1,Sustainability Core Ontology,scored,9.88,6.95,6.95,5.5,9.0,7.8325000000000005,7.83,7.8325000000000005,7.83,"same_as_strict (1.0 result, not re-checked)",Connection,Other,OWL,5,Version 1.1.0. ; segment B.,2025-10-11T00:00:00.000+00:00,https://bioportal.bioontology.org/ontologies/SCO_V1
bioportal,SD3,Simulation Delivery and Documentation Deviations,scored,10.0,4.39,4.39,0.0,10.0,6.0975,6.1,6.0975,6.1,"same_as_strict (1.0 result, not re-checked)",Connection,Other,OWL,1,1.0,2015-04-27T00:00:00.000+00:00,https://bioportal.bioontology.org/ontologies/SD3
bioportal,SDO,Sleep Domain Ontology,scored,9.94,3.48,3.48,4.05,9.0,6.6175,6.62,6.6175,6.62,"same_as_strict (1.0 result, not re-checked)",Define,Health;Human;Neurologic_Disease;Neurological_Disorder;Phenotype,OWL,4,"Last modification: Feb. 11, 2013 Sivaram Arabandi",2015-06-23T00:00:00.000+00:00,https://bioportal.bioontology.org/ontologies/SDO
bioportal,SDOED,Social Determinants of Education Ontology,scored,0.0,0.0,0.0,6.99,10.0,4.2475000000000005,4.25,4.2475000000000005,4.25,"same_as_strict (1.0 result, not re-checked)",Describe,,OWL,1,V1,2024-10-13T00:00:00.000+00:00,https://bioportal.bioontology.org/ontologies/SDOED
bioportal,SDOHO,social determinants of health ontology-TaoLab,scored,9.69,2.44,2.44,1.91,10.0,6.01,6.01,6.01,6.01,"same_as_strict (1.0 result, not re-checked)",Connection,Health,OWL,2,SDoHO_1216,2024-02-22T00:00:00.000+00:00,https://bioportal.bioontology.org/ontologies/SDOHO
bioportal,SEDI,Semantic DICOM Ontology,scored,9.99,0.0,0.0,4.58,9.0,5.8925,5.89,5.8925,5.89,"same_as_strict (1.0 result, not re-checked)",Define,,OWL,6,0.6 alpha,2015-06-10T00:00:00.000+00:00,https://bioportal.bioontology.org/ontologies/SEDI
bioportal,SENSO,Sensitive Data Ontology,scored,8.0,5.29,5.29,0.0,7.0,5.0725,5.07,5.0725,5.07,"same_as_strict (1.0 result, not re-checked)",Connection,Other;Vocabularies,OWL,1,Version 0.1.0,2021-10-13T00:00:00.000+00:00,https://bioportal.bioontology.org/ontologies/SENSO
bioportal,SEP,Sample Processing and Separation Techniques Ontology,scored,9.96,6.2,6.2,7.7,10.0,8.465,8.46,8.465,8.46,"same_as_strict (1.0 result, not re-checked)",Define,,OBO,5,1.070708,2015-08-21T00:00:00.000+00:00,https://bioportal.bioontology.org/ontologies/SEP
bioportal,SEPIO,Scientific Evidence and Provenance Information Ontology,scored,10.0,4.81,4.81,3.94,9.0,6.9375,6.94,6.9375,6.94,"same_as_strict (1.0 result, not re-checked)",Connection,Other,OWL,7,2023-06-13,2023-06-29T18:29:17.000-07:00,https://bioportal.bioontology.org/ontologies/SEPIO
bioportal,SEPON,Sepsis Ontology,scored,9.99,0.0,0.0,0.01,10.0,5.0,5.0,5.0,5.0,"same_as_strict (1.0 result, not re-checked)",Define,Health;Human,OWL,2,V1.0.0,2024-05-14T00:00:00.000+00:00,https://bioportal.bioontology.org/ontologies/SEPON
bioportal,SHEDDING-HUB,Pathogen and Biomarker Shedding,scored,9.92,0.88,0.88,8.56,4.0,5.84,5.84,5.84,5.84,"same_as_strict (1.0 result, not re-checked)",Define,Biomedical_Resources;Human,SKOS,3,0.2.0,2025-05-20T00:00:00.000+00:00,https://bioportal.bioontology.org/ontologies/SHEDDING-HUB
bioportal,SHR,Student Health Record Ontology,scored,10.0,3.13,3.13,0.0,10.0,5.7825,5.78,5.7825,5.78,"same_as_strict (1.0 result, not re-checked)",Connection,,OWL,3,1.1,2011-09-29T00:00:00.000+00:00,https://bioportal.bioontology.org/ontologies/SHR
bioportal,SIBO,Social Insect Behavior Ontology,scored,9.98,2.09,2.09,6.49,10.0,7.140000000000001,7.14,7.140000000000001,7.14,"same_as_strict (1.0 result, not re-checked)",Define,,OWL,2,,2024-11-13T18:15:00.000-08:00,https://bioportal.bioontology.org/ontologies/SIBO
bioportal,SIMM,In Silico Methodologies Ontology for MAATrica metric,scored,9.97,0.07,0.07,0.0,10.0,5.01,5.01,5.01,5.01,"same_as_strict (1.0 result, not re-checked)",Connection,Chemical;Molecule;Protein;Vocabularies,OBO,1,,2024-04-21T00:00:00.000+00:00,https://bioportal.bioontology.org/ontologies/SIMM
bioportal,SIMON,Simple Measurement Ontology,parse_failed,,,,,,,,,,,,Vocabularies,OWL,1,1.0,2021-05-07T00:00:00.000+00:00,https://bioportal.bioontology.org/ontologies/SIMON
bioportal,SIO,Semanticscience Integrated Ontology,scored,9.99,5.71,5.71,2.21,10.0,6.9775,6.98,6.9775,6.98,"same_as_strict (1.0 result, not re-checked)",Connection,All_Organisms;Biological_Process;Biomedical_Resources;Cell;Cellular_anatomy_;Chemical;Gene_Product;Genomic_and_Proteomic;Molecule;Phenotype;Physicochemical;Protein;Subcellular;Subcellular_anatomy;Taxonomic_Classification;Vocabularies;Yeast,OWL,95,1.61,2010-03-29T00:00:00.000+00:00,https://bioportal.bioontology.org/ontologies/SIO
bioportal,SITBAC,Situation-Based Access Control Ontology,scored,5.39,0.29,0.29,7.02,10.0,5.675,5.68,5.675,5.68,"same_as_strict (1.0 result, not re-checked)",Define,Other,OWL,3,1.3,2010-01-05T00:00:00.000-08:00,https://bioportal.bioontology.org/ontologies/SITBAC
bioportal,SK,Digital Forensic,scored,8.84,0.0,0.0,0.0,10.0,4.71,4.71,4.71,4.71,"same_as_strict (1.0 result, not re-checked)",Define,,OWL,1,,2019-11-28T00:00:00.000+00:00,https://bioportal.bioontology.org/ontologies/SK
bioportal,SLEEP,SLEEP ontology,scored,9.9,0.0,0.0,0.0,10.0,4.975,4.97,4.975,4.97,"same_as_strict (1.0 result, not re-checked)",Define,Health;Human,OWL,1,1.0,2024-12-04T00:00:00.000+00:00,https://bioportal.bioontology.org/ontologies/SLEEP
bioportal,SLSO,Space Life Sciences Ontology,scored,10.0,5.36,5.36,2.96,10.0,7.08,7.08,7.08,7.08,"same_as_strict (1.0 result, not re-checked)",Connection,Biological_Process;Experimental_Conditions;Health;Human,OWL,16,2025-12-11,2025-12-11T18:19:05.000-08:00,https://bioportal.bioontology.org/ontologies/SLSO
bioportal,SL_DIS,Sleep Disorders ,scored,4.47,2.25,2.25,6.48,10.0,5.8,5.8,5.8,5.8,"same_as_strict (1.0 result, not re-checked)",Define,,OWL,2,2.0,2025-08-25T00:00:00.000+00:00,https://bioportal.bioontology.org/ontologies/SL_DIS
bioportal,SMASH,SMASH Ontology,scored,2.29,0.0,0.0,0.41,10.0,3.175,3.18,3.175,3.18,"same_as_strict (1.0 result, not re-checked)",Define,Health,OWL,6,,2015-06-02T18:14:47.000-07:00,https://bioportal.bioontology.org/ontologies/SMASH
bioportal,SNMI,"Systematized Nomenclature of Medicine, International Version",scored,10.0,0.0,0.0,8.01,10.0,7.0024999999999995,7.0,7.0024999999999995,7.0,"same_as_strict (1.0 result, not re-checked)",Define,,UMLS,24,2024AA,2024-05-06T00:00:00.000+00:00,https://bioportal.bioontology.org/ontologies/SNMI
bioportal,SNOMEDCT,"SNOMED CT, US Edition",not_downloadable,,,,,,,,,,,,Health,UMLS,32,2025_09_01,2025-11-03T00:00:00.000+00:00,https://bioportal.bioontology.org/ontologies/SNOMEDCT
bioportal,SNPO,Single-Nucleotide Polymorphism (SNP) Ontology,scored,10.0,4.36,4.36,1.67,10.0,6.5075,6.51,6.5075,6.51,"same_as_strict (1.0 result, not re-checked)",Connection,Genomic_and_Proteomic,OWL,4,"version: full 1.6
release: 14/03/2017",2017-03-14T00:00:00.000+00:00,https://bioportal.bioontology.org/ontologies/SNPO
bioportal,SO,Sequence Types and Features Ontology,scored,10.0,6.08,6.08,6.74,10.0,8.205,8.2,8.205,8.2,"same_as_strict (1.0 result, not re-checked)",Define,Genomic_and_Proteomic,OWL,315,unknown,2026-08-07T18:12:58.000-07:00,https://bioportal.bioontology.org/ontologies/SO
bioportal,SOCMEDIA,Sercan Kiyak,scored,5.0,2.99,2.99,0.0,0.0,1.9975,2.0,1.9975,2.0,"same_as_strict (1.0 result, not re-checked)",Connection,,OWL,3,,2025-04-22T00:00:00.000+00:00,https://bioportal.bioontology.org/ontologies/SOCMEDIA
bioportal,SOCPRES,Social Prescribing Ontology,scored,9.82,0.0,0.0,0.0,10.0,4.955,4.96,4.955,4.96,"same_as_strict (1.0 result, not re-checked)",Define,Other,OWL,1,,2018-12-10T00:00:00.000+00:00,https://bioportal.bioontology.org/ontologies/SOCPRES
bioportal,SOHO,Social Determinants of Health Ontology,scored,9.94,0.0,0.0,6.44,10.0,6.595,6.6,6.595,6.6,"same_as_strict (1.0 result, not re-checked)",Define,Health;Human,OWL,5,4,2024-10-10T00:00:00.000+00:00,https://bioportal.bioontology.org/ontologies/SOHO
bioportal,SOIL-PROF,Soil Profile classifiers,scored,10.0,7.12,7.12,9.55,0.0,6.6675,6.67,6.6675,6.67,same_as_strict,Flat,Vocabularies,SKOS,3,3rd edition,2021-04-02T00:00:00.000+00:00,https://bioportal.bioontology.org/ontologies/SOIL-PROF
bioportal,SOLO,Solitude Ontology,scored,9.88,6.13,6.13,3.93,8.0,6.985,6.98,6.985,6.98,"same_as_strict (1.0 result, not re-checked)",Connection,,OWL,2,2026-02-25,2026-02-26T18:15:06.000-08:00,https://bioportal.bioontology.org/ontologies/SOLO
bioportal,SOPHARM,Suggested Ontology for Pharmacogenomics,scored,9.25,3.37,3.37,1.91,9.0,5.8825,5.88,5.8825,5.88,"same_as_strict (1.0 result, not re-checked)",Connection,Genomic_and_Proteomic,OWL,18,"Version: SO-Pharm 2.2
Release: 02 Mar 2017",2017-03-02T00:00:00.000+00:00,https://bioportal.bioontology.org/ontologies/SOPHARM
bioportal,SOS,emergência,scored,9.85,0.0,0.0,0.0,8.0,4.4625,4.46,4.4625,4.46,"same_as_strict (1.0 result, not re-checked)",Define,,OWL,1,,2021-09-20T00:00:00.000+00:00,https://bioportal.bioontology.org/ontologies/SOS
bioportal,SOY,Soy Ontology,scored,9.99,6.22,6.22,7.72,10.0,8.4825,8.48,8.4825,8.48,"same_as_strict (1.0 result, not re-checked)",Define,Plant,OBO,2,unknown,2013-04-30T00:00:00.000+00:00,https://bioportal.bioontology.org/ontologies/SOY
bioportal,SP,SMART Protocols,scored,9.73,5.61,5.61,1.74,9.0,6.52,6.52,6.52,6.52,"same_as_strict (1.0 result, not re-checked)",Connection,Biological_Process,OWL,6,4.0,2013-07-01T00:00:00.000+00:00,https://bioportal.bioontology.org/ontologies/SP
bioportal,SPD,Spider Anatomy Ontology,scored,9.99,6.0,6.0,7.73,10.0,8.43,8.43,8.43,8.43,"same_as_strict (1.0 result, not re-checked)",Define,Anatomy;Animal_Gross_Anatomy;Gross_Anatomy,OBO,24,1.1,2017-01-24T00:00:00.000+00:00,https://bioportal.bioontology.org/ontologies/SPD
bioportal,SPDX-LICENSES,System Package Data Exchange License List ,scored,9.99,1.32,1.32,0.0,0.0,2.8275,2.83,2.8275,2.83,"same_as_strict (1.0 result, not re-checked)",Connection,Other;Vocabularies,SKOS,9,,2026-09-16T18:13:55.000-07:00,https://bioportal.bioontology.org/ontologies/SPDX-LICENSES
bioportal,SPO,Skin Physiology Ontology,scored,9.97,0.11,0.11,4.95,9.0,6.0075,6.01,6.0075,6.01,"same_as_strict (1.0 result, not re-checked)",Define,Biological_Process,OWL,1,2,2008-09-19T00:00:00.000-07:00,https://bioportal.bioontology.org/ontologies/SPO
bioportal,SPTO,Solanaceae Phenotype Ontology,scored,9.98,3.62,3.62,5.76,10.0,7.34,7.34,7.34,7.34,"same_as_strict (1.0 result, not re-checked)",Define,Phenotype,OBO,9,unknown,2023-09-12T21:13:10.000-07:00,https://bioportal.bioontology.org/ontologies/SPTO
bioportal,SP_ONTOLOGY,SmartPITeS Proyect Ontology for Complex Chronic Patients,scored,9.97,2.8,2.8,2.43,10.0,6.3,6.3,6.3,6.3,"same_as_strict (1.0 result, not re-checked)",Connection,Health,OWL,1,,2023-03-27T00:00:00.000+00:00,https://bioportal.bioontology.org/ontologies/SP_ONTOLOGY
bioportal,SSBD,SSBD Ontology,scored,10.0,2.44,2.44,2.46,10.0,6.225,6.22,6.225,6.22,"same_as_strict (1.0 result, not re-checked)",Define,Imaging,OWL,4,2025-05-12,2025-07-23T00:00:00.000+00:00,https://bioportal.bioontology.org/ontologies/SSBD
bioportal,SSE,Surgical Secondary Events,scored,9.99,0.02,0.02,6.91,8.0,6.23,6.23,6.23,6.23,"same_as_strict (1.0 result, not re-checked)",Define,Health,OWL,2,1.1,2013-07-11T00:00:00.000+00:00,https://bioportal.bioontology.org/ontologies/SSE
bioportal,SSN,Semantic Sensor Network Ontology,scored,10.0,4.67,4.67,5.04,10.0,7.4275,7.43,7.4275,7.43,"same_as_strict (1.0 result, not re-checked)",Define,Other,OWL,2,"New modular version of the SSN ontology. 

This ontology was originally developed in 2009-2011 by the W3C Semantic Sensor Networks Incubator Group (SSN-XG). For more information on the group's activities see: http://www.w3.org/2005/Incubator/ssn/. The ontology was revised and modularized in 2015-2017 by the W3C/OGC Spatial Data on the Web Working Group, see: https://www.w3.org/2015/spatial/wiki/Semantic_Sensor_Network_Ontology. 

In particular, (a) the scope is extended to include actuation and sampling; (b) the core concepts and properties are factored out into the SOSA ontology. The SSN ontology imports SOSA and adds formal axiomatization consistent with the text definitions in SOSA, and adds classes and properties to accommodate the scope of the original SSN ontology. ",2017-04-17T00:00:00.000+00:00,https://bioportal.bioontology.org/ontologies/SSN
bioportal,SSO,Syndromic Surveillance Ontology,scored,9.89,0.0,0.0,7.57,8.0,6.365,6.36,6.365,6.36,"same_as_strict (1.0 result, not re-checked)",Define,Biomedical_Resources;Taxonomic_Classification,OWL,1,1,2009-09-18T00:00:00.000-07:00,https://bioportal.bioontology.org/ontologies/SSO
bioportal,SST,SATUSEHAT Thesis,scored,9.44,0.34,0.34,0.0,0.0,2.445,2.44,2.445,2.44,"same_as_strict (1.0 result, not re-checked)",Connection,Health,OWL,3,1,2024-12-31T00:00:00.000+00:00,https://bioportal.bioontology.org/ontologies/SST
bioportal,SSTIM,Sensory Stimulation Ontology,scored,9.99,6.71,6.71,2.47,10.0,7.2924999999999995,7.29,7.2924999999999995,7.29,"same_as_strict (1.0 result, not re-checked)",Connection,Biomedical_Resources;Experimental_Conditions;Health;Vocabularies,OWL,31,0.17.0,2026-04-12T00:00:00.000+00:00,https://bioportal.bioontology.org/ontologies/SSTIM
bioportal,STATO,Statistics Ontology,scored,10.0,6.5,6.5,5.25,10.0,7.9375,7.94,7.9375,7.94,"same_as_strict (1.0 result, not re-checked)",Connection,Biomedical_Resources;Experimental_Conditions,OWL,19,2026-04-20,2026-04-20T18:14:48.000-07:00,https://bioportal.bioontology.org/ontologies/STATO
bioportal,STMSO,symptomatic treatment of multiple sclerosis ontology,scored,9.57,0.93,0.93,2.69,10.0,5.797499999999999,5.8,5.797499999999999,5.8,"same_as_strict (1.0 result, not re-checked)",Define,All_Organisms,OWL,1,,2022-06-20T00:00:00.000+00:00,https://bioportal.bioontology.org/ontologies/STMSO
bioportal,STO-DRAFT,The Stroke Ontology,scored,9.61,0.13,0.13,0.0,10.0,4.9350000000000005,4.94,4.9350000000000005,4.94,"same_as_strict (1.0 result, not re-checked)",Connection,,OWL,1,2017-11-01,2018-08-07T00:00:00.000+00:00,https://bioportal.bioontology.org/ontologies/STO-DRAFT
bioportal,STRONG,Mental Stress Ontology,scored,9.95,0.0,0.0,0.25,10.0,5.05,5.05,5.05,5.05,"same_as_strict (1.0 result, not re-checked)",Define,Health;Human,OWL,2,,2025-07-31T00:00:00.000+00:00,https://bioportal.bioontology.org/ontologies/STRONG
bioportal,STY,Semantic Types Ontology,scored,10.0,0.0,0.0,0.0,10.0,5.0,5.0,5.0,5.0,"same_as_strict (1.0 result, not re-checked)",Define,,UMLS,26,2025AB,2025-11-03T00:00:00.000+00:00,https://bioportal.bioontology.org/ontologies/STY
bioportal,STY1,STY1,scored,9.92,0.0,0.0,0.0,10.0,4.98,4.98,4.98,4.98,"same_as_strict (1.0 result, not re-checked)",Define,,SKOS,4,,2025-08-14T00:00:00.000+00:00,https://bioportal.bioontology.org/ontologies/STY1
bioportal,SUGARBIND,SugarBind,scored,8.57,4.83,4.83,0.0,6.0,4.85,4.85,4.85,4.85,"same_as_strict (1.0 result, not re-checked)",Connection,Other,OWL,1,2023-06-20,2023-06-22T00:00:00.000+00:00,https://bioportal.bioontology.org/ontologies/SUGARBIND
bioportal,SURGICAL,Nurse Surgical,scored,9.82,6.35,6.35,0.29,9.0,6.365,6.36,6.365,6.36,"same_as_strict (1.0 result, not re-checked)",Connection,Health,OWL,1,,2015-09-24T00:00:00.000+00:00,https://bioportal.bioontology.org/ontologies/SURGICAL
bioportal,SVU_MWS_WSM,Syrian Cinema Ontology,scored,0.6,0.0,0.0,7.84,8.0,4.109999999999999,4.11,4.109999999999999,4.11,"same_as_strict (1.0 result, not re-checked)",Define,Other,OWL,1,1.0,2024-04-27T00:00:00.000+00:00,https://bioportal.bioontology.org/ontologies/SVU_MWS_WSM
bioportal,SVU_MWS_WSM_F23,MWS-WSM-F23 Syrian Cinema Ontology,scored,0.6,0.0,0.0,7.84,8.0,4.109999999999999,4.11,4.109999999999999,4.11,"same_as_strict (1.0 result, not re-checked)",Define,Other,OWL,1,1.0,2024-04-30T00:00:00.000+00:00,https://bioportal.bioontology.org/ontologies/SVU_MWS_WSM_F23
bioportal,SWEET,Semantic Web for Earth and Environment Technology Ontology,scored,9.83,0.57,0.57,1.25,10.0,5.4125,5.41,5.4125,5.41,"same_as_strict (1.0 result, not re-checked)",Define,,OWL,13,3.6.0,2022-07-14T18:16:30.000-07:00,https://bioportal.bioontology.org/ontologies/SWEET
bioportal,SWO,Software Ontology,scored,10.0,5.47,5.47,3.31,10.0,7.194999999999999,7.19,7.194999999999999,7.19,"same_as_strict (1.0 result, not re-checked)",Connection,Biomedical_Resources;Experimental_Conditions,OWL,32,2023-03-05,2023-03-05T18:21:57.000-08:00,https://bioportal.bioontology.org/ontologies/SWO
bioportal,SYMP,Symptom Ontology,scored,9.99,2.98,2.98,3.23,10.0,6.55,6.55,6.55,6.55,"same_as_strict (1.0 result, not re-checked)",Define,Health,OWL,35,2024-05-17,2024-05-18T18:14:52.000+00:00,https://bioportal.bioontology.org/ontologies/SYMP
bioportal,SYRIAN-CINEMA,Syrian Cinema,scored,0.28,0.1,0.1,8.1,7.0,3.87,3.87,3.87,3.87,"same_as_strict (1.0 result, not re-checked)",Define,Other,OWL,3,1.0.0,2023-04-12T00:00:00.000+00:00,https://bioportal.bioontology.org/ontologies/SYRIAN-CINEMA
bioportal,SYRIANDRUGS,Syrian Drugs and medicines,scored,10.0,0.0,0.0,8.29,0.0,4.5725,4.57,4.5725,4.57,"same_as_strict (1.0 result, not re-checked)",Define,Chemical,OWL,1,0.01,2025-01-01T00:00:00.000+00:00,https://bioportal.bioontology.org/ontologies/SYRIANDRUGS
bioportal,T4FS,terms4FAIRskills,scored,10.0,6.03,6.03,6.04,10.0,8.0175,8.02,8.0175,8.02,"same_as_strict (1.0 result, not re-checked)",Define,Other,OWL,2,2025-02-09,2025-02-09T18:13:58.000-08:00,https://bioportal.bioontology.org/ontologies/T4FS
bioportal,TADS,Tick Gross Anatomy Ontology,scored,9.98,6.91,6.91,8.18,10.0,8.7675,8.77,8.7675,8.77,"same_as_strict (1.0 result, not re-checked)",Define,Anatomy;Animal_Gross_Anatomy;Gross_Anatomy,OBO,17,1.21,2015-08-20T18:08:43.000-07:00,https://bioportal.bioontology.org/ontologies/TADS
bioportal,TAO,Teleost Anatomy Ontology,scored,10.0,3.92,3.92,6.93,10.0,7.7125,7.71,7.7125,7.71,"same_as_strict (1.0 result, not re-checked)",Define,Anatomy;Animal_Gross_Anatomy;Fish_Anatomy;Gross_Anatomy,OBO,135,2012-08-10,2015-08-20T00:00:00.000+00:00,https://bioportal.bioontology.org/ontologies/TAO
bioportal,TAON,Therapeutic Antibody Ontology,scored,9.98,0.03,0.03,3.76,10.0,5.9425,5.94,5.9425,5.94,"same_as_strict (1.0 result, not re-checked)",Define,Gene_Product;Immunology;Protein,OWL,2,1.1,2025-02-10T00:00:00.000+00:00,https://bioportal.bioontology.org/ontologies/TAON
bioportal,TARA,TARA Acupoints Ontology,scored,9.99,4.67,4.67,7.24,10.0,7.975,7.98,7.975,7.98,"same_as_strict (1.0 result, not re-checked)",Define,Anatomy;Biomedical_Resources;Vocabularies,OWL,8,1.7.2 - Inferred Ontology,2026-09-09T00:00:00.000+00:00,https://bioportal.bioontology.org/ontologies/TARA
bioportal,TAXRANK,Taxonomic Rank Vocabulary,scored,9.87,0.24,0.24,0.0,7.0,4.2775,4.28,4.2775,4.28,"same_as_strict (1.0 result, not re-checked)",Connection,,OBO,12,unknown,2025-09-24T18:17:10.000-07:00,https://bioportal.bioontology.org/ontologies/TAXRANK
bioportal,TCDO,Traditional Chinese Drug Ontology,scored,9.99,0.36,0.36,4.08,10.0,6.1075,6.11,6.1075,6.11,"same_as_strict (1.0 result, not re-checked)",Define,,OWL,3,0.05,2021-05-30T00:00:00.000+00:00,https://bioportal.bioontology.org/ontologies/TCDO
bioportal,TCO,Thyroid Cancer Ontology,scored,9.98,0.0,6.5,0.0,10.0,4.995,5.0,6.62,6.62,http://www.semanticweb.org/hx-jta/ontologies/thyroid_cancer_ontology#Definition [bioportal_definitionProperty + detected_by_name],Define,Health;Human,OWL,2,1.0,2020-07-02T00:00:00.000+00:00,https://bioportal.bioontology.org/ontologies/TCO
bioportal,TDWGSPEC,TDWG Specimen LSID Ontology,scored,6.47,0.68,0.68,0.0,4.0,2.7874999999999996,2.79,2.7874999999999996,2.79,"same_as_strict (1.0 result, not re-checked)",Connection,Taxonomic_Classification,OWL,1,0.3,2015-07-01T00:00:00.000+00:00,https://bioportal.bioontology.org/ontologies/TDWGSPEC
bioportal,TEDDY,Terminology for the Description of Dynamics,scored,9.94,6.75,6.75,6.71,10.0,8.35,8.35,8.35,8.35,"same_as_strict (1.0 result, not re-checked)",Connection,Other,OWL,11,rel-2014-04-24 (inferred),2014-04-25T00:00:00.000+00:00,https://bioportal.bioontology.org/ontologies/TEDDY
bioportal,TEMPO,TempO,scored,5.0,3.64,3.64,0.0,0.0,2.16,2.16,2.16,2.16,"same_as_strict (1.0 result, not re-checked)",Connection,Other,OWL,4,0.2,2022-05-26T05:00:00.000+00:00,https://bioportal.bioontology.org/ontologies/TEMPO
bioportal,TEO,Time Event Ontology,scored,10.0,4.81,4.81,4.1,10.0,7.227499999999999,7.23,7.227499999999999,7.23,"same_as_strict (1.0 result, not re-checked)",Connection,Other,OWL,4,1.0.8,2012-04-26T00:00:00.000-07:00,https://bioportal.bioontology.org/ontologies/TEO
bioportal,TEPHRAM4MEXAMPLE,Tephra M4M Example,scored,9.17,4.95,4.95,0.0,0.0,3.5300000000000002,3.53,3.5300000000000002,3.53,"same_as_strict (1.0 result, not re-checked)",Connection,Other,SKOS,1,0.1.1,2022-03-31T00:00:00.000+00:00,https://bioportal.bioontology.org/ontologies/TEPHRAM4MEXAMPLE
bioportal,TEST-M4M20-PAV,test-m4m20-subjects-pav,scored,8.0,2.4,2.4,0.0,0.0,2.6,2.6,2.6,2.6,"same_as_strict (1.0 result, not re-checked)",Connection,,SKOS,1,0.1.0,2022-06-08T00:00:00.000+00:00,https://bioportal.bioontology.org/ontologies/TEST-M4M20-PAV
bioportal,TESTEX,test1,scored,10.0,0.0,0.0,0.0,9.0,4.75,4.75,4.75,4.75,"same_as_strict (1.0 result, not re-checked)",Define,Human,OWL,1,0.0.1,2021-04-21T00:00:00.000+00:00,https://bioportal.bioontology.org/ontologies/TESTEX
bioportal,TESTLEARN,testontologyforlearning,scored,6.67,0.0,0.0,0.0,4.0,2.6675,2.67,2.6675,2.67,"same_as_strict (1.0 result, not re-checked)",Define,,OWL,1,,2025-11-02T00:00:00.000+00:00,https://bioportal.bioontology.org/ontologies/TESTLEARN
bioportal,TESTONTOLO,Test_data,no_submission,,,,,,,,,,,,,,-1,,,https://bioportal.bioontology.org/ontologies/TESTONTOLO
bioportal,TEST_A,TEST_A,scored,10.0,0.0,0.0,0.0,9.0,4.75,4.75,4.75,4.75,"same_as_strict (1.0 result, not re-checked)",Define,Other,OWL,1,,2021-04-21T00:00:00.000+00:00,https://bioportal.bioontology.org/ontologies/TEST_A
bioportal,TEST_CBI,test_cbi,scored,8.0,1.33,1.33,1.54,5.0,3.9675000000000002,3.97,3.9675000000000002,3.97,"same_as_strict (1.0 result, not re-checked)",Define,Vocabularies,OWL,1,,2021-02-02T00:00:00.000+00:00,https://bioportal.bioontology.org/ontologies/TEST_CBI
bioportal,TGMA,Mosquito Gross Anatomy Ontology,scored,9.99,6.86,6.86,8.35,10.0,8.8,8.8,8.8,8.8,"same_as_strict (1.0 result, not re-checked)",Define,Anatomy;Animal_Gross_Anatomy;Gross_Anatomy,OBO,17,releases/2013-06-03,2015-08-20T18:08:48.000-07:00,https://bioportal.bioontology.org/ontologies/TGMA
bioportal,THESISDEMO,thesisdemo,scored,9.23,0.28,0.28,4.95,7.0,5.365,5.36,5.365,5.36,same_as_strict,Define,Biomedical_Resources,OWL,1,1.0,2025-01-04T00:00:00.000+00:00,https://bioportal.bioontology.org/ontologies/THESISDEMO
bioportal,THREE-ST,3-Step Theory of suicide,scored,10.0,0.0,0.0,0.0,9.0,4.75,4.75,4.75,4.75,"same_as_strict (1.0 result, not re-checked)",Define,Health;Human,OWL,4,1.0.1,2023-07-07T00:00:00.000+00:00,https://bioportal.bioontology.org/ontologies/THREE-ST
bioportal,TIME,OWL-Time,scored,10.0,3.92,3.92,2.53,7.0,5.8625,5.86,5.8625,5.86,"same_as_strict (1.0 result, not re-checked)",Connection,Other,OWL,4,2017,2020-04-17T18:13:50.000-07:00,https://bioportal.bioontology.org/ontologies/TIME
bioportal,TIMEBANK,Timebank Ontology,scored,9.64,5.74,5.74,5.39,10.0,7.6925,7.69,7.6925,7.69,"same_as_strict (1.0 result, not re-checked)",Connection,Human;Other,OWL,2,0.3,2020-08-05T00:00:00.000+00:00,https://bioportal.bioontology.org/ontologies/TIMEBANK
bioportal,TM-CONST,Traditional Medicine Constitution Value Set,scored,9.52,0.0,0.0,0.0,0.0,2.38,2.38,2.38,2.38,"same_as_strict (1.0 result, not re-checked)",Define,Human,OWL,1,1,2011-01-31T00:00:00.000-08:00,https://bioportal.bioontology.org/ontologies/TM-CONST
bioportal,TM-MER,Traditional Medicine Meridian Value Sets,scored,9.52,0.0,0.0,0.0,0.0,2.38,2.38,2.38,2.38,"same_as_strict (1.0 result, not re-checked)",Define,,OWL,1,1,2011-02-01T00:00:00.000-08:00,https://bioportal.bioontology.org/ontologies/TM-MER
bioportal,TM-OTHER-FACTORS,Traditional Medicine Other Factors Value Set,scored,9.23,0.0,0.0,0.0,0.0,2.3075,2.31,2.3075,2.31,"same_as_strict (1.0 result, not re-checked)",Define,Human,OWL,1,1,2011-01-31T00:00:00.000-08:00,https://bioportal.bioontology.org/ontologies/TM-OTHER-FACTORS
bioportal,TM-SIGNS-AND-SYMPTS,Traditional Medicine Signs and Symptoms Value Set,scored,9.97,0.0,0.0,0.0,0.0,2.4925,2.49,2.4925,2.49,"same_as_strict (1.0 result, not re-checked)",Define,,OWL,1,1,2011-01-31T00:00:00.000-08:00,https://bioportal.bioontology.org/ontologies/TM-SIGNS-AND-SYMPTS
bioportal,TMA,Tissue Microarray Ontology,scored,8.75,2.33,2.33,0.0,6.0,4.27,4.27,4.27,4.27,"same_as_strict (1.0 result, not re-checked)",Connection,Biomedical_Resources;Experimental_Conditions;Other,OWL,1,1.0.0,2010-05-07T00:00:00.000-07:00,https://bioportal.bioontology.org/ontologies/TMA
bioportal,TML,trasformative machine learning metadata,scored,8.12,4.04,4.04,0.0,4.0,4.04,4.04,4.04,4.04,"same_as_strict (1.0 result, not re-checked)",Connection,Other;Vocabularies,OWL,1,0.1,2020-07-21T00:00:00.000+00:00,https://bioportal.bioontology.org/ontologies/TML
bioportal,TMO,Translational Medicine Ontology,scored,9.96,0.16,0.16,0.72,9.0,4.960000000000001,4.96,4.960000000000001,4.96,"same_as_strict (1.0 result, not re-checked)",Define,All_Organisms;Health,OWL,13,1.0.2,2016-05-16T18:27:01.000-07:00,https://bioportal.bioontology.org/ontologies/TMO
bioportal,TOK,Terminological and Ontological Knowledge Resources Ontology,scored,10.0,0.84,0.84,8.27,10.0,7.2775,7.28,7.2775,7.28,"same_as_strict (1.0 result, not re-checked)",Define,Taxonomic_Classification,OWL,3,0.2.1,2010-01-01T00:00:00.000-08:00,https://bioportal.bioontology.org/ontologies/TOK
bioportal,TOP-MENELAS,Menelas Project Top-Level Ontology,scored,9.98,2.81,2.81,0.0,10.0,5.6975,5.7,5.6975,5.7,"same_as_strict (1.0 result, not re-checked)",Connection,,OWL,8,1.0,2018-01-26T00:00:00.000+00:00,https://bioportal.bioontology.org/ontologies/TOP-MENELAS
bioportal,TP4,Oualid,scored,3.75,0.0,0.0,5.96,6.0,3.9275,3.93,3.9275,3.93,"same_as_strict (1.0 result, not re-checked)",Define,Other,OWL,1,,2023-07-02T00:00:00.000+00:00,https://bioportal.bioontology.org/ontologies/TP4
bioportal,TP_REL_FAM,Relation familiales,scored,3.08,0.0,0.0,5.89,7.0,3.9924999999999997,3.99,3.9924999999999997,3.99,"same_as_strict (1.0 result, not re-checked)",Define,Other,OWL,2,,2023-07-02T00:00:00.000+00:00,https://bioportal.bioontology.org/ontologies/TP_REL_FAM
bioportal,TRAK,Taxonomy for Rehabilitation of Knee Conditions,scored,9.99,4.05,4.05,4.79,10.0,7.2075,7.21,7.2075,7.21,"same_as_strict (1.0 result, not re-checked)",Define,Biomedical_Resources,OBO,5,unknown,2015-09-14T00:00:00.000+00:00,https://bioportal.bioontology.org/ontologies/TRAK
bioportal,TRANS,Nurse Transitional,scored,9.81,6.2,6.2,0.6,9.0,6.402500000000001,6.4,6.402500000000001,6.4,"same_as_strict (1.0 result, not re-checked)",Connection,Health,OWL,1,,2015-09-24T00:00:00.000+00:00,https://bioportal.bioontology.org/ontologies/TRANS
bioportal,TRIAGE,Nurse triage,scored,9.09,6.03,6.03,0.0,10.0,6.28,6.28,6.28,6.28,"same_as_strict (1.0 result, not re-checked)",Connection,Health,OWL,2,,2015-09-24T00:00:00.000+00:00,https://bioportal.bioontology.org/ontologies/TRIAGE
bioportal,TRON,Tribolium Ontology,scored,9.99,6.23,6.23,7.97,10.0,8.5475,8.55,8.5475,8.55,"same_as_strict (1.0 result, not re-checked)",Define,Anatomy;Development,OBO,2,unknown,2013-05-20T00:00:00.000-07:00,https://bioportal.bioontology.org/ontologies/TRON
bioportal,TST7,FIELDLAB3_2023,scored,9.0,3.37,3.37,0.0,0.0,3.0925000000000002,3.09,3.0925000000000002,3.09,"same_as_strict (1.0 result, not re-checked)",Connection,,SKOS,3,,2023-11-03T00:00:00.000+00:00,https://bioportal.bioontology.org/ontologies/TST7
bioportal,TTO,Teleost Taxonomy Ontology,scored,10.0,0.0,0.0,5.12,10.0,6.28,6.28,6.28,6.28,"same_as_strict (1.0 result, not re-checked)",Define,Taxonomic_Classification,OWL,44,unknown,2012-07-19T00:00:00.000+00:00,https://bioportal.bioontology.org/ontologies/TTO
bioportal,TXPO,Toxic Process Ontology,scored,10.0,4.4,4.4,5.81,10.0,7.5525,7.55,7.5525,7.55,"same_as_strict (1.0 result, not re-checked)",Define,Biological_Process;Dysfunction,OWL,31,2022/12/07,2022-12-07T00:00:00.000+00:00,https://bioportal.bioontology.org/ontologies/TXPO
bioportal,TYPON,Microbial Typing Ontology,scored,9.78,3.87,3.87,3.19,8.0,6.21,6.21,6.21,6.21,"same_as_strict (1.0 result, not re-checked)",Connection,,OWL,11,20140929,2014-09-29T14:45:25.000-07:00,https://bioportal.bioontology.org/ontologies/TYPON
bioportal,UBERON,Uber Anatomy Ontology,scored,10.0,5.5,5.5,8.56,10.0,8.515,8.52,8.515,8.52,"same_as_strict (1.0 result, not re-checked)",Define,Anatomy;Gross_Anatomy,OWL,355,2023-07-25,2026-06-23T18:13:23.000-07:00,https://bioportal.bioontology.org/ontologies/UBERON
bioportal,UCVA,Unwarranted Clinical Variation Analysis With Local Healthcare Contextual Factors,scored,6.52,4.32,4.32,1.43,10.0,5.5675,5.57,5.5675,5.57,"same_as_strict (1.0 result, not re-checked)",Connection,Biomedical_Resources;Vocabularies,OWL,4,1.2,2026-01-21T00:00:00.000+00:00,https://bioportal.bioontology.org/ontologies/UCVA
bioportal,UGANDA_DISEASES,Uganda_diseases,scored,9.97,0.48,0.48,0.0,0.0,2.6125000000000003,2.61,2.6125000000000003,2.61,"same_as_strict (1.0 result, not re-checked)",Connection,Vocabularies,SKOS,17,7,2021-03-29T00:00:00.000+00:00,https://bioportal.bioontology.org/ontologies/UGANDA_DISEASES
bioportal,UHC-METADATA,UHC Metadata,scored,9.71,0.95,0.95,0.78,10.0,5.359999999999999,5.36,5.359999999999999,5.36,"same_as_strict (1.0 result, not re-checked)",Connection,,OWL,1,v0.0.1,2023-10-03T00:00:00.000+00:00,https://bioportal.bioontology.org/ontologies/UHC-METADATA
bioportal,UMMS,FirstOntologyForUMMS,scored,1.72,0.0,0.0,0.0,9.0,2.68,2.68,2.68,2.68,"same_as_strict (1.0 result, not re-checked)",Define,,OWL,3,0.3,2022-05-22T00:00:00.000+00:00,https://bioportal.bioontology.org/ontologies/UMMS
bioportal,UNIPROT,Uniprot Core Ontology,scored,8.36,2.82,2.82,2.69,10.0,5.967499999999999,5.97,5.967499999999999,5.97,"same_as_strict (1.0 result, not re-checked)",Connection,,OWL,1,v2012-10-03,2012-10-02T00:00:00.000+00:00,https://bioportal.bioontology.org/ontologies/UNIPROT
bioportal,UNITSONT,Units Ontology,scored,10.0,6.0,6.0,0.0,9.0,6.25,6.25,6.25,6.25,"same_as_strict (1.0 result, not re-checked)",Connection,Other,OWL,1,1.0,2010-12-01T00:00:00.000-08:00,https://bioportal.bioontology.org/ontologies/UNITSONT
bioportal,UO,Units of Measurement Ontology,scored,9.98,4.72,4.72,6.09,9.0,7.4475,7.45,7.4475,7.45,"same_as_strict (1.0 result, not re-checked)",Define,Phenotype,OWL,223,2026-07-31,2026-08-01T18:14:06.000-07:00,https://bioportal.bioontology.org/ontologies/UO
bioportal,UPA,Unipathway,scored,10.0,3.23,3.23,9.12,10.0,8.0875,8.09,8.0875,8.09,"same_as_strict (1.0 result, not re-checked)",Define,,OWL,2,UniPathway Release 2015_03,2024-03-07T18:15:34.000-08:00,https://bioportal.bioontology.org/ontologies/UPA
bioportal,UPHENO,Combined Phenotype Ontology,scored,10.0,6.45,6.45,5.44,10.0,7.9725,7.97,7.9725,7.97,"same_as_strict (1.0 result, not re-checked)",Connection,,OWL,9,2025-10-12,2025-10-12T18:14:25.000-07:00,https://bioportal.bioontology.org/ontologies/UPHENO
bioportal,URL,URL ONTOLOGY,scored,4.31,0.09,0.09,6.45,10.0,5.2125,5.21,5.2125,5.21,"same_as_strict (1.0 result, not re-checked)",Define,Upper_Level_Ontology,OWL,2,1.0,2024-09-12T00:00:00.000+00:00,https://bioportal.bioontology.org/ontologies/URL
bioportal,VALUESETS,valuesets,scored,10.0,5.97,5.97,6.87,10.0,8.21,8.21,8.21,8.21,"same_as_strict (1.0 result, not re-checked)",Define,,OWL,4,,2026-02-22T22:37:55.000-08:00,https://bioportal.bioontology.org/ontologies/VALUESETS
bioportal,VANDF,Veterans Health Administration National Drug File,scored,10.0,0.0,0.0,9.37,10.0,7.342499999999999,7.34,7.342499999999999,7.34,"same_as_strict (1.0 result, not re-checked)",Define,Health,UMLS,27,2025_07_31,2025-11-03T00:00:00.000+00:00,https://bioportal.bioontology.org/ontologies/VANDF
bioportal,VARIO,Variation Ontology,scored,9.98,6.44,6.44,6.81,10.0,8.307500000000001,8.31,8.307500000000001,8.31,"same_as_strict (1.0 result, not re-checked)",Define,,OBO,16,2018-11-09,2020-09-04T00:00:00.000+00:00,https://bioportal.bioontology.org/ontologies/VARIO
bioportal,VBO,Vertebrate Breed Ontology,scored,10.0,5.04,5.04,8.48,10.0,8.379999999999999,8.38,8.379999999999999,8.38,"same_as_strict (1.0 result, not re-checked)",Define,,OWL,8,2026-04-15,2026-04-15T18:17:31.000-07:00,https://bioportal.bioontology.org/ontologies/VBO
bioportal,VDOT,Viral Disease Ontology Trunk,scored,10.0,4.67,4.67,2.93,10.0,6.9,6.9,6.9,6.9,"same_as_strict (1.0 result, not re-checked)",Connection,Health;Immunology;Protein,OWL,35,"Initial Version
release date 28/02/2017",2021-01-11T18:14:11.000-08:00,https://bioportal.bioontology.org/ontologies/VDOT
bioportal,VEMO,Veterinary Epidemiology Metadata Ontology,scored,10.0,4.03,4.03,1.8,8.0,5.9575000000000005,5.96,5.9575000000000005,5.96,"same_as_strict (1.0 result, not re-checked)",Connection,,OWL,1,0.2,2026-02-11T00:00:00.000+00:00,https://bioportal.bioontology.org/ontologies/VEMO
bioportal,VEO,Visualized Emotion Ontology,scored,10.0,5.17,5.17,2.12,10.0,6.8225,6.82,6.8225,6.82,"same_as_strict (1.0 result, not re-checked)",Connection,Health;Imaging;Other,OWL,1,0.5,2017-12-27T00:00:00.000+00:00,https://bioportal.bioontology.org/ontologies/VEO
bioportal,VFB_DRIVERS,vfb_drivers,scored,10.0,0.01,0.01,1.83,10.0,5.46,5.46,5.46,5.46,"same_as_strict (1.0 result, not re-checked)",Define,,OWL,233,2026-08-24,2026-08-24T18:17:57.000-07:00,https://bioportal.bioontology.org/ontologies/VFB_DRIVERS
bioportal,VHOG,Vertebrate Homologous Organ Group Ontology,scored,9.99,2.92,2.92,7.26,10.0,7.5425,7.54,7.5425,7.54,"same_as_strict (1.0 result, not re-checked)",Define,Anatomy;Animal_Development;Animal_Gross_Anatomy;Fish_Anatomy;Gross_Anatomy;Human;Human_Developmental_Anatomy;Mouse_Anatomy,OBO,13,unknown,2023-11-21T18:26:04.000-08:00,https://bioportal.bioontology.org/ontologies/VHOG
bioportal,VICO,Vaccination Informed Consent Ontology,scored,9.99,4.11,4.11,8.59,10.0,8.1725,8.17,8.1725,8.17,"same_as_strict (1.0 result, not re-checked)",Define,Health;Immunology,OWL,10,Arbor version; 1.0.52,2016-01-30T18:14:05.000-08:00,https://bioportal.bioontology.org/ontologies/VICO
bioportal,VIDO,Virus Infectious Disease Ontology,scored,10.0,6.15,6.15,3.14,10.0,7.3225,7.32,7.3225,7.32,"same_as_strict (1.0 result, not re-checked)",Connection,Other,OWL,3,10-27-2022,2020-06-05T00:00:00.000+00:00,https://bioportal.bioontology.org/ontologies/VIDO
bioportal,VIMM,In Vitro Methodologies Ontology for MAATrica metric,scored,9.96,0.0,0.0,0.0,8.0,4.49,4.49,4.49,4.49,"same_as_strict (1.0 result, not re-checked)",Define,Cell;Chemical;Experimental_Conditions;Molecule;Subcellular;Vocabularies,OBO,1,,2024-04-21T00:00:00.000+00:00,https://bioportal.bioontology.org/ontologies/VIMM
bioportal,VIO,Vaccine Investigation Ontology,scored,9.88,5.58,5.58,3.75,8.0,6.8025,6.8,6.8025,6.8,"same_as_strict (1.0 result, not re-checked)",Connection,,OWL,1,Vision Release: 1.0.01,2019-04-29T00:00:00.000+00:00,https://bioportal.bioontology.org/ontologies/VIO
bioportal,VIVO,VIVO Ontology for Researcher Discovery,scored,9.86,4.94,4.94,1.26,10.0,6.515000000000001,6.52,6.515000000000001,6.52,http://vitro.mannlib.cornell.edu/ns/vitro/0.7#shortDef [bioportal_definitionProperty],Connection,Other,OWL,3,version 1.7,2012-07-06T00:00:00.000+00:00,https://bioportal.bioontology.org/ontologies/VIVO
bioportal,VIVO-ISF,VIVO-Integrated Semantic Framework,scored,9.91,4.88,4.88,1.17,10.0,6.49,6.49,6.49,6.49,"same_as_strict (1.0 result, not re-checked)",Connection,Other,OWL,1,1.6,2013-12-14T00:00:00.000+00:00,https://bioportal.bioontology.org/ontologies/VIVO-ISF
bioportal,VO,Vaccine Ontology,scored,10.0,2.02,2.02,8.46,10.0,7.62,7.62,7.62,7.62,"same_as_strict (1.0 result, not re-checked)",Define,All_Organisms;Health;Immunology,OWL,309,2026-06-12,2026-06-12T18:20:43.000-07:00,https://bioportal.bioontology.org/ontologies/VO
bioportal,VODANA-GENERAL,VODANATERMS,scored,9.94,3.02,3.02,0.0,0.0,3.2399999999999998,3.24,3.2399999999999998,3.24,"same_as_strict (1.0 result, not re-checked)",Connection,Vocabularies,SKOS,12,8,2021-06-02T00:00:00.000+00:00,https://bioportal.bioontology.org/ontologies/VODANA-GENERAL
bioportal,VODANA-MI,VODANA-MIGRANTS-INTERVIEWS,scored,9.86,6.34,6.34,0.0,0.0,4.05,4.05,4.05,4.05,"same_as_strict (1.0 result, not re-checked)",Connection,Health;Vocabularies,SKOS,3,2.0,2022-01-05T00:00:00.000+00:00,https://bioportal.bioontology.org/ontologies/VODANA-MI
bioportal,VODANA-MIGRANTS,VODANA MIGRANTS VOCABULARY,scored,9.96,5.92,5.92,0.0,0.0,3.97,3.97,3.97,3.97,"same_as_strict (1.0 result, not re-checked)",Connection,Health;Vocabularies,SKOS,1,1,2021-09-13T00:00:00.000+00:00,https://bioportal.bioontology.org/ontologies/VODANA-MIGRANTS
bioportal,VODANA-MPA,VODANA-MIGRANTS-PRESS ARTICLES,scored,9.95,6.0,6.0,0.0,0.0,3.9875,3.99,3.9875,3.99,"same_as_strict (1.0 result, not re-checked)",Connection,Health;Vocabularies,SKOS,3,2,2022-01-04T00:00:00.000+00:00,https://bioportal.bioontology.org/ontologies/VODANA-MPA
bioportal,VODANACOVID,VODANA-COVIDTERMS,scored,9.82,4.72,4.72,0.0,0.0,3.635,3.64,3.635,3.64,"same_as_strict (1.0 result, not re-checked)",Connection,Health,SKOS,4,3.0,2022-01-24T00:00:00.000+00:00,https://bioportal.bioontology.org/ontologies/VODANACOVID
bioportal,VODANADISEASES,VODANADiseases,scored,9.98,0.18,0.18,0.0,0.0,2.54,2.54,2.54,2.54,"same_as_strict (1.0 result, not re-checked)",Connection,Vocabularies,SKOS,3,2.0.1,2021-10-04T00:00:00.000+00:00,https://bioportal.bioontology.org/ontologies/VODANADISEASES
bioportal,VODANAKENYA,VODANA KENYA,scored,9.68,5.56,5.56,0.0,0.0,3.8099999999999996,3.81,3.8099999999999996,3.81,"same_as_strict (1.0 result, not re-checked)",Connection,Vocabularies,SKOS,4,0.1.1,2021-07-22T00:00:00.000+00:00,https://bioportal.bioontology.org/ontologies/VODANAKENYA
bioportal,VODANAMFLCODE,VODANAFACILITIESLIST,scored,9.9,0.07,0.07,0.0,0.0,2.4925,2.49,2.4925,2.49,"same_as_strict (1.0 result, not re-checked)",Connection,Vocabularies,SKOS,4,4.0,2021-08-08T00:00:00.000+00:00,https://bioportal.bioontology.org/ontologies/VODANAMFLCODE
bioportal,VODANANIGERIA,VODANANIGERIA,scored,9.82,2.22,2.22,0.0,0.0,3.0100000000000002,3.01,3.0100000000000002,3.01,"same_as_strict (1.0 result, not re-checked)",Connection,Health,SKOS,3,2.0,2022-02-21T00:00:00.000+00:00,https://bioportal.bioontology.org/ontologies/VODANANIGERIA
bioportal,VODANAUGANDA,VODANAUGANDA,scored,9.75,5.46,5.46,0.0,0.0,3.8025,3.8,3.8025,3.8,"same_as_strict (1.0 result, not re-checked)",Connection,,SKOS,2,2.0,2022-02-10T00:00:00.000+00:00,https://bioportal.bioontology.org/ontologies/VODANAUGANDA
bioportal,VODANETHIOPIA_OR,ETHIOPIA_OUTPATIENT,not_an_ontology,,,,,,,,,,,,Vocabularies,SKOS,4,2,2021-04-11T00:00:00.000+00:00,https://bioportal.bioontology.org/ontologies/VODANETHIOPIA_OR
bioportal,VODAN_ANC,VODAN ANC Vocabulary ,scored,9.97,0.89,0.89,0.0,0.0,2.7150000000000003,2.72,2.7150000000000003,2.72,"same_as_strict (1.0 result, not re-checked)",Connection,Health,SKOS,2,VI,2024-07-25T00:00:00.000+00:00,https://bioportal.bioontology.org/ontologies/VODAN_ANC
bioportal,VRD,Vaccineresearchdata,scored,9.29,6.25,6.25,0.0,7.0,5.635,5.64,5.635,5.64,"same_as_strict (1.0 result, not re-checked)",Connection,,OWL,1,2.0,2023-04-17T00:00:00.000+00:00,https://bioportal.bioontology.org/ontologies/VRD
bioportal,VSAO,Vertebrate Skeletal Anatomy Ontology,scored,9.97,6.11,6.11,7.8,9.0,8.22,8.22,8.22,8.22,"same_as_strict (1.0 result, not re-checked)",Define,Anatomy;Animal_Gross_Anatomy;Fish_Anatomy;Gross_Anatomy,OBO,21,2012-11-06,2018-02-21T18:13:03.000-08:00,https://bioportal.bioontology.org/ontologies/VSAO
bioportal,VSO,Vital Sign Ontology,scored,10.0,3.2,3.2,3.82,9.0,6.505,6.5,6.505,6.5,"same_as_strict (1.0 result, not re-checked)",Define,Health,OWL,1,2012-04-25,2012-04-25T00:00:00.000-07:00,https://bioportal.bioontology.org/ontologies/VSO
bioportal,VT,Vertebrate Trait Ontology,scored,10.0,6.65,6.65,7.68,10.0,8.5825,8.58,8.5825,8.58,"same_as_strict (1.0 result, not re-checked)",Define,,OBO,209,2026-09-09,2026-09-09T00:00:00.000+00:00,https://bioportal.bioontology.org/ontologies/VT
bioportal,VTO,Vertebrate Taxonomy Ontology,scored,10.0,0.01,0.01,2.96,10.0,5.7425,5.74,5.7425,5.74,"same_as_strict (1.0 result, not re-checked)",Define,Taxonomic_Classification,OWL,14,unknown,2020-11-13T18:16:20.000-08:00,https://bioportal.bioontology.org/ontologies/VTO
bioportal,VVMM,In Vivo Methodologies Ontology for MAATrica metric,scored,9.92,0.0,0.0,0.0,6.0,3.98,3.98,3.98,3.98,"same_as_strict (1.0 result, not re-checked)",Define,Anatomy;Biological_Process;Biomedical_Resources;Vocabularies,OBO,1,,2024-04-21T00:00:00.000+00:00,https://bioportal.bioontology.org/ontologies/VVMM
bioportal,VVO,Vitis Vinifera Ontology,scored,10.0,6.92,6.92,5.86,10.0,8.195,8.2,8.195,8.2,"same_as_strict (1.0 result, not re-checked)",Connection,Plant;Plant_Anatomy;Plant_Development;Taxonomic_Classification;Upper_Level_Ontology,OWL,5,2-007,2026-06-25T03:40:38.000+00:00,https://bioportal.bioontology.org/ontologies/VVO
bioportal,WB-BT,C. elegans Gross Anatomy Vocabulary,scored,10.0,5.35,5.35,7.26,10.0,8.1525,8.15,8.1525,8.15,"same_as_strict (1.0 result, not re-checked)",Define,Anatomy;Animal_Gross_Anatomy;Gross_Anatomy,OBO,147,releases/2025-03-26,2025-03-26T18:16:31.000-07:00,https://bioportal.bioontology.org/ontologies/WB-BT
bioportal,WB-LS,C. elegans Development Vocabulary,scored,9.99,7.07,7.07,8.77,8.0,8.4575,8.46,8.4575,8.46,"same_as_strict (1.0 result, not re-checked)",Define,Animal_Development;Development,OBO,50,unknown,2019-02-05T18:14:48.000-08:00,https://bioportal.bioontology.org/ontologies/WB-LS
bioportal,WB-PHENOTYPE,C. elegans Phenotype Vocabulary,scored,10.0,6.77,6.77,7.59,10.0,8.59,8.59,8.59,8.59,"same_as_strict (1.0 result, not re-checked)",Define,Phenotype,OBO,421,2026-04-15,2026-04-15T18:18:24.000-07:00,https://bioportal.bioontology.org/ontologies/WB-PHENOTYPE
bioportal,WC,Whole-cell modeling ontology,scored,9.96,6.08,6.08,0.0,10.0,6.51,6.51,6.51,6.51,"same_as_strict (1.0 result, not re-checked)",Connection,Cell;Molecule;Other,OBO,13,0.0.1,2020-04-14T18:34:48.000-07:00,https://bioportal.bioontology.org/ontologies/WC
bioportal,WEAR,WEAR: Wind Energy mAteRials Taxonomy,scored,9.66,1.13,1.13,0.0,0.0,2.6975,2.7,2.6975,2.7,"same_as_strict (1.0 result, not re-checked)",Connection,,SKOS,1,v0.1.0,2021-10-05T00:00:00.000+00:00,https://bioportal.bioontology.org/ontologies/WEAR
bioportal,WEAVE,WEAVE: Wind Energy ActiVitiEs,scored,9.55,0.26,0.26,0.0,0.0,2.4525,2.45,2.4525,2.45,"same_as_strict (1.0 result, not re-checked)",Connection,,SKOS,2,v0.1.0,2023-05-23T18:29:52.000-07:00,https://bioportal.bioontology.org/ontologies/WEAVE
bioportal,WETAXTOPICS,NEAT: wiNd Energy tAxonomy of Topics,scored,9.86,4.65,4.65,0.0,0.0,3.6275,3.63,3.6275,3.63,"same_as_strict (1.0 result, not re-checked)",Connection,Taxonomic_Classification,SKOS,6,v0.1.1,2021-10-14T18:15:29.000-07:00,https://bioportal.bioontology.org/ontologies/WETAXTOPICS
bioportal,WHO-ART,World Health Organization (WHO) Adverse Reaction Terminology,not_downloadable,,,,,,,,,,,,Health,UMLS,23,WHO97,2024-05-06T00:00:00.000+00:00,https://bioportal.bioontology.org/ontologies/WHO-ART
bioportal,WIKIPATHWAYS,WikiPathways,scored,9.43,4.45,4.45,0.0,9.0,5.72,5.72,5.72,5.72,same_as_strict,Connection,Biological_Process;Vocabularies,OWL,230,2013a,2025-05-23T18:15:12.000-07:00,https://bioportal.bioontology.org/ontologies/WIKIPATHWAYS
bioportal,WSIO,Web-Service Interaction Ontology,scored,9.69,6.25,6.25,7.76,9.0,8.175,8.18,8.175,8.18,"same_as_strict (1.0 result, not re-checked)",Define,Other,OBO,4,beta2,2014-06-19T23:03:00.000-02:00,https://bioportal.bioontology.org/ontologies/WSIO
bioportal,WSM-LIBRARY,MWS,no_submission,,,,,,,,,,,,,,-1,,,https://bioportal.bioontology.org/ontologies/WSM-LIBRARY
bioportal,WWECA,Women with Epilepsy of Child-bearing Age Ontology,scored,9.99,0.02,0.02,0.0,10.0,5.0024999999999995,5.0,5.0024999999999995,5.0,"same_as_strict (1.0 result, not re-checked)",Connection,Neurologic_Disease;Neurological_Disorder,OWL,4,3.0,2024-02-18T00:00:00.000+00:00,https://bioportal.bioontology.org/ontologies/WWECA
bioportal,XAO,Xenopus Anatomy Ontology,scored,9.99,6.32,6.32,9.06,10.0,8.842500000000001,8.84,8.842500000000001,8.84,"same_as_strict (1.0 result, not re-checked)",Define,Anatomy;Development,OBO,33,releases/2024-09-03,2024-09-03T18:19:40.000-07:00,https://bioportal.bioontology.org/ontologies/XAO
bioportal,XCO,Experimental Conditions Ontology,scored,9.99,6.6,6.6,7.45,10.0,8.51,8.51,8.51,8.51,"same_as_strict (1.0 result, not re-checked)",Define,Experimental_Conditions;Phenotype,OBO,254,2026-09-12,2026-09-14T18:17:03.000-07:00,https://bioportal.bioontology.org/ontologies/XCO
bioportal,XEO,XEML Environment Ontology,scored,9.93,3.6,3.6,5.5,10.0,7.2575,7.26,7.2575,7.26,"same_as_strict (1.0 result, not re-checked)",Define,Other,OBO,4,1.6,2012-11-09T00:00:00.000-08:00,https://bioportal.bioontology.org/ontologies/XEO
bioportal,XLMOD,mass spectrometry cross-linking and derivatization reagents,scored,9.99,6.63,6.63,8.67,10.0,8.8225,8.82,8.8225,8.82,"same_as_strict (1.0 result, not re-checked)",Define,Genomic_and_Proteomic,OBO,4,release/2019-10-28,2021-03-24T18:30:42.000-07:00,https://bioportal.bioontology.org/ontologies/XLMOD
bioportal,XPO,Xenopus Phenotype Ontology,scored,10.0,5.98,5.98,7.67,10.0,8.4125,8.41,8.4125,8.41,"same_as_strict (1.0 result, not re-checked)",Define,Phenotype,OWL,12,2025-07-25,2025-09-09T09:38:24.000-07:00,https://bioportal.bioontology.org/ontologies/XPO
bioportal,XREF-FUNDER-REG,CrossRef Funder Registry,scored,10.0,0.0,0.0,0.0,0.0,2.5,2.5,2.5,2.5,"same_as_strict (1.0 result, not re-checked)",Define,Other,SKOS,34,,2026-08-14T18:20:33.000-07:00,https://bioportal.bioontology.org/ontologies/XREF-FUNDER-REG
bioportal,YOGA,Yoga Ontology,scored,9.44,2.44,2.44,0.0,6.0,4.47,4.47,4.47,4.47,"same_as_strict (1.0 result, not re-checked)",Connection,,OWL,1,0.1,2020-07-16T00:00:00.000+00:00,https://bioportal.bioontology.org/ontologies/YOGA
bioportal,YUNPING,yunping,parse_failed,,,,,,,,,,,,Vocabularies,OWL,1,,2025-04-22T00:00:00.000+00:00,https://bioportal.bioontology.org/ontologies/YUNPING
bioportal,ZEA,Maize Gross Anatomy Ontology,scored,9.94,4.99,4.99,7.34,10.0,8.067499999999999,8.07,8.067499999999999,8.07,"same_as_strict (1.0 result, not re-checked)",Define,Plant_Anatomy,OBO,2,1.2,2006-12-07T00:00:00.000-08:00,https://bioportal.bioontology.org/ontologies/ZEA
bioportal,ZECO,Zebrafish Experimental Conditions Ontology,scored,9.94,4.89,4.89,0.09,10.0,6.2299999999999995,6.23,6.2299999999999995,6.23,"same_as_strict (1.0 result, not re-checked)",Connection,Experimental_Conditions,OWL,10,2022-02-14,2022-02-14T18:16:27.000-08:00,https://bioportal.bioontology.org/ontologies/ZECO
bioportal,ZFA,Zebrafish Anatomy and Development Ontology,scored,10.0,5.67,5.67,8.96,10.0,8.6575,8.66,8.6575,8.66,"same_as_strict (1.0 result, not re-checked)",Define,Anatomy;Animal_Gross_Anatomy;Fish_Anatomy;Gross_Anatomy,OBO,255,2026-07-16,2026-07-16T18:20:42.000-07:00,https://bioportal.bioontology.org/ontologies/ZFA
bioportal,ZFS,Zebrafish Developmental Stages,scored,10.0,5.67,5.67,8.96,10.0,8.6575,8.66,8.6575,8.66,"same_as_strict (1.0 result, not re-checked)",Define,Anatomy,OWL,171,2026-07-16,2026-07-16T18:20:48.000-07:00,https://bioportal.bioontology.org/ontologies/ZFS
bioportal,ZONMW-ADMIN-MD,ZonMW Administrative Metadata Vocabulary,scored,9.96,0.39,0.39,0.0,0.0,2.5875000000000004,2.59,2.5875000000000004,2.59,"same_as_strict (1.0 result, not re-checked)",Connection,,SKOS,13,1.2.0a,2021-02-08T00:00:00.000+00:00,https://bioportal.bioontology.org/ontologies/ZONMW-ADMIN-MD
bioportal,ZONMW-CONTENT,ZonMW COVID-19,scored,9.96,2.76,2.76,0.0,0.0,3.18,3.18,3.18,3.18,"same_as_strict (1.0 result, not re-checked)",Connection,,SKOS,37,2.4.0,2022-01-01T00:00:00.000+00:00,https://bioportal.bioontology.org/ontologies/ZONMW-CONTENT
bioportal,ZONMW-GENERIC,ZonMw Generic Terms,scored,9.94,2.78,2.78,0.0,0.0,3.1799999999999997,3.18,3.1799999999999997,3.18,"same_as_strict (1.0 result, not re-checked)",Connection,Other,SKOS,21,1.5.0,2022-05-25T00:00:00.000+00:00,https://bioportal.bioontology.org/ontologies/ZONMW-GENERIC
bioportal,ZP,Zebrafish Phenotype Ontology,scored,10.0,5.28,5.28,6.85,10.0,8.0325,8.03,8.0325,8.03,"same_as_strict (1.0 result, not re-checked)",Define,Phenotype,OWL,5,2024-04-18,2024-04-18T18:17:05.000+00:00,https://bioportal.bioontology.org/ontologies/ZP
bioportal,pseudo,Pseudogene,scored,9.58,0.96,0.96,1.92,8.0,5.115,5.12,5.115,5.12,"same_as_strict (1.0 result, not re-checked)",Define,,OBO,1,0.1,2008-10-28T00:00:00.000-07:00,https://bioportal.bioontology.org/ontologies/pseudo
bioportal,suicideo,suicideonto,scored,9.94,4.89,4.89,1.78,10.0,6.6525,6.65,6.6525,6.65,"same_as_strict (1.0 result, not re-checked)",Connection,Other,OWL,1,2,2013-08-26T00:00:00.000-07:00,https://bioportal.bioontology.org/ontologies/suicideo
