acronym,eval_status,eval_bytes,triple_count,entities,classes,individuals,bp_classes,sniffed_format,parse_format,eval_seconds,wall_seconds,parent_peak_rss_mb,gpu_peak_allocated_mb,define_device,define_defined,time_sniff,time_parse,time_identity,time_index,time_stats,time_describe,time_define,time_connection,time_flat,time_entities_table,time_total,time_write_outputs,time_define_bp,define_seconds_encode_labels,define_seconds_encode_definitions,download_seconds
ABA-AMB,done,817786.0,7095.0,914.0,914.0,0.0,913.0,xml,xml,0.553,0.553,0.0,451.6,cuda,1.0,0.0,0.245,0.001,0.018,0.001,0.002,0.016,0.001,0.003,0.003,0.426,0.013,,0.007,0.007,0.388
ABD,done,888412.0,10419.0,1446.0,1446.0,0.0,1445.0,xml,xml,0.632,0.632,0.0,451.4,cuda,2.0,0.0,0.29,0.001,0.028,0.001,0.003,0.019,0.005,0.01,0.005,0.503,0.016,,0.007,0.008,0.391
ACESO,done,188270.0,1670.0,297.0,297.0,0.0,296.0,xml,xml,0.3,0.3,0.0,450.7,,0.0,0.0,0.051,0.001,0.004,0.0,0.001,0.0,0.001,0.002,0.001,0.188,0.006,,,,0.191
ACGT-MO,done,1417003.0,13381.0,1815.0,1770.0,45.0,1770.0,xml,xml,1.109,1.109,1679.5,982.1,cuda,340.0,0.0,0.445,0.001,0.171,0.002,0.003,0.162,0.005,0.008,0.005,0.963,0.023,,0.034,0.121,0.563
ACVD_ONTOLOGY,done,2026065.0,21112.0,1720.0,1720.0,0.0,1719.0,xml,xml,1.181,1.181,1694.3,450.7,,0.0,0.0,0.788,0.002,0.062,0.002,0.006,0.003,0.001,0.006,0.006,1.043,0.017,,,,0.945
AD-CDO,done,189423.0,1427.0,292.0,292.0,0.0,291.0,xml,xml,0.3,0.3,0.0,450.7,,0.0,0.0,0.049,0.001,0.004,0.0,0.001,0.0,0.0,0.001,0.001,0.182,0.006,,,,0.211
AD-DROP,done,133543.0,997.0,88.0,26.0,62.0,25.0,xml,xml,0.316,0.316,0.0,469.0,cuda,5.0,0.0,0.036,0.001,0.003,0.0,0.0,0.018,0.0,0.0,0.001,0.189,0.006,,0.009,0.008,0.552
ADALAB,done,602109.0,5071.0,463.0,461.0,2.0,460.0,xml,xml,0.681,0.681,0.0,983.1,cuda,402.0,0.0,0.171,0.001,0.014,0.001,0.002,0.211,0.001,0.002,0.002,0.542,0.013,,0.059,0.146,0.349
ADALAB-META,done,195703.0,1650.0,88.0,78.0,10.0,78.0,xml,xml,0.333,0.333,0.0,572.0,cuda,29.0,0.0,0.055,0.001,0.004,0.0,0.0,0.034,0.0,0.001,0.001,0.221,0.006,,0.01,0.022,0.261
ADAR,done,9098624.0,62672.0,1401.0,791.0,610.0,791.0,xml,xml,3.327,3.327,1802.5,981.7,cuda,210.0,0.0,2.343,0.006,0.371,0.002,0.004,0.149,0.014,0.004,0.005,3.162,0.019,,0.03,0.113,3.08
ADCAD,done,44923.0,409.0,68.0,68.0,0.0,67.0,xml,xml,0.272,0.272,0.0,450.7,,0.0,0.0,0.015,0.0,0.001,0.0,0.0,0.0,0.0,0.001,0.001,0.14,0.005,,,,0.191
ADHER_INTCARE_EN,done,428766.0,2424.0,265.0,265.0,0.0,264.0,xml,xml,0.49,0.49,0.0,981.6,cuda,159.0,0.0,0.079,0.001,0.006,0.0,0.001,0.141,0.001,0.002,0.001,0.362,0.01,,0.026,0.108,0.28
ADHER_INTCARE_SP,done,514322.0,2638.0,266.0,266.0,0.0,265.0,xml,xml,0.555,0.555,0.0,979.8,cuda,230.0,0.0,0.087,0.001,0.007,0.0,0.001,0.195,0.001,0.002,0.001,0.427,0.009,,0.033,0.153,0.301
ADICAP,done,5608244.0,63509.0,10073.0,9800.0,273.0,9800.0,xml,xml,3.421,3.421,1772.4,981.8,cuda,229.0,0.0,2.199,0.005,0.41,0.012,0.038,0.165,0.011,0.032,0.037,3.187,0.087,,0.03,0.114,1.957
ADMIN,done,93597.0,669.0,103.0,44.0,59.0,44.0,xml,xml,0.317,0.317,0.0,620.1,cuda,96.0,0.0,0.025,0.001,0.002,0.0,0.0,0.042,0.0,0.0,0.001,0.193,0.006,,0.011,0.029,0.335
ADMO,done,11214786.0,127673.0,10944.0,10944.0,0.0,10943.0,xml,xml,6.303,6.303,1860.9,473.8,cuda,31.0,0.001,4.564,0.008,0.692,0.013,0.028,0.036,0.084,0.118,0.042,6.058,0.096,,0.01,0.009,3.792
ADO,done,5670411.0,42936.0,1964.0,1964.0,0.0,1963.0,xml,xml,2.598,2.598,1758.7,1008.5,cuda,1170.0,0.0,1.466,0.0,0.125,0.003,0.015,0.58,0.003,0.009,0.008,2.424,0.034,,0.111,0.452,1.96
ADW,done,275395.0,2188.0,369.0,365.0,4.0,364.0,xml,xml,0.482,0.482,0.0,981.6,cuda,185.0,0.0,0.076,0.001,0.006,0.0,0.001,0.128,0.001,0.002,0.002,0.344,0.01,,0.022,0.103,0.197
AEO,done,546134.0,4807.0,431.0,431.0,0.0,430.0,xml,xml,0.57,0.57,0.0,937.8,cuda,235.0,0.0,0.167,0.0,0.013,0.001,0.002,0.119,0.001,0.002,0.002,0.441,0.01,,0.022,0.093,0.358
AERO,done,1018803.0,9820.0,524.0,497.0,27.0,497.0,xml,xml,0.81,0.81,0.0,982.0,cuda,306.0,0.0,0.294,0.001,0.027,0.001,0.002,0.167,0.003,0.004,0.002,0.655,0.013,,0.037,0.125,0.451
AFO,done,4859479.0,49396.0,3697.0,3641.0,56.0,3641.0,xml,xml,3.723,3.723,1752.2,991.9,cuda,3674.0,0.001,1.724,0.0,0.323,0.006,0.017,1.168,0.014,0.024,0.012,3.529,0.07,,0.301,0.827,1.772
AFPO,done,1521531.0,18170.0,493.0,474.0,19.0,473.0,xml,xml,1.141,1.141,1684.2,809.6,cuda,337.0,0.0,0.534,0.0,0.175,0.001,0.004,0.126,0.007,0.007,0.002,1.01,0.012,,0.03,0.092,0.622
AGRO,done,8168560.0,81505.0,4437.0,4163.0,274.0,4163.0,xml,xml,5.1,5.1,1804.7,989.6,cuda,2884.0,0.001,2.975,0.0,0.48,0.007,0.015,0.993,0.034,0.038,0.017,4.881,0.068,,0.266,0.69,2.78
AGROCYMAC,done,134289.0,959.0,160.0,14.0,146.0,13.0,xml,xml,0.285,0.285,0.0,450.7,,0.0,0.0,0.034,0.001,0.003,0.0,0.0,0.0,0.001,0.0,0.001,0.166,0.006,,,,0.267
AGROMOP,done,57941.0,316.0,67.0,10.0,57.0,9.0,xml,xml,0.253,0.253,0.0,450.7,,0.0,0.0,0.011,0.001,0.001,0.0,0.0,0.0,0.0,0.0,0.001,0.137,0.005,,,,0.204
AHOL,done,432807.0,4634.0,340.0,340.0,0.0,339.0,xml,xml,0.412,0.412,0.0,451.6,cuda,1.0,0.001,0.14,0.001,0.012,0.001,0.001,0.015,0.002,0.004,0.002,0.307,0.008,,0.007,0.007,0.238
AHSO,done,49589.0,519.0,39.0,39.0,0.0,38.0,xml,xml,0.258,0.258,0.0,450.7,,0.0,0.0,0.016,0.001,0.001,0.0,0.0,0.0,0.0,0.0,0.001,0.145,0.005,,,,0.237
AI,done,592763.0,5582.0,444.0,444.0,0.0,444.0,xml,xml,0.663,0.663,0.0,983.1,cuda,443.0,0.0,0.161,0.0,0.014,0.001,0.002,0.218,0.002,0.002,0.002,0.535,0.013,,0.042,0.168,0.298
AI-RHEUM,done,408735.0,5968.0,809.0,809.0,0.0,808.0,turtle,turtle,0.584,0.584,0.0,981.6,cuda,160.0,0.001,0.157,0.001,0.016,0.001,0.001,0.13,0.002,0.004,0.003,0.452,0.013,,0.028,0.096,0.628
AIDENTIFYAGE,done,2532007.0,23963.0,1669.0,1446.0,223.0,1445.0,xml,xml,1.333,1.333,1698.9,981.7,cuda,191.0,0.0,0.786,0.002,0.066,0.002,0.004,0.125,0.009,0.012,0.006,1.187,0.019,,0.022,0.098,0.953
AIO,done,595982.0,5603.0,443.0,443.0,0.0,443.0,xml,xml,0.665,0.665,0.0,983.1,cuda,442.0,0.0,0.163,0.0,0.015,0.001,0.002,0.218,0.002,0.002,0.002,0.538,0.013,,0.042,0.169,0.31
AIRCHSITETEST,done,48447.0,463.0,78.0,77.0,1.0,2.0,xml,xml,0.269,0.269,0.0,451.2,cuda,1.0,0.0,0.016,0.001,0.001,0.0,0.0,0.014,0.0,0.0,0.001,0.159,0.006,,0.007,0.006,0.28
AISM,done,28607215.0,352921.0,7462.0,7444.0,18.0,7443.0,xml,xml,18.292,18.292,2226.3,1050.1,cuda,6906.0,0.001,11.322,0.0,2.325,0.014,0.053,2.623,0.148,0.158,0.032,17.897,0.131,,0.771,1.761,9.51
ALLERGIDOC,done,438512.0,3563.0,1172.0,1139.0,33.0,1138.0,xml,xml,0.397,0.397,0.0,450.7,,0.0,0.001,0.115,0.0,0.01,0.001,0.002,0.002,0.001,0.004,0.004,0.271,0.013,,,,0.287
ALLERGYDETECTOR,done,161451.0,1224.0,173.0,12.0,161.0,12.0,xml,xml,0.333,0.333,0.0,579.0,cuda,61.0,0.0,0.039,0.001,0.004,0.0,0.0,0.038,0.001,0.0,0.001,0.211,0.007,,0.012,0.024,0.27
ALTPROTON,done,518804.0,5745.0,355.0,279.0,76.0,278.0,xml,xml,0.522,0.522,0.0,904.0,cuda,109.0,0.0,0.153,0.0,0.015,0.001,0.001,0.082,0.001,0.002,0.002,0.393,0.009,,0.011,0.068,0.335
AMINO-ACID,done,142535.0,1374.0,47.0,47.0,0.0,46.0,xml,xml,0.301,0.301,0.0,450.7,,0.0,0.0,0.039,0.001,0.004,0.0,0.0,0.0,0.001,0.001,0.001,0.17,0.005,,,,0.135
AMPHX,done,817243.0,9437.0,404.0,404.0,0.0,403.0,xml,xml,0.585,0.585,0.0,478.5,cuda,35.0,0.0,0.276,0.0,0.024,0.0,0.002,0.02,0.005,0.006,0.002,0.474,0.008,,0.009,0.009,0.39
ANCO,done,17499.0,126.0,10.0,10.0,0.0,9.0,xml,xml,0.285,0.285,0.0,451.1,cuda,1.0,0.0,0.005,0.001,0.0,0.0,0.0,0.031,0.0,0.0,0.001,0.16,0.005,,0.015,0.015,0.206
AO,done,147884.0,1177.0,290.0,290.0,0.0,289.0,xml,xml,0.339,0.339,0.0,456.0,cuda,3.0,0.0,0.043,0.001,0.004,0.0,0.001,0.02,0.0,0.001,0.002,0.207,0.007,,0.009,0.01,0.181
APACOMPUTER,done,39672.0,230.0,115.0,115.0,0.0,114.0,xml,xml,0.268,0.268,0.0,450.7,,0.0,0.0,0.009,0.0,0.001,0.0,0.0,0.0,0.0,0.001,0.001,0.145,0.006,,,,0.173
APADISORDERS,done,284805.0,1646.0,823.0,823.0,0.0,822.0,xml,xml,0.317,0.317,0.0,450.7,,0.0,0.0,0.058,0.0,0.004,0.001,0.002,0.001,0.001,0.002,0.003,0.195,0.01,,,,0.211
APAEDUCLUSTER,done,178639.0,1020.0,510.0,510.0,0.0,509.0,xml,xml,0.3,0.3,0.0,450.7,,0.0,0.0,0.037,0.0,0.003,0.0,0.001,0.001,0.0,0.002,0.002,0.171,0.008,,,,0.153
APANEUROCLUSTER,done,169611.0,1004.0,502.0,502.0,0.0,501.0,xml,xml,0.298,0.298,0.0,450.7,,0.0,0.0,0.036,0.0,0.003,0.0,0.001,0.001,0.0,0.002,0.002,0.171,0.007,,,,0.145
APAOCUEMPLOY,done,163364.0,898.0,449.0,449.0,0.0,448.0,xml,xml,0.285,0.285,0.0,450.7,,0.0,0.0,0.032,0.0,0.003,0.0,0.001,0.001,0.0,0.002,0.002,0.165,0.007,,,,0.176
APASTATISTICAL,done,50802.0,282.0,141.0,141.0,0.0,140.0,xml,xml,0.254,0.254,0.0,450.7,,0.0,0.0,0.011,0.0,0.001,0.0,0.0,0.0,0.0,0.001,0.001,0.135,0.005,,,,0.137
APATANDT,done,75867.0,418.0,209.0,209.0,0.0,208.0,xml,xml,0.253,0.253,0.0,450.7,,0.0,0.0,0.016,0.0,0.001,0.0,0.001,0.0,0.0,0.001,0.001,0.14,0.006,,,,0.145
APATREATMENT,done,165081.0,962.0,481.0,481.0,0.0,480.0,xml,xml,0.284,0.284,0.0,450.7,,0.0,0.0,0.034,0.0,0.003,0.0,0.001,0.001,0.0,0.002,0.002,0.166,0.007,,,,0.197
APO,done,812588.0,7356.0,620.0,620.0,0.0,619.0,xml,xml,0.712,0.712,0.0,982.0,cuda,306.0,0.0,0.252,0.0,0.019,0.001,0.003,0.149,0.001,0.002,0.003,0.566,0.013,,0.036,0.108,0.456
APOLLO-SV,done,2874142.0,28535.0,1723.0,1701.0,22.0,1701.0,xml,xml,2.01,2.01,1718.4,984.2,cuda,1047.0,0.0,0.97,0.0,0.23,0.003,0.007,0.433,0.008,0.011,0.006,1.85,0.028,,0.097,0.321,1.114
ARCRC,done,134744.0,984.0,99.0,96.0,3.0,95.0,xml,xml,0.332,0.332,0.0,649.4,cuda,80.0,0.0,0.037,0.0,0.003,0.0,0.001,0.048,0.0,0.001,0.001,0.215,0.006,,0.011,0.035,0.263
ARO,done,13804648.0,163645.0,9052.0,9052.0,0.0,9051.0,xml,xml,10.677,10.677,1919.7,1056.4,cuda,9051.0,0.0,5.528,0.01,0.876,0.016,0.048,3.102,0.077,0.059,0.037,10.347,0.157,,0.926,2.07,4.648
ASDPTO,done,234318.0,1722.0,285.0,285.0,0.0,284.0,xml,xml,0.483,0.483,0.0,849.8,cuda,284.0,0.0,0.065,0.001,0.005,0.0,0.001,0.137,0.0,0.001,0.002,0.352,0.01,,0.033,0.1,0.159
ASPECT,done,152263.0,1629.0,146.0,146.0,0.0,2.0,xml,xml,0.441,0.441,0.0,981.5,cuda,137.0,0.0,0.053,0.001,0.004,0.0,0.001,0.13,0.0,0.0,0.001,0.319,0.007,,0.027,0.101,0.291
ASSAYNODE,done,36863.0,300.0,49.0,49.0,0.0,48.0,xml,xml,0.397,0.397,0.0,605.4,cuda,37.0,0.0,0.011,0.0,0.001,0.0,0.0,0.129,0.0,0.0,0.001,0.264,0.006,,0.025,0.103,0.098
ATC,done,8769002.0,77279.0,7030.0,7030.0,0.0,7024.0,xml,xml,4.579,4.579,1798.1,453.1,cuda,4.0,0.0,3.342,0.007,0.486,0.012,0.027,0.035,0.045,0.025,0.03,4.372,0.059,,0.008,0.009,2.994
ATO,done,7305048.0,73918.0,6136.0,6136.0,0.0,6135.0,xml,xml,3.879,3.879,1789.0,450.7,,0.0,0.001,2.822,0.005,0.443,0.007,0.027,0.009,0.033,0.041,0.022,3.701,0.042,,,,2.504
ATOL,done,6395778.0,56707.0,2353.0,2353.0,0.0,2352.0,xml,xml,2.901,2.901,1767.7,450.7,,0.0,0.0,2.295,0.005,0.172,0.004,0.012,0.003,0.002,0.008,0.008,2.753,0.019,,,,2.236
ATOM,done,126418.0,947.0,98.0,94.0,4.0,93.0,xml,xml,0.396,0.396,0.0,588.6,cuda,33.0,0.0,0.032,0.001,0.003,0.0,0.0,0.116,0.0,0.001,0.001,0.283,0.006,,0.022,0.092,0.147
AURA,done,176071554.0,1091651.0,28031.0,27397.0,634.0,27396.0,xml,xml,42.422,42.422,3482.8,450.7,,0.0,0.0,30.285,0.1,6.682,0.031,0.088,0.048,0.664,0.151,0.099,41.664,0.169,,,,57.584
AZDONTO,done,74246.0,635.0,28.0,28.0,0.0,27.0,xml,xml,0.286,0.286,0.0,451.8,cuda,2.0,0.0,0.021,0.001,0.002,0.0,0.0,0.017,0.0,0.001,0.001,0.164,0.005,,0.008,0.007,0.203
BAO,done,12924540.0,121254.0,7918.0,7918.0,0.0,7918.0,xml,xml,8.518,8.518,1861.7,1046.0,cuda,5507.0,0.0,4.539,0.0,0.657,0.012,0.046,2.424,0.016,0.039,0.031,8.235,0.125,,0.556,1.794,4.418
BAO-GPCR,done,979449.0,9689.0,904.0,904.0,0.0,904.0,xml,xml,1.054,1.054,1647.0,983.7,cuda,41.0,0.0,0.306,0.0,0.027,0.001,0.003,0.041,0.001,0.004,0.004,0.918,0.016,0.382,0.009,0.028,0.449
BBO,done,3177609.0,23135.0,2561.0,2192.0,369.0,2192.0,xml,xml,2.015,2.015,1724.2,987.5,cuda,2198.0,0.0,0.829,0.0,0.067,0.004,0.009,0.725,0.005,0.01,0.009,1.832,0.048,,0.185,0.514,1.156
BCGO,done,369697.0,3016.0,314.0,133.0,181.0,133.0,xml,xml,0.412,0.412,0.0,501.2,cuda,30.0,0.0,0.1,0.001,0.008,0.0,0.001,0.024,0.001,0.002,0.002,0.269,0.008,,0.011,0.012,0.204
BCI-O,done,958865.0,6944.0,188.0,182.0,6.0,182.0,xml,xml,0.635,0.635,0.0,981.6,cuda,155.0,0.0,0.213,0.001,0.019,0.001,0.001,0.121,0.002,0.002,0.001,0.511,0.009,,0.025,0.092,0.453
BCIO,done,2030019.0,18380.0,2524.0,2524.0,0.0,2524.0,xml,xml,1.872,1.872,1688.4,988.5,cuda,2513.0,0.0,0.678,0.0,0.051,0.003,0.008,0.773,0.003,0.01,0.009,1.709,0.05,,0.228,0.515,0.736
BCLION,done,14862.0,115.0,31.0,31.0,0.0,30.0,xml,xml,0.248,0.248,0.0,450.7,,0.0,0.0,0.004,0.001,0.0,0.0,0.0,0.0,0.0,0.0,0.001,0.129,0.005,,,,0.117
BCO,done,935709.0,7603.0,289.0,254.0,35.0,254.0,xml,xml,0.683,0.683,0.0,981.7,cuda,202.0,0.0,0.247,0.0,0.021,0.001,0.001,0.126,0.001,0.002,0.002,0.542,0.01,,0.024,0.098,0.418
BCON,done,34261.0,287.0,67.0,67.0,0.0,66.0,xml,xml,0.253,0.253,0.0,450.7,,0.0,0.0,0.009,0.001,0.001,0.0,0.0,0.0,0.0,0.001,0.001,0.135,0.006,,,,0.159
BCS7,done,25454.0,245.0,23.0,23.0,0.0,22.0,xml,xml,0.253,0.253,0.0,450.7,,0.0,0.0,0.008,0.001,0.001,0.0,0.0,0.0,0.0,0.0,0.001,0.133,0.005,,,,0.184
BCS8,done,983686.0,17192.0,32.0,32.0,0.0,31.0,xml,xml,0.791,0.791,0.0,450.7,,0.0,0.0,0.351,0.001,0.171,0.0,0.0,0.0,0.006,0.001,0.001,0.681,0.006,,,,0.411
BCSR-ONTO,done,161833.0,1545.0,148.0,34.0,114.0,34.0,xml,xml,0.333,0.333,0.0,468.6,cuda,8.0,0.0,0.049,0.001,0.004,0.0,0.0,0.019,0.001,0.0,0.001,0.201,0.006,,0.01,0.008,0.243
BCTEO,done,420244.0,3789.0,254.0,254.0,0.0,253.0,xml,xml,0.556,0.556,0.0,981.8,cuda,242.0,0.0,0.124,0.001,0.01,0.0,0.001,0.149,0.002,0.002,0.002,0.422,0.01,,0.028,0.117,0.258
BCTT,done,37494.0,333.0,110.0,110.0,0.0,110.0,xml,xml,0.254,0.254,0.0,450.7,,0.0,0.0,0.013,0.001,0.001,0.0,0.0,0.0,0.0,0.001,0.001,0.143,0.005,,,,0.168
BDO,done,3780616.0,45836.0,3668.0,3668.0,0.0,3668.0,xml,xml,2.362,2.362,1748.9,579.2,cuda,32.0,0.0,1.573,0.003,0.303,0.004,0.009,0.041,0.025,0.018,0.013,2.208,0.032,,0.009,0.025,1.347
BDPM,done,95150254.0,762910.0,41603.0,41330.0,273.0,41330.0,xml,xml,38.192,38.192,2825.8,981.8,cuda,238.0,0.001,28.418,0.054,4.791,0.063,0.392,0.335,0.13,0.299,0.201,37.369,0.34,,0.145,0.113,31.203
BE,done,984363.0,8937.0,443.0,443.0,0.0,442.0,xml,xml,0.618,0.618,0.0,450.7,,0.0,0.0,0.317,0.001,0.024,0.001,0.002,0.001,0.001,0.002,0.002,0.491,0.007,,,,0.425
BERO,done,962756318.0,11075906.0,392586.0,392307.0,279.0,392307.0,xml,xml,615.318,615.318,18126.2,1609.9,cuda,197976.0,0.0,361.553,0.0,76.967,0.796,3.606,108.705,5.71,4.127,2.461,603.791,4.688,,28.233,76.61,314.366
BERVO,done,3887596.0,34856.0,2368.0,2368.0,0.0,2367.0,xml,xml,3.328,3.328,1731.4,1028.5,cuda,2364.0,0.0,1.176,0.0,0.251,0.005,0.017,1.47,0.002,0.008,0.01,3.136,0.049,,0.275,1.148,1.356
BFLC,done,28135.0,336.0,35.0,35.0,0.0,261.0,xml,xml,0.27,0.27,0.0,490.6,cuda,28.0,0.0,0.011,0.0,0.001,0.0,0.0,0.023,0.0,0.0,0.001,0.158,0.006,,0.01,0.011,0.513
BFO,done,171007.0,1268.0,36.0,36.0,0.0,35.0,xml,xml,0.31,0.31,0.0,471.6,cuda,8.0,0.0,0.041,0.0,0.004,0.0,0.0,0.019,0.0,0.0,0.001,0.194,0.005,,0.009,0.008,0.256
BFPO,done,100401.0,991.0,74.0,74.0,0.0,74.0,xml,xml,0.316,0.316,0.0,549.6,cuda,73.0,0.0,0.032,0.001,0.003,0.0,0.0,0.03,0.0,0.001,0.001,0.192,0.006,,0.009,0.019,0.193
BHN,done,1230092.0,11814.0,2535.0,2535.0,0.0,2534.0,xml,xml,0.871,0.871,0.0,450.7,,0.0,0.0,0.399,0.001,0.157,0.002,0.006,0.003,0.002,0.007,0.007,0.726,0.023,,,,0.518
BHO,done,668150.0,6536.0,544.0,544.0,0.0,544.0,xml,xml,0.555,0.555,0.0,730.4,cuda,77.0,0.0,0.194,0.001,0.016,0.001,0.001,0.059,0.003,0.005,0.002,0.413,0.01,,0.012,0.044,0.387
BIBFRAME,done,423731.0,4606.0,217.0,217.0,0.0,206.0,xml,xml,0.491,0.491,0.0,713.0,cuda,214.0,0.0,0.137,0.0,0.011,0.001,0.001,0.075,0.0,0.001,0.001,0.358,0.009,,0.019,0.053,0.326
BIBLIOTEK-O,done,300343.0,2668.0,309.0,279.0,30.0,278.0,xml,xml,0.475,0.475,0.0,826.8,cuda,285.0,0.0,0.085,0.0,0.007,0.001,0.001,0.12,0.0,0.001,0.002,0.345,0.01,,0.029,0.087,0.199
BIFO,done,70695.0,470.0,79.0,79.0,0.0,78.0,xml,xml,0.304,0.304,0.0,549.8,cuda,49.0,0.0,0.017,0.001,0.001,0.0,0.0,0.03,0.0,0.001,0.001,0.172,0.006,,0.009,0.019,0.282
BIM,done,103503.0,725.0,159.0,125.0,34.0,125.0,xml,xml,0.395,0.395,0.0,561.4,cuda,47.0,0.0,0.026,0.001,0.002,0.0,0.0,0.103,0.0,0.001,0.001,0.261,0.007,,0.025,0.077,0.133
BIN,done,240208.0,1755.0,139.0,139.0,0.0,138.0,xml,xml,0.444,0.444,0.0,981.5,cuda,138.0,0.0,0.063,0.001,0.005,0.0,0.001,0.115,0.0,0.001,0.001,0.318,0.007,,0.021,0.091,0.195
BIODIVTHES,done,2281645.0,25425.0,920.0,836.0,84.0,4.0,xml,xml,1.536,1.536,1696.5,981.8,cuda,249.0,0.0,0.956,0.002,0.069,0.001,0.005,0.175,0.009,0.001,0.003,1.395,0.014,,0.027,0.142,0.905
BIOLINK,done,2378248.0,22953.0,706.0,706.0,0.0,706.0,xml,xml,1.457,1.457,1696.6,983.1,cuda,543.0,0.0,0.81,0.002,0.063,0.001,0.002,0.235,0.01,0.008,0.003,1.307,0.016,,0.053,0.174,0.997
BIOMO,done,1708563.0,17588.0,1597.0,1597.0,0.0,1596.0,xml,xml,1.495,1.495,1688.6,879.7,cuda,1420.0,0.0,0.682,0.0,0.05,0.002,0.005,0.411,0.004,0.008,0.006,1.332,0.031,,0.112,0.284,0.72
BIOMODELS,done,307484574.0,2986721.0,408468.0,187520.0,220948.0,187520.0,xml,xml,209.709,209.709,6260.4,1247.9,cuda,72993.0,0.0,108.659,0.166,20.433,0.746,1.339,27.003,2.071,2.612,2.204,203.965,3.811,27.436,10.541,14.92,100.508
BIOPAX,done,230162.0,1466.0,69.0,69.0,0.0,69.0,xml,xml,0.366,0.366,0.0,735.1,cuda,68.0,0.0,0.049,0.001,0.004,0.0,0.0,0.064,0.0,0.001,0.001,0.251,0.006,,0.01,0.051,0.232
BIOTOP,done,584221.0,6108.0,390.0,390.0,0.0,390.0,xml,xml,0.554,0.554,0.0,864.3,cuda,99.0,0.0,0.176,0.001,0.017,0.0,0.001,0.086,0.002,0.003,0.002,0.425,0.01,,0.012,0.071,0.312
BIPOM,done,610845.0,5319.0,148.0,143.0,5.0,142.0,xml,xml,0.507,0.507,0.0,676.6,cuda,54.0,0.0,0.177,0.001,0.014,0.0,0.001,0.046,0.001,0.001,0.001,0.38,0.007,,0.009,0.035,3.319
BIPON,done,3905433.0,45111.0,2514.0,1747.0,767.0,1746.0,xml,xml,2.31,2.31,1740.9,982.0,cuda,294.0,0.0,1.557,0.003,0.137,0.003,0.007,0.186,0.017,0.021,0.009,2.157,0.027,,0.042,0.136,1.398
BIRNLEX,done,5274267.0,43986.0,3581.0,3581.0,0.0,3580.0,xml,xml,2.455,2.455,1747.2,450.7,,0.0,0.0,1.868,0.004,0.136,0.004,0.028,0.005,0.003,0.013,0.012,2.298,0.026,,,,1.835
BIRTHONTO,done,6633266.0,68381.0,678.0,88.0,590.0,87.0,xml,xml,3.55,3.55,1768.0,590.9,cuda,37.0,0.0,2.543,0.005,0.382,0.001,0.009,0.04,0.06,0.001,0.003,3.379,0.013,,0.01,0.027,2.323
BKO,done,728695.0,7310.0,705.0,670.0,35.0,669.0,xml,xml,0.791,0.791,0.0,867.5,cuda,668.0,0.0,0.234,0.001,0.021,0.001,0.003,0.249,0.001,0.003,0.003,0.665,0.016,,0.078,0.164,0.312
BMONT,done,1271915.0,12697.0,633.0,633.0,0.0,633.0,xml,xml,1.122,1.122,1678.2,983.1,cuda,580.0,0.0,0.371,0.0,0.156,0.001,0.004,0.283,0.003,0.003,0.003,0.973,0.017,,0.063,0.212,0.543
BMS-LM,parse_failed,0.0,,,,,154.0,,,0.002,,,,,,,,,,,,,,,,,,,,,0.122
BMT,done,340863.0,3439.0,253.0,253.0,0.0,253.0,xml,xml,0.508,0.508,0.0,904.4,cuda,247.0,0.0,0.104,0.001,0.009,0.0,0.001,0.118,0.0,0.001,0.002,0.368,0.009,,0.025,0.09,0.301
BNO,done,58611.0,425.0,101.0,101.0,0.0,100.0,xml,xml,0.302,0.302,0.0,453.5,cuda,3.0,0.0,0.016,0.001,0.001,0.0,0.0,0.019,0.0,0.001,0.001,0.173,0.006,,0.009,0.009,0.153
BOF,done,468020.0,3489.0,477.0,190.0,287.0,189.0,xml,xml,0.38,0.38,0.0,450.7,,0.0,0.0,0.119,0.001,0.009,0.0,0.001,0.001,0.001,0.001,0.002,0.265,0.008,,,,0.245
BP,done,201428.0,1249.0,69.0,69.0,0.0,69.0,xml,xml,0.359,0.359,0.0,732.1,cuda,67.0,0.0,0.041,0.001,0.004,0.0,0.0,0.06,0.0,0.001,0.001,0.235,0.006,,0.01,0.047,0.229
BP-METADATA,done,156579.0,1214.0,123.0,102.0,21.0,102.0,xml,xml,0.316,0.316,0.0,456.6,cuda,13.0,0.0,0.043,0.001,0.004,0.0,0.0,0.02,0.0,0.001,0.001,0.194,0.006,,0.01,0.009,0.175
BPFORMS,parse_failed,1603954.0,,,,,0.0,,,0.0,,,,,,,,,,,,,,,,,,,,,1.083
BPT,done,30627431.0,249029.0,3876.0,3876.0,0.0,3875.0,xml,xml,12.069,12.069,2065.2,450.7,,0.0,0.0,9.478,0.021,1.279,0.017,0.022,0.006,0.067,0.025,0.015,11.823,0.033,,,,10.156
BRAIN-COF,done,133032.0,994.0,126.0,126.0,0.0,125.0,xml,xml,0.358,0.358,0.0,778.5,cuda,123.0,0.0,0.028,0.0,0.003,0.0,0.0,0.074,0.0,0.001,0.001,0.234,0.007,,0.014,0.058,0.292
BRCT,done,1492848.0,11239.0,1654.0,1654.0,0.0,1654.0,xml,xml,0.711,0.711,0.0,457.9,cuda,2.0,0.0,0.35,0.002,0.033,0.001,0.005,0.02,0.001,0.005,0.006,0.569,0.018,,0.007,0.009,0.596
BRIDG,done,5454208.0,52596.0,349.0,325.0,24.0,325.0,xml,xml,2.794,2.794,1751.7,982.0,cuda,289.0,0.0,1.883,0.0,0.341,0.002,0.002,0.159,0.012,0.009,0.002,2.641,0.011,,0.032,0.121,1.942
BRO,done,560056.0,3353.0,490.0,489.0,1.0,488.0,xml,xml,0.651,0.651,0.0,983.1,cuda,12.0,0.0,0.127,0.001,0.009,0.001,0.002,0.02,0.001,0.002,0.002,0.505,0.011,0.199,0.009,0.009,0.301
BRSO,done,13841.0,107.0,25.0,16.0,9.0,15.0,xml,xml,0.27,0.27,0.0,450.7,,0.0,0.0,0.005,0.0,0.0,0.0,0.0,0.0,0.0,0.0,0.001,0.142,0.005,,,,0.233
BSAO,done,216543.0,2462.0,105.0,105.0,0.0,104.0,xml,xml,0.368,0.368,0.0,450.7,,0.0,0.0,0.076,0.001,0.007,0.0,0.001,0.0,0.001,0.002,0.001,0.228,0.006,,,,0.155
BSPO,done,611624.0,6782.0,189.0,171.0,18.0,170.0,xml,xml,0.587,0.587,0.0,981.5,cuda,148.0,0.0,0.195,0.0,0.018,0.0,0.001,0.115,0.002,0.002,0.001,0.472,0.008,,0.02,0.092,0.511
BT,done,532796.0,6108.0,390.0,390.0,0.0,390.0,xml,xml,0.539,0.539,0.0,864.3,cuda,99.0,0.0,0.166,0.001,0.016,0.001,0.001,0.086,0.002,0.003,0.002,0.412,0.011,,0.012,0.071,0.291
BT-ONTOLOGY,done,1620174.0,13165.0,983.0,969.0,14.0,180.0,xml,xml,1.141,1.141,1683.4,983.1,cuda,586.0,0.0,0.407,0.0,0.159,0.002,0.003,0.277,0.002,0.002,0.004,0.999,0.019,,0.056,0.21,0.686
BTO,done,12269120.0,104982.0,6570.0,6570.0,0.0,6569.0,xml,xml,7.613,7.613,1849.9,1040.0,cuda,5514.0,0.0,4.216,0.0,0.596,0.01,0.04,1.947,0.035,0.031,0.026,7.332,0.11,,0.55,1.331,4.204
BTO-BFO,done,793574.0,6189.0,222.0,183.0,39.0,182.0,xml,xml,0.492,0.492,0.0,600.7,cuda,60.0,0.0,0.174,0.001,0.016,0.0,0.001,0.037,0.001,0.002,0.002,0.37,0.008,,0.009,0.026,0.416
BTO-EMMO,done,4106740.0,35053.0,2283.0,2228.0,55.0,2227.0,xml,xml,2.552,2.552,1736.1,987.0,cuda,2012.0,0.0,1.201,0.003,0.27,0.004,0.011,0.645,0.009,0.014,0.008,2.381,0.044,,0.165,0.456,1.446
BTO-PROVO,done,477042.0,4161.0,302.0,253.0,49.0,253.0,xml,xml,0.835,0.835,0.0,981.8,cuda,244.0,0.0,0.129,0.001,0.011,0.001,0.001,0.414,0.001,0.002,0.002,0.699,0.01,,0.207,0.201,0.26
BTO_ONTOLOGY,done,159279.0,883.0,175.0,29.0,146.0,28.0,xml,xml,0.315,0.315,0.0,538.8,cuda,21.0,0.0,0.033,0.001,0.002,0.0,0.0,0.028,0.0,0.0,0.001,0.191,0.007,,0.01,0.017,0.213
CABRO,done,46932.0,317.0,64.0,60.0,4.0,59.0,xml,xml,0.269,0.269,0.0,450.7,,0.0,0.0,0.012,0.001,0.001,0.0,0.0,0.0,0.0,0.001,0.001,0.144,0.005,,,,0.139
CANCO,done,181227.0,1378.0,139.0,127.0,12.0,127.0,xml,xml,0.412,0.412,0.0,955.4,cuda,121.0,0.0,0.048,0.001,0.004,0.0,0.0,0.111,0.0,0.001,0.001,0.295,0.007,,0.017,0.09,0.18
CANONT,done,72593.0,546.0,57.0,57.0,0.0,56.0,xml,xml,0.3,0.3,0.0,517.1,cuda,16.0,0.0,0.021,0.001,0.001,0.0,0.0,0.025,0.0,0.001,0.001,0.173,0.006,,0.009,0.014,0.23
CAO,done,312772.0,2831.0,205.0,205.0,0.0,205.0,xml,xml,0.427,0.427,0.0,757.2,cuda,73.0,0.0,0.089,0.001,0.007,0.0,0.001,0.065,0.001,0.002,0.001,0.297,0.007,,0.013,0.049,0.298
CARE-AI-CO-VI0-1,done,55206.0,411.0,55.0,38.0,17.0,37.0,xml,xml,0.302,0.302,0.0,489.8,cuda,40.0,0.0,0.015,0.0,0.001,0.0,0.0,0.022,0.0,0.0,0.001,0.169,0.006,,0.009,0.011,0.216
CARELEX,done,812880.0,8624.0,340.0,340.0,0.0,339.0,xml,xml,0.522,0.522,0.0,450.7,,0.0,0.0,0.233,0.001,0.023,0.0,0.004,0.0,0.0,0.001,0.002,0.404,0.007,,,,0.404
CARESSES,done,186673.0,1821.0,99.0,99.0,0.0,99.0,xml,xml,0.38,0.38,0.0,649.8,cuda,48.0,0.0,0.061,0.001,0.005,0.0,0.0,0.044,0.001,0.001,0.001,0.253,0.006,,0.01,0.033,0.178
CARO,done,9794269.0,103747.0,722.0,722.0,0.0,721.0,xml,xml,5.385,5.385,1839.0,983.1,cuda,646.0,0.001,3.533,0.0,0.791,0.004,0.005,0.448,0.016,0.009,0.003,5.203,0.018,,0.214,0.225,3.323
CAROLIO,done,131272.0,1484.0,87.0,87.0,0.0,87.0,xml,xml,0.365,0.365,0.0,718.2,cuda,81.0,0.0,0.043,0.0,0.004,0.0,0.001,0.063,0.001,0.001,0.001,0.235,0.006,,0.012,0.048,0.182
CARRE,done,227777.0,2029.0,176.0,176.0,0.0,175.0,xml,xml,0.3,0.3,0.0,450.7,,0.0,0.0,0.06,0.001,0.005,0.0,0.0,0.0,0.001,0.002,0.001,0.197,0.006,,,,0.176
CASE-BASE-ONTO,done,164635.0,1342.0,127.0,72.0,55.0,71.0,xml,xml,0.317,0.317,0.0,483.9,cuda,51.0,0.0,0.041,0.001,0.003,0.0,0.0,0.021,0.0,0.001,0.001,0.195,0.007,,0.009,0.01,0.24
CATALOG-THEMES,parse_failed,1207.0,,,,,0.0,,,0.745,,,,,,,,,,,,,,,,,,,,,0.125
CBCTX,done,569330.0,4729.0,563.0,18.0,545.0,17.0,xml,xml,0.665,0.665,0.0,848.0,cuda,536.0,0.0,0.156,0.001,0.014,0.001,0.002,0.207,0.002,0.0,0.002,0.53,0.015,,0.058,0.142,0.383
CBHA,done,863548.0,6248.0,1248.0,38.0,1210.0,37.0,xml,xml,0.538,0.538,0.0,474.1,cuda,30.0,0.0,0.218,0.001,0.017,0.001,0.002,0.022,0.001,0.001,0.004,0.403,0.018,,0.01,0.009,0.429
CBHT,done,1080336.0,10908.0,269.0,107.0,162.0,106.0,xml,xml,0.689,0.689,0.0,616.7,cuda,237.0,0.0,0.317,0.001,0.025,0.0,0.001,0.073,0.003,0.001,0.001,0.562,0.01,,0.026,0.043,0.472
CBO,done,287808.0,2400.0,247.0,247.0,0.0,246.0,xml,xml,0.531,0.531,0.0,981.8,cuda,1.0,0.0,0.071,0.001,0.007,0.0,0.001,0.017,0.001,0.001,0.002,0.382,0.008,0.148,0.008,0.008,0.219
CCF,done,67077.0,532.0,42.0,42.0,0.0,41.0,xml,xml,0.27,0.27,0.0,450.7,,0.0,0.0,0.019,0.001,0.001,0.0,0.0,0.0,0.0,0.0,0.001,0.145,0.005,,,,0.201
CCO,parse_failed,256083060.0,,,,,264891.0,,,0.0,,,,,,,,,,,,,,,,,,,,,786.215
CCON,done,193602.0,1837.0,169.0,86.0,83.0,86.0,xml,xml,0.397,0.397,0.0,763.3,cuda,83.0,0.0,0.06,0.001,0.005,0.0,0.0,0.07,0.001,0.001,0.001,0.267,0.007,,0.012,0.055,0.192
CCONT,done,219193153.0,2717404.0,58013.0,58013.0,0.0,58013.0,xml,xml,136.068,136.068,5542.8,1162.5,cuda,45271.0,0.0,86.603,0.121,16.847,0.119,0.363,18.387,1.143,0.455,0.311,133.481,0.962,,5.532,12.144,71.727
CCTOO,done,4382902.0,40434.0,1134.0,1134.0,0.0,1133.0,xml,xml,2.508,2.508,1736.3,983.6,cuda,858.0,0.0,1.431,0.0,0.266,0.002,0.007,0.4,0.015,0.014,0.005,2.359,0.022,,0.076,0.312,1.514
CDAO,done,238335.0,2196.0,191.0,165.0,26.0,165.0,xml,xml,0.381,0.381,0.0,610.3,cuda,38.0,0.0,0.073,0.0,0.006,0.0,0.001,0.039,0.001,0.001,0.001,0.255,0.007,,0.009,0.027,0.314
CDMONTO,done,207073.0,1418.0,385.0,303.0,82.0,302.0,xml,xml,0.3,0.3,0.0,450.7,,0.0,0.0,0.051,0.001,0.004,0.0,0.001,0.001,0.0,0.001,0.002,0.184,0.007,,,,0.171
CDNO,done,11293567.0,148107.0,2110.0,2110.0,0.0,2109.0,xml,xml,7.507,7.507,1894.8,986.7,cuda,1919.0,0.001,4.597,0.0,1.03,0.004,0.014,1.053,0.047,0.024,0.008,7.299,0.041,,0.524,0.507,3.876
CDO,done,12360222.0,57312.0,3752.0,3752.0,0.0,3752.0,xml,xml,4.783,4.783,1826.5,1040.6,cuda,3673.0,0.001,2.254,0.009,0.357,0.006,0.025,1.598,0.009,0.021,0.014,4.573,0.074,,0.269,1.294,4.149
CDOH,done,317788.0,2704.0,371.0,357.0,14.0,357.0,xml,xml,0.379,0.379,0.0,529.5,cuda,19.0,0.0,0.085,0.001,0.008,0.001,0.001,0.029,0.001,0.002,0.002,0.259,0.009,,0.01,0.017,0.244
CDPEO,done,675765.0,4892.0,73.0,41.0,32.0,40.0,xml,xml,0.444,0.444,0.0,450.7,,0.0,0.0,0.166,0.001,0.013,0.0,0.0,0.0,0.001,0.001,0.001,0.317,0.006,,,,0.372
CDSSONTOBRIEF,done,120268.0,678.0,166.0,166.0,0.0,165.0,xml,xml,0.333,0.333,0.0,597.6,cuda,35.0,0.0,0.026,0.001,0.002,0.0,0.0,0.04,0.0,0.001,0.001,0.196,0.007,,0.009,0.028,0.167
CEDARVS,done,23563.0,169.0,35.0,35.0,0.0,34.0,xml,xml,0.364,0.364,0.0,549.8,cuda,33.0,0.0,0.006,0.001,0.0,0.0,0.0,0.097,0.0,0.0,0.001,0.226,0.006,,0.021,0.075,0.191
CEPH,done,2023060.0,18631.0,1570.0,1570.0,0.0,1569.0,xml,xml,1.397,1.397,1690.1,983.1,cuda,641.0,0.0,0.732,0.0,0.053,0.002,0.006,0.267,0.006,0.011,0.006,1.249,0.023,,0.061,0.197,0.784
CHD,done,517573.0,4626.0,512.0,512.0,0.0,511.0,xml,xml,0.457,0.457,0.0,452.1,cuda,3.0,0.0,0.159,0.001,0.011,0.001,0.001,0.019,0.001,0.002,0.002,0.328,0.009,,0.009,0.008,0.243
CHEAR,done,22625469.0,194782.0,16648.0,14864.0,1784.0,14864.0,xml,xml,15.612,15.612,1940.8,1065.9,cuda,11980.0,0.0,7.299,0.0,1.334,0.034,0.087,5.372,0.068,0.086,0.07,15.161,0.233,,1.354,3.815,8.294
CHEBI,done,866211680.0,9523744.0,237960.0,237960.0,0.0,238248.0,xml,xml,474.829,474.829,14411.6,1192.4,cuda,55477.0,0.001,317.768,0.0,70.268,0.451,2.531,33.721,5.113,2.028,1.428,466.702,2.17,,8.903,23.467,790.885
CHEMINF,done,1279210.0,11431.0,873.0,855.0,18.0,855.0,xml,xml,0.901,0.901,0.0,983.1,cuda,358.0,0.0,0.352,0.002,0.032,0.001,0.003,0.201,0.004,0.005,0.004,0.756,0.016,,0.037,0.157,0.566
CHEMROF,done,755667.0,7809.0,303.0,303.0,0.0,303.0,xml,xml,0.623,0.623,0.0,779.3,cuda,203.0,0.0,0.233,0.001,0.021,0.0,0.001,0.087,0.003,0.003,0.002,0.489,0.01,,0.022,0.062,0.377
CHIRO,done,33961424.0,286013.0,13601.0,13601.0,0.0,13600.0,xml,xml,19.994,19.994,2172.5,1068.5,cuda,13193.0,0.0,11.289,0.0,1.554,0.026,0.081,5.193,0.097,0.082,0.058,19.492,0.243,,1.427,3.595,11.229
CHMO,done,5941694.0,58704.0,3394.0,3264.0,130.0,3264.0,xml,xml,4.242,4.242,1766.7,998.0,cuda,3233.0,0.0,1.93,0.0,0.358,0.005,0.015,1.423,0.016,0.015,0.013,4.031,0.066,,0.315,1.064,2.06
CHO,done,22966.0,216.0,14.0,14.0,0.0,14.0,xml,xml,0.254,0.254,0.0,450.7,,0.0,0.0,0.008,0.001,0.001,0.0,0.0,0.0,0.0,0.0,0.001,0.131,0.005,,,,0.173
CHR,done,2861138.0,31636.0,2573.0,2288.0,285.0,2287.0,xml,xml,1.937,1.937,1639.2,983.1,cuda,352.0,0.0,1.111,0.0,0.253,0.003,0.011,0.182,0.01,0.018,0.011,1.785,0.026,,0.04,0.133,1.171
CHRO,done,3322708.0,37368.0,1205.0,1205.0,0.0,1204.0,xml,xml,2.251,2.251,1724.6,983.4,cuda,770.0,0.0,1.175,0.003,0.258,0.002,0.005,0.415,0.014,0.015,0.005,2.09,0.023,,0.093,0.31,1.216
CIDO,done,53464349.0,621226.0,31959.0,31924.0,35.0,31924.0,xml,xml,38.647,38.647,2581.0,1109.9,cuda,27075.0,0.0,20.197,0.0,3.825,0.058,0.231,10.532,0.385,0.358,0.151,37.798,0.449,,3.648,6.495,17.64
CIDOC-CRM,done,444347.0,3794.0,86.0,86.0,0.0,85.0,xml,xml,0.475,0.475,0.0,801.2,cuda,84.0,0.0,0.121,0.001,0.01,0.001,0.0,0.074,0.0,0.001,0.001,0.342,0.006,,0.015,0.055,0.324
CIINTEADO,done,3045638.0,33396.0,881.0,881.0,0.0,880.0,xml,xml,2.027,2.027,1720.3,983.7,cuda,869.0,0.0,1.123,0.002,0.244,0.001,0.005,0.273,0.016,0.017,0.004,1.873,0.02,,0.077,0.187,1.153
CIO,done,130315.0,1238.0,45.0,45.0,0.0,44.0,xml,xml,0.343,0.343,0.0,633.2,cuda,44.0,0.0,0.038,0.0,0.003,0.0,0.0,0.046,0.001,0.001,0.001,0.218,0.006,,0.011,0.033,0.17
CISAVIADO,done,3045638.0,33396.0,881.0,881.0,0.0,880.0,xml,xml,2.029,2.029,1720.6,983.7,cuda,869.0,0.0,1.124,0.002,0.251,0.002,0.005,0.27,0.017,0.017,0.004,1.876,0.02,,0.076,0.185,1.179
CKDO,done,100476.0,601.0,280.0,280.0,0.0,280.0,xml,xml,0.301,0.301,0.0,505.4,cuda,40.0,0.0,0.022,0.001,0.002,0.0,0.001,0.024,0.0,0.001,0.001,0.178,0.008,,0.011,0.012,0.154
CL,done,70529435.0,835080.0,19345.0,19168.0,177.0,19167.0,xml,xml,43.233,43.233,2895.6,1079.9,cuda,16960.0,0.0,26.877,0.0,4.311,0.039,0.136,7.196,0.419,0.464,0.091,42.327,0.353,,1.92,4.999,23.178
CLAO,done,2016156.0,23432.0,1517.0,1517.0,0.0,1516.0,xml,xml,1.663,1.663,1697.2,985.5,cuda,1515.0,0.0,0.803,0.0,0.067,0.002,0.006,0.421,0.008,0.009,0.006,1.495,0.032,,0.123,0.283,0.844
CLO,done,43712386.0,541949.0,40880.0,40852.0,28.0,40852.0,xml,xml,33.056,33.056,2547.8,1127.9,cuda,33465.0,0.001,17.475,0.0,3.597,0.069,0.18,8.218,0.228,0.244,0.184,32.082,0.6,,2.863,4.956,14.415
CLYH,done,411339.0,4435.0,266.0,266.0,0.0,265.0,xml,xml,0.586,0.586,0.0,678.8,cuda,212.0,0.0,0.14,0.0,0.014,0.0,0.001,0.082,0.003,0.004,0.002,0.423,0.011,,0.027,0.051,0.286
CMDO,done,224868.0,2126.0,189.0,189.0,0.0,188.0,xml,xml,0.316,0.316,0.0,450.7,,0.0,0.0,0.067,0.001,0.006,0.0,0.001,0.0,0.0,0.001,0.001,0.202,0.006,,,,0.22
CMO,done,10438798.0,72979.0,4200.0,4200.0,0.0,4199.0,xml,xml,6.176,6.176,1810.6,1041.2,cuda,3856.0,0.0,3.008,0.0,0.45,0.006,0.03,2.081,0.016,0.019,0.017,5.945,0.078,,0.413,1.604,3.798
CMPO,done,4315647.0,34117.0,814.0,814.0,0.0,813.0,xml,xml,2.362,2.362,1737.6,983.4,cuda,800.0,0.0,1.415,0.0,0.254,0.001,0.005,0.331,0.006,0.008,0.003,2.221,0.02,,0.078,0.243,1.503
CMR-QA,done,119587.0,1109.0,111.0,111.0,0.0,110.0,xml,xml,0.317,0.317,0.0,529.5,cuda,19.0,0.0,0.036,0.0,0.003,0.0,0.0,0.028,0.0,0.001,0.001,0.199,0.006,,0.01,0.016,0.205
CN,done,456710.0,4259.0,540.0,538.0,2.0,537.0,xml,xml,0.442,0.442,0.0,510.8,cuda,78.0,0.0,0.135,0.001,0.011,0.0,0.001,0.026,0.002,0.005,0.002,0.315,0.011,,0.009,0.014,0.252
CNO,done,455948.0,3185.0,387.0,387.0,0.0,386.0,xml,xml,0.571,0.571,0.0,982.1,cuda,337.0,0.0,0.114,0.001,0.008,0.001,0.001,0.166,0.001,0.002,0.002,0.428,0.012,,0.032,0.128,0.266
CO-WHEAT,done,369152.0,3224.0,177.0,177.0,0.0,176.0,xml,xml,0.508,0.508,0.0,912.5,cuda,149.0,0.0,0.114,0.001,0.009,0.0,0.001,0.118,0.001,0.001,0.001,0.384,0.008,,0.026,0.089,0.21
COB,done,70318.0,612.0,70.0,70.0,0.0,69.0,xml,xml,0.317,0.317,0.0,643.4,cuda,47.0,0.0,0.021,0.0,0.002,0.0,0.0,0.045,0.0,0.001,0.001,0.196,0.006,,0.009,0.034,0.229
COCHRANE,done,32514.0,254.0,26.0,26.0,0.0,25.0,xml,xml,0.332,0.332,0.0,470.3,cuda,25.0,0.0,0.01,0.001,0.001,0.0,0.0,0.073,0.0,0.0,0.001,0.208,0.006,,0.03,0.042,0.2
CODO,done,1091678.0,11214.0,1135.0,385.0,750.0,385.0,xml,xml,0.887,0.887,0.0,983.1,cuda,409.0,0.0,0.321,0.0,0.03,0.001,0.003,0.248,0.005,0.003,0.004,0.759,0.017,,0.048,0.191,0.539
COG,done,92724.0,594.0,116.0,111.0,5.0,110.0,xml,xml,0.333,0.333,0.0,678.2,cuda,95.0,0.0,0.021,0.001,0.002,0.0,0.0,0.053,0.0,0.001,0.001,0.211,0.007,,0.012,0.039,0.124
COGAT,done,3025152.0,31970.0,4054.0,4054.0,0.0,4053.0,xml,xml,2.538,2.538,1721.3,1036.6,cuda,2300.0,0.0,1.061,0.002,0.24,0.005,0.016,0.815,0.006,0.011,0.014,2.359,0.059,,0.189,0.595,1.088
COGITO,done,8772539.0,110434.0,4690.0,4681.0,9.0,4680.0,xml,xml,5.385,5.385,1851.7,1035.9,cuda,2065.0,0.001,3.013,0.0,0.79,0.007,0.02,0.783,0.05,0.097,0.016,5.185,0.058,,0.213,0.539,2.946
COGMEMO,done,5537093.0,45333.0,1544.0,1520.0,24.0,9.0,xml,xml,3.281,3.281,1745.1,1034.2,cuda,1496.0,0.001,1.608,0.004,0.286,0.003,0.009,0.967,0.018,0.002,0.006,3.116,0.032,,0.144,0.793,1.979
COGPO,done,238043.0,2162.0,202.0,199.0,3.0,199.0,xml,xml,0.428,0.428,0.0,889.6,cuda,181.0,0.0,0.065,0.001,0.006,0.0,0.001,0.103,0.001,0.001,0.001,0.306,0.008,,0.021,0.078,0.17
COHSI2STUDY,done,69861.0,648.0,86.0,85.0,1.0,2.0,xml,xml,0.301,0.301,0.0,503.2,cuda,81.0,0.0,0.022,0.001,0.002,0.0,0.0,0.026,0.0,0.0,0.001,0.174,0.007,,0.012,0.012,0.199
COHSI2TERMSWEEKX,done,40033.0,308.0,35.0,34.0,1.0,2.0,xml,xml,0.301,0.301,0.0,452.8,cuda,3.0,0.0,0.012,0.001,0.001,0.0,0.0,0.019,0.0,0.0,0.001,0.172,0.006,,0.009,0.009,0.151
COID,done,925604.0,10239.0,1186.0,1186.0,0.0,1185.0,xml,xml,0.807,0.807,0.0,623.5,cuda,779.0,0.0,0.289,0.001,0.027,0.001,0.003,0.186,0.003,0.007,0.004,0.664,0.022,,0.071,0.107,0.445
COKPME,done,58717.0,480.0,58.0,26.0,32.0,25.0,xml,xml,0.303,0.303,0.0,489.9,cuda,23.0,0.0,0.018,0.001,0.001,0.0,0.0,0.022,0.0,0.0,0.001,0.181,0.006,,0.01,0.01,0.157
COLAO,done,3504023.0,41915.0,895.0,895.0,0.0,894.0,xml,xml,2.338,2.338,1731.7,983.7,cuda,881.0,0.001,1.331,0.0,0.277,0.002,0.003,0.32,0.019,0.011,0.004,2.175,0.022,,0.089,0.221,1.264
COMET,done,425917.0,4642.0,207.0,207.0,0.0,207.0,xml,xml,0.427,0.427,0.0,500.3,cuda,56.0,0.0,0.138,0.001,0.012,0.0,0.001,0.023,0.002,0.002,0.001,0.312,0.007,,0.009,0.012,0.277
COMO,done,686093.0,6026.0,532.0,532.0,0.0,531.0,xml,xml,0.633,0.633,0.0,580.2,cuda,522.0,0.0,0.219,0.0,0.016,0.001,0.003,0.127,0.001,0.002,0.002,0.506,0.014,,0.06,0.062,0.339
COMODI,done,46160.0,299.0,66.0,66.0,0.0,65.0,xml,xml,0.301,0.301,0.0,646.7,cuda,59.0,0.0,0.012,0.001,0.001,0.0,0.0,0.047,0.0,0.001,0.001,0.185,0.006,,0.009,0.035,0.251
CONDOR,done,42961.0,254.0,56.0,56.0,0.0,55.0,xml,xml,0.254,0.254,0.0,450.7,,0.0,0.0,0.01,0.001,0.001,0.0,0.0,0.0,0.0,0.001,0.001,0.135,0.005,,,,0.179
CONTSONTO,done,331220.0,2993.0,188.0,184.0,4.0,183.0,xml,xml,0.49,0.49,0.0,981.6,cuda,155.0,0.0,0.097,0.001,0.008,0.0,0.001,0.117,0.001,0.002,0.001,0.359,0.008,,0.024,0.09,0.232
COPDO,done,38609.0,340.0,108.0,108.0,0.0,108.0,xml,xml,0.289,0.289,0.0,451.0,cuda,1.0,0.0,0.012,0.001,0.001,0.0,0.0,0.015,0.0,0.001,0.001,0.157,0.006,,0.007,0.007,0.139
COPPER,done,914481.0,8529.0,675.0,363.0,312.0,363.0,xml,xml,0.681,0.681,0.0,981.8,cuda,231.0,0.0,0.242,0.001,0.023,0.001,0.002,0.13,0.004,0.002,0.003,0.546,0.013,,0.025,0.1,0.492
COSTART,done,2566243.0,23646.0,1713.0,1713.0,0.0,1707.0,xml,xml,1.424,1.424,1698.5,453.1,cuda,4.0,0.0,0.975,0.002,0.07,0.002,0.005,0.022,0.007,0.008,0.006,1.272,0.017,,0.008,0.009,1.005
COVID-19,done,4467903.0,42636.0,2271.0,2271.0,0.0,2270.0,xml,xml,2.771,2.771,1741.2,1034.0,cuda,1410.0,0.0,1.397,0.004,0.126,0.003,0.017,0.823,0.007,0.009,0.008,2.605,0.037,,0.263,0.54,1.588
COVID-19-ONT-PM,done,254053.0,1908.0,306.0,300.0,6.0,299.0,xml,xml,0.349,0.349,0.0,457.9,cuda,6.0,0.0,0.062,0.001,0.005,0.0,0.001,0.02,0.001,0.002,0.001,0.224,0.007,,0.01,0.008,0.237
COVID19,done,22547.0,166.0,33.0,33.0,0.0,32.0,xml,xml,0.239,0.239,0.0,450.7,,0.0,0.0,0.007,0.001,0.0,0.0,0.0,0.0,0.0,0.0,0.001,0.132,0.005,,,,0.219
COVID19-IBO,done,107258.0,714.0,160.0,160.0,0.0,159.0,xml,xml,0.302,0.302,0.0,458.9,cuda,4.0,0.0,0.026,0.001,0.002,0.0,0.0,0.019,0.0,0.001,0.001,0.178,0.006,,0.009,0.009,0.186
COVIDCRFRAPID,done,509708.0,4855.0,480.0,397.0,83.0,396.0,xml,xml,0.49,0.49,0.0,690.0,cuda,65.0,0.0,0.156,0.001,0.013,0.001,0.001,0.055,0.002,0.003,0.002,0.369,0.01,,0.012,0.041,0.284
CPRO,done,219222.0,1977.0,128.0,128.0,0.0,128.0,xml,xml,0.406,0.406,0.0,846.3,cuda,95.0,0.0,0.061,0.001,0.005,0.0,0.001,0.091,0.001,0.001,0.001,0.288,0.007,,0.018,0.07,0.181
CPTAC,done,198367.0,1607.0,20.0,20.0,0.0,19.0,xml,xml,0.301,0.301,0.0,450.7,,0.0,0.0,0.054,0.001,0.004,0.0,0.0,0.0,0.0,0.0,0.001,0.186,0.006,,,,0.172
CRENO,done,1291543.0,11100.0,1136.0,1108.0,28.0,1107.0,xml,xml,0.965,0.965,0.0,983.1,cuda,637.0,0.0,0.362,0.001,0.03,0.001,0.003,0.259,0.003,0.006,0.004,0.816,0.021,,0.057,0.193,0.488
CRISP,done,16881026.0,154983.0,9045.0,9045.0,0.0,9039.0,xml,xml,11.938,11.938,1895.5,1054.1,cuda,8268.0,0.0,6.44,0.012,0.896,0.021,0.048,3.362,0.122,0.04,0.037,11.613,0.153,,0.868,2.36,5.648
CRO,done,203417.0,1786.0,143.0,124.0,19.0,124.0,xml,xml,0.412,0.412,0.0,942.0,cuda,127.0,0.001,0.057,0.0,0.005,0.0,0.001,0.092,0.0,0.001,0.001,0.284,0.007,,0.012,0.077,0.179
CRYOEM,done,71299.0,663.0,112.0,112.0,0.0,111.0,xml,xml,0.297,0.297,0.0,544.2,cuda,77.0,0.0,0.022,0.0,0.002,0.0,0.0,0.031,0.0,0.001,0.001,0.183,0.006,,0.011,0.018,0.149
CS,parse_failed,11978763.0,,,,,0.0,,,0.0,,,,,,,,,,,,,,,,,,,,,4.428
CSEO,done,26393482.0,168607.0,20086.0,20086.0,0.0,20085.0,xml,xml,9.405,9.405,2015.6,450.7,,0.0,0.0,7.088,0.018,0.947,0.024,0.074,0.029,0.027,0.093,0.078,9.078,0.136,,,,8.77
CSO,done,12762.0,112.0,38.0,38.0,0.0,37.0,xml,xml,0.238,0.238,0.0,450.7,,0.0,0.0,0.005,0.001,0.0,0.0,0.0,0.0,0.0,0.0,0.001,0.132,0.005,,,,0.098
CSSO,done,415266.0,3784.0,304.0,304.0,0.0,303.0,xml,xml,0.491,0.491,0.0,693.9,cuda,189.0,0.0,0.136,0.001,0.01,0.0,0.001,0.074,0.0,0.001,0.002,0.357,0.009,,0.02,0.05,0.252
CST,done,26371.0,533.0,114.0,114.0,0.0,168.0,turtle,turtle,0.317,0.317,0.0,720.8,cuda,69.0,0.0,0.014,0.001,0.002,0.0,0.0,0.06,0.0,0.001,0.001,0.202,0.006,,0.01,0.048,0.557
CSTD,done,282712.0,1568.0,614.0,98.0,516.0,98.0,xml,xml,0.333,0.333,0.0,451.1,cuda,1.0,0.0,0.057,0.001,0.004,0.001,0.001,0.015,0.001,0.001,0.002,0.21,0.01,,0.007,0.006,0.356
CTCAE,done,17558863.0,172367.0,4113.0,4113.0,0.0,4112.0,xml,xml,9.919,9.919,1906.0,993.1,,0.0,0.0,6.66,0.011,0.969,0.005,0.027,0.006,0.05,0.015,0.017,9.671,0.036,1.24,,,5.854
CTENO,done,1196803.0,13184.0,686.0,668.0,18.0,668.0,xml,xml,0.959,0.959,0.0,981.6,cuda,181.0,0.0,0.388,0.0,0.157,0.001,0.002,0.116,0.004,0.008,0.003,0.823,0.012,,0.021,0.091,0.528
CTGO,done,202706.0,1792.0,122.0,122.0,0.0,121.0,xml,xml,0.332,0.332,0.0,452.3,cuda,1.0,0.0,0.063,0.001,0.005,0.0,0.0,0.015,0.0,0.001,0.001,0.214,0.006,,0.007,0.007,0.28
CTO,done,615723.0,5016.0,276.0,273.0,3.0,273.0,xml,xml,0.57,0.57,0.0,981.8,cuda,234.0,0.0,0.144,0.001,0.013,0.0,0.002,0.139,0.001,0.001,0.002,0.438,0.01,,0.022,0.113,0.329
CTO-NDD,done,354856.0,2453.0,378.0,378.0,0.0,377.0,xml,xml,0.349,0.349,0.0,450.7,,0.0,0.0,0.078,0.001,0.007,0.0,0.001,0.001,0.0,0.002,0.002,0.223,0.007,,,,0.207
CTONT,done,107209.0,592.0,43.0,43.0,0.0,43.0,xml,xml,0.317,0.317,0.0,562.7,cuda,27.0,0.0,0.022,0.001,0.002,0.0,0.0,0.033,0.0,0.001,0.001,0.184,0.006,,0.01,0.021,0.125
CTU_BEREADY_GEM,done,226279.0,2397.0,343.0,342.0,1.0,3.0,xml,xml,0.364,0.364,0.0,451.8,cuda,2.0,0.0,0.076,0.001,0.006,0.0,0.001,0.017,0.0,0.0,0.002,0.229,0.007,,0.008,0.008,0.186
CTX,done,2053155.0,13797.0,1244.0,479.0,765.0,479.0,xml,xml,1.028,1.028,1688.7,798.6,cuda,95.0,0.0,0.459,0.002,0.171,0.001,0.003,0.07,0.008,0.003,0.004,0.879,0.016,,0.013,0.053,0.766
CU-VO,done,8822963.0,91625.0,7332.0,12.0,7320.0,11.0,xml,xml,4.279,4.279,1811.7,450.7,,0.0,0.0,3.107,0.006,0.512,0.009,0.017,0.01,0.043,0.001,0.026,4.077,0.05,,,,3.262
CVAO,done,2794380.0,19967.0,1781.0,1712.0,69.0,1712.0,xml,xml,1.17,1.17,1698.6,494.7,cuda,39.0,0.0,0.741,0.0,0.055,0.002,0.005,0.024,0.005,0.013,0.006,1.023,0.021,,0.009,0.011,1.012
CVDO,done,1423021.0,16230.0,721.0,721.0,0.0,720.0,xml,xml,1.046,1.046,1682.9,981.5,cuda,142.0,0.0,0.445,0.0,0.182,0.001,0.003,0.116,0.004,0.006,0.003,0.914,0.012,,0.024,0.088,0.571
CWD,done,27365.0,205.0,47.0,47.0,0.0,46.0,xml,xml,0.302,0.302,0.0,466.9,cuda,35.0,0.0,0.008,0.001,0.001,0.0,0.0,0.02,0.0,0.001,0.001,0.153,0.006,,0.009,0.009,0.2
CXSO,done,108956.0,869.0,154.0,18.0,136.0,17.0,xml,xml,0.349,0.349,0.0,689.7,cuda,129.0,0.0,0.03,0.0,0.003,0.0,0.0,0.072,0.0,0.0,0.001,0.232,0.008,,0.019,0.05,0.245
CYTO,done,672166.0,5705.0,318.0,317.0,1.0,317.0,xml,xml,0.49,0.49,0.0,450.7,,0.0,0.0,0.208,0.001,0.016,0.0,0.001,0.0,0.0,0.001,0.001,0.364,0.006,,,,0.387
D3O,done,243754.0,2137.0,295.0,295.0,0.0,294.0,xml,xml,0.476,0.476,0.0,920.6,cuda,279.0,0.001,0.066,0.001,0.006,0.001,0.001,0.144,0.001,0.001,0.002,0.349,0.01,,0.03,0.11,0.205
DATACITE,done,170871.0,1111.0,104.0,25.0,79.0,25.0,xml,xml,0.37,0.37,0.0,782.2,cuda,100.0,0.0,0.039,0.0,0.004,0.0,0.0,0.071,0.0,0.001,0.001,0.241,0.006,,0.012,0.057,0.302
DATACITE-VOCAB,done,76129.0,817.0,135.0,134.0,1.0,2.0,xml,xml,0.301,0.301,0.0,452.2,cuda,2.0,0.0,0.027,0.001,0.002,0.0,0.0,0.018,0.0,0.0,0.001,0.18,0.006,,0.008,0.008,0.163
DATAHUB,done,88809.0,769.0,123.0,113.0,10.0,112.0,xml,xml,0.397,0.397,0.0,894.6,cuda,107.0,0.0,0.024,0.001,0.002,0.0,0.0,0.093,0.0,0.001,0.001,0.251,0.007,,0.014,0.077,0.199
DBM,done,22486.0,149.0,3.0,3.0,0.0,2.0,xml,xml,0.284,0.284,0.0,451.2,cuda,1.0,0.0,0.007,0.001,0.0,0.0,0.0,0.032,0.0,0.0,0.001,0.167,0.005,,0.015,0.015,0.203
DC,done,81678.0,782.0,38.0,12.0,26.0,11.0,xml,xml,0.333,0.333,0.0,584.9,cuda,37.0,0.0,0.026,0.001,0.002,0.0,0.0,0.034,0.0,0.0,0.001,0.193,0.006,,0.01,0.023,0.243
DCAT,done,44721.0,270.0,17.0,16.0,1.0,15.0,xml,xml,0.316,0.316,0.0,479.8,cuda,7.0,0.0,0.011,0.001,0.001,0.0,0.0,0.048,0.0,0.0,0.001,0.187,0.006,,0.02,0.027,0.211
DCAT-FDC,done,486770.0,3651.0,83.0,73.0,10.0,73.0,xml,xml,0.46,0.46,0.0,713.1,cuda,63.0,0.0,0.123,0.001,0.01,0.001,0.0,0.062,0.0,0.001,0.001,0.326,0.006,,0.009,0.05,0.339
DCAT3,done,542984.0,4012.0,97.0,75.0,22.0,75.0,xml,xml,0.458,0.458,0.0,716.1,cuda,64.0,0.0,0.135,0.0,0.011,0.001,0.001,0.058,0.0,0.001,0.001,0.34,0.006,,0.009,0.046,0.343
DCCDFV,done,16313.0,168.0,19.0,19.0,0.0,1.0,xml,xml,0.301,0.301,0.0,456.3,cuda,17.0,0.0,0.006,0.001,0.001,0.0,0.0,0.032,0.0,0.0,0.001,0.161,0.005,,0.016,0.015,0.163
DCM,done,5281996.0,37077.0,5170.0,5170.0,0.0,5169.0,xml,xml,4.024,4.024,1746.2,1044.9,cuda,5119.0,0.0,1.56,0.004,0.276,0.008,0.014,1.689,0.006,0.014,0.022,3.801,0.098,,0.549,1.084,1.821
DCMITYPE,done,40753.0,317.0,18.0,18.0,0.0,18.0,xml,xml,0.284,0.284,0.0,490.3,cuda,17.0,0.0,0.012,0.001,0.001,0.0,0.0,0.021,0.0,0.0,0.001,0.157,0.005,,0.009,0.011,0.225
DCO,done,69617.0,648.0,50.0,50.0,0.0,49.0,xml,xml,0.285,0.285,0.0,467.1,cuda,3.0,0.0,0.022,0.001,0.002,0.0,0.0,0.018,0.0,0.0,0.001,0.17,0.005,,0.009,0.008,0.271
DCT,done,126498.0,1056.0,35.0,26.0,9.0,25.0,xml,xml,0.317,0.317,0.0,494.9,cuda,31.0,0.0,0.04,0.001,0.003,0.0,0.0,0.022,0.0,0.0,0.001,0.194,0.006,,0.01,0.011,0.143
DCTERMS,done,126498.0,1056.0,35.0,26.0,9.0,25.0,xml,xml,0.316,0.316,0.0,494.9,cuda,31.0,0.0,0.04,0.001,0.003,0.0,0.0,0.022,0.0,0.0,0.001,0.194,0.006,,0.01,0.011,0.182
DDANAT,done,372134.0,3386.0,136.0,136.0,0.0,135.0,xml,xml,0.507,0.507,0.0,981.5,cuda,131.0,0.0,0.109,0.001,0.009,0.0,0.001,0.125,0.001,0.002,0.001,0.381,0.007,,0.021,0.102,0.244
DDI,done,252974.0,2064.0,159.0,156.0,3.0,156.0,xml,xml,0.443,0.443,0.0,981.5,cuda,140.0,0.0,0.067,0.001,0.006,0.0,0.001,0.119,0.001,0.001,0.001,0.322,0.007,,0.024,0.092,0.184
DDIEM,done,334680.0,2856.0,225.0,208.0,17.0,208.0,xml,xml,0.476,0.476,0.0,981.6,cuda,178.0,0.0,0.089,0.001,0.007,0.0,0.001,0.12,0.001,0.001,0.001,0.352,0.009,,0.025,0.092,0.266
DDPHENO,done,2283494.0,19386.0,1374.0,1374.0,0.0,1373.0,xml,xml,1.569,1.569,1692.3,828.9,cuda,1260.0,0.0,0.796,0.002,0.056,0.002,0.008,0.371,0.004,0.005,0.005,1.415,0.028,,0.137,0.22,1.213
DDSIO,done,151376.0,1073.0,192.0,22.0,170.0,21.0,xml,xml,0.312,0.312,0.0,418.7,,0.0,0.0,0.04,0.0,0.003,0.0,0.0,0.0,0.001,0.001,0.001,0.178,0.006,,,,0.457
DDSS,done,918816738.0,10971092.0,767030.0,767011.0,19.0,767011.0,xml,xml,493.531,493.531,18152.6,1079.9,cuda,16927.0,0.0,324.674,0.509,75.119,1.388,2.739,10.216,12.358,9.011,4.955,482.012,4.768,,2.093,6.252,299.982
DEB,done,390123.0,2963.0,602.0,602.0,0.0,601.0,xml,xml,0.428,0.428,0.0,610.3,cuda,38.0,0.0,0.102,0.001,0.008,0.001,0.001,0.039,0.001,0.002,0.002,0.287,0.01,,0.009,0.028,0.215
DECIDE,done,47747.0,368.0,49.0,24.0,25.0,23.0,xml,xml,0.284,0.284,0.0,516.8,cuda,24.0,0.0,0.013,0.001,0.001,0.0,0.0,0.025,0.0,0.0,0.001,0.164,0.006,,0.009,0.014,0.136
DEMLAB,done,371689.0,3220.0,130.0,101.0,29.0,101.0,xml,xml,0.46,0.46,0.0,859.6,cuda,98.0,0.0,0.106,0.0,0.008,0.001,0.0,0.087,0.001,0.001,0.001,0.335,0.007,,0.013,0.071,0.28
DERMLEX,done,5916919.0,42884.0,6121.0,6107.0,14.0,6106.0,xml,xml,2.548,2.548,1762.1,450.7,,0.0,0.0,1.797,0.005,0.286,0.006,0.009,0.011,0.025,0.019,0.018,2.387,0.03,,,,2.071
DERMO,done,6988088.0,64855.0,3522.0,3522.0,0.0,3521.0,xml,xml,3.719,3.719,1750.7,981.7,cuda,204.0,0.0,2.54,0.005,0.383,0.006,0.021,0.139,0.015,0.014,0.014,3.536,0.036,0.122,0.027,0.104,2.366
DFO,done,12988.0,94.0,12.0,12.0,0.0,12.0,xml,xml,0.238,0.238,0.0,450.7,,0.0,0.0,0.004,0.001,0.0,0.0,0.0,0.0,0.0,0.0,0.001,0.126,0.006,,,,0.198
DHMO,done,1457039.0,14920.0,2078.0,2066.0,12.0,145.0,xml,xml,1.012,1.012,1681.6,854.0,cuda,97.0,0.0,0.469,0.0,0.163,0.002,0.005,0.078,0.001,0.002,0.006,0.872,0.021,,0.011,0.062,0.649
DIAB,done,1174994.0,11943.0,376.0,376.0,0.0,375.0,xml,xml,0.886,0.886,0.0,982.1,cuda,324.0,0.0,0.367,0.001,0.031,0.001,0.002,0.189,0.006,0.006,0.002,0.749,0.011,,0.033,0.151,0.548
DIAGONT,done,79936.0,615.0,103.0,97.0,6.0,96.0,xml,xml,0.285,0.285,0.0,510.9,cuda,27.0,0.0,0.022,0.001,0.002,0.0,0.0,0.025,0.0,0.001,0.001,0.175,0.006,,0.01,0.014,0.227
DICOM,done,6554876.0,71280.0,1594.0,1594.0,0.0,0.0,xml,xml,3.427,3.427,1789.7,450.7,,0.0,0.0,2.367,0.005,0.59,0.004,0.003,0.002,0.017,0.007,0.006,3.281,0.019,,,,2.681
DIDEO,done,1601318.0,13848.0,636.0,617.0,19.0,617.0,xml,xml,1.186,1.186,1685.1,983.1,cuda,527.0,0.0,0.422,0.0,0.16,0.001,0.003,0.303,0.003,0.004,0.003,1.049,0.016,,0.085,0.21,0.665
DIKB,done,451177.0,2920.0,170.0,161.0,9.0,161.0,xml,xml,0.474,0.474,0.0,981.6,cuda,153.0,0.0,0.091,0.001,0.007,0.0,0.0,0.126,0.001,0.002,0.001,0.358,0.008,,0.029,0.093,0.298
DILON,done,530588.0,5117.0,775.0,262.0,513.0,261.0,xml,xml,0.472,0.472,0.0,459.8,cuda,7.0,0.0,0.169,0.0,0.014,0.001,0.002,0.02,0.001,0.001,0.003,0.342,0.011,,0.009,0.008,0.307
DINTO,done,99880834.0,1148018.0,28178.0,28178.0,0.0,28178.0,xml,xml,58.92,58.92,3232.1,1060.8,cuda,207.0,0.0,39.254,0.0,7.161,0.042,0.154,0.409,0.893,0.933,0.136,58.037,0.238,5.242,0.065,0.285,32.705
DISDRIV,done,116030.0,1053.0,85.0,85.0,0.0,84.0,xml,xml,0.365,0.365,0.0,798.2,cuda,83.0,0.0,0.032,0.0,0.003,0.0,0.0,0.076,0.0,0.001,0.001,0.239,0.006,,0.015,0.059,0.135
DLORO,done,461928.0,3553.0,354.0,354.0,0.0,353.0,xml,xml,0.427,0.427,0.0,628.0,cuda,83.0,0.0,0.113,0.001,0.009,0.0,0.001,0.048,0.001,0.003,0.002,0.308,0.008,,0.015,0.031,0.288
DMDSONT,done,543282.0,3577.0,80.0,9.0,71.0,8.0,xml,xml,0.427,0.427,0.0,535.2,cuda,30.0,0.0,0.122,0.001,0.009,0.0,0.0,0.027,0.001,0.0,0.001,0.292,0.006,,0.008,0.017,0.285
DMTO,done,13003885.0,93027.0,10762.0,10700.0,62.0,10700.0,xml,xml,5.757,5.757,1805.6,988.3,cuda,235.0,0.0,3.295,0.0,0.552,0.013,0.031,0.296,0.022,0.052,0.042,5.514,0.091,0.83,0.041,0.235,0.12
DOCCC,done,130718.0,967.0,205.0,205.0,0.0,204.0,xml,xml,0.285,0.285,0.0,450.7,,0.0,0.0,0.035,0.001,0.003,0.0,0.0,0.0,0.0,0.001,0.001,0.169,0.006,,,,0.186
DOID,done,33394972.0,366357.0,19648.0,19648.0,0.0,19648.0,xml,xml,22.101,22.101,2270.5,1063.9,cuda,11364.0,0.0,12.327,0.0,2.372,0.038,0.112,5.065,0.129,0.139,0.086,21.567,0.248,,1.35,3.547,11.357
DOREMUS-KEYS,done,69102.0,728.0,35.0,34.0,1.0,3.0,xml,xml,0.285,0.285,0.0,453.4,cuda,1.0,0.0,0.025,0.001,0.002,0.0,0.0,0.015,0.0,0.0,0.001,0.168,0.005,,0.006,0.007,0.219
DOVES,done,38774399.0,336210.0,36414.0,36413.0,1.0,36412.0,xml,xml,29.681,29.681,2232.9,1115.9,cuda,29320.0,0.0,11.953,0.0,2.299,0.06,0.149,12.716,0.065,0.196,0.16,28.837,0.565,,3.336,8.937,12.898
DPCO,done,258431.0,2522.0,328.0,274.0,54.0,273.0,xml,xml,0.443,0.443,0.0,930.4,cuda,115.0,0.0,0.08,0.0,0.007,0.0,0.001,0.104,0.001,0.003,0.002,0.325,0.009,,0.014,0.087,0.176
DPO,done,4264526.0,50056.0,1600.0,1556.0,44.0,1556.0,xml,xml,3.148,3.148,1748.3,985.4,cuda,1450.0,0.0,1.592,0.0,0.326,0.003,0.008,0.775,0.019,0.017,0.006,2.978,0.033,,0.316,0.439,1.572
DRANPTO,done,652765.0,3825.0,570.0,570.0,0.0,569.0,xml,xml,0.633,0.633,0.0,983.1,cuda,569.0,0.0,0.128,0.001,0.01,0.001,0.001,0.209,0.001,0.003,0.003,0.487,0.016,,0.05,0.152,0.431
DREAMDNPTO,done,1022107.0,7506.0,1259.0,1259.0,0.0,1258.0,xml,xml,0.98,0.98,0.0,984.8,cuda,1256.0,0.0,0.249,0.001,0.023,0.002,0.003,0.393,0.002,0.005,0.005,0.834,0.027,,0.101,0.278,0.568
DREDTO,done,334037.0,3039.0,399.0,399.0,0.0,398.0,xml,xml,0.382,0.382,0.0,456.2,cuda,8.0,0.0,0.09,0.001,0.008,0.0,0.001,0.019,0.001,0.002,0.002,0.255,0.009,,0.009,0.008,0.214
DRMO,parse_failed,295118.0,,,,,253.0,,,0.84,,,,,,,,,,,,,,,,,,,,,0.318
DRON,done,881711599.0,10750724.0,792820.0,792799.0,21.0,792798.0,xml,xml,502.198,502.198,17863.9,1048.6,cuda,6402.0,0.0,341.988,0.0,75.533,1.384,2.627,5.112,12.005,8.586,4.715,491.094,4.666,,0.912,2.453,287.946
DRPSNPTO,done,650643.0,5141.0,611.0,611.0,0.0,610.0,xml,xml,0.695,0.695,0.0,983.1,cuda,609.0,0.0,0.168,0.001,0.014,0.001,0.002,0.227,0.001,0.003,0.003,0.554,0.016,,0.053,0.166,0.33
DSEO,done,142909.0,1073.0,132.0,132.0,0.0,131.0,xml,xml,0.38,0.38,0.0,715.8,cuda,131.0,0.0,0.04,0.001,0.003,0.0,0.001,0.077,0.0,0.001,0.001,0.252,0.007,,0.019,0.055,0.193
DSIP,done,219.0,0.0,0.0,0.0,0.0,0.0,xml,xml,0.285,0.285,0.0,418.7,,0.0,0.0,0.005,0.001,0.0,0.0,0.0,0.0,0.0,0.0,,0.15,0.003,,,,0.348
DSIP1V,done,12810.0,113.0,12.0,11.0,1.0,2.0,xml,xml,0.284,0.284,0.0,456.0,cuda,9.0,0.0,0.005,0.001,0.0,0.0,0.0,0.031,0.0,0.0,0.001,0.158,0.006,,0.016,0.014,0.198
DSIP2324_DEMO,done,15659.0,146.0,18.0,17.0,1.0,2.0,xml,xml,0.285,0.285,0.0,460.5,cuda,15.0,0.0,0.006,0.001,0.0,0.0,0.0,0.035,0.0,0.0,0.001,0.164,0.005,,0.017,0.017,0.195
DSIP7,done,23263.0,187.0,27.0,26.0,1.0,2.0,xml,xml,0.3,0.3,0.0,472.6,cuda,24.0,0.0,0.007,0.001,0.001,0.0,0.0,0.054,0.0,0.0,0.001,0.184,0.006,,0.024,0.028,0.205
DSIP8,done,16000.0,142.0,18.0,17.0,1.0,2.0,xml,xml,0.301,0.301,0.0,467.2,cuda,15.0,0.0,0.005,0.001,0.0,0.0,0.0,0.033,0.0,0.0,0.001,0.165,0.006,,0.016,0.015,0.18
DSIPF7,done,23263.0,187.0,27.0,26.0,1.0,2.0,xml,xml,0.348,0.348,0.0,472.6,cuda,24.0,0.0,0.007,0.001,0.001,0.0,0.0,0.091,0.0,0.0,0.001,0.222,0.006,,0.04,0.049,0.168
DSIPFL7,done,31112.0,253.0,29.0,28.0,1.0,2.0,xml,xml,0.317,0.317,0.0,475.1,cuda,26.0,0.0,0.009,0.001,0.001,0.0,0.0,0.056,0.0,0.0,0.001,0.189,0.006,,0.024,0.031,0.167
DSIP_FL_7,done,23511.0,187.0,27.0,26.0,1.0,2.0,xml,xml,0.347,0.347,0.0,472.6,cuda,24.0,0.0,0.007,0.001,0.001,0.0,0.0,0.092,0.0,0.0,0.001,0.235,0.006,,0.041,0.05,0.238
DTO,done,26343796.0,286490.0,10076.0,10076.0,0.0,10075.0,xml,xml,16.716,16.716,2138.2,1049.9,cuda,6785.0,0.001,9.719,0.018,1.828,0.016,0.05,3.275,0.171,0.236,0.042,16.35,0.138,,0.836,2.341,8.739
DUO,done,679609.0,5760.0,325.0,307.0,18.0,307.0,xml,xml,0.643,0.643,0.0,981.9,cuda,277.0,0.0,0.183,0.0,0.016,0.001,0.002,0.171,0.001,0.002,0.002,0.511,0.011,,0.034,0.133,0.397
E-PPO,done,22317.0,112.0,55.0,55.0,0.0,54.0,xml,xml,0.253,0.253,0.0,450.7,,0.0,0.0,0.005,0.001,0.0,0.0,0.0,0.0,0.0,0.001,0.001,0.132,0.005,,,,0.165
EBP,done,799660.0,5021.0,371.0,50.0,321.0,50.0,xml,xml,0.664,0.664,0.0,982.1,cuda,336.0,0.0,0.18,0.001,0.014,0.001,0.001,0.182,0.002,0.001,0.002,0.522,0.012,,0.033,0.143,0.447
ECAO,done,27323107.0,333144.0,7362.0,7311.0,51.0,7310.0,xml,xml,16.992,16.992,2194.0,1049.9,cuda,6565.0,0.0,10.772,0.0,1.679,0.013,0.053,2.629,0.137,0.156,0.032,16.609,0.127,,0.831,1.71,9.034
ECDO,done,49094.0,403.0,57.0,56.0,1.0,2.0,xml,xml,0.301,0.301,0.0,513.6,cuda,54.0,0.0,0.014,0.001,0.001,0.0,0.0,0.026,0.0,0.0,0.001,0.165,0.006,,0.011,0.014,0.193
ECG,done,1116688.0,8733.0,1124.0,1124.0,0.0,1124.0,xml,xml,1.125,1.125,1646.8,983.3,cuda,265.0,0.0,0.314,0.001,0.025,0.001,0.004,0.145,0.001,0.004,0.004,0.982,0.019,0.325,0.033,0.106,0.448
ECM4M-MD-VOCABS,done,26170.0,227.0,33.0,32.0,1.0,2.0,xml,xml,0.318,0.318,0.0,489.8,cuda,19.0,0.0,0.008,0.001,0.001,0.0,0.0,0.049,0.0,0.0,0.001,0.188,0.006,,0.017,0.031,0.197
ECO,done,6671383.0,66098.0,2305.0,2305.0,0.0,2304.0,xml,xml,4.283,4.283,1776.6,987.7,cuda,2244.0,0.0,2.339,0.0,0.405,0.004,0.017,0.961,0.022,0.029,0.009,4.101,0.043,,0.436,0.496,2.42
ECOCORE,done,19333319.0,232184.0,5830.0,5766.0,64.0,5765.0,xml,xml,12.355,12.355,2030.1,1045.3,cuda,5273.0,0.001,7.613,0.0,1.238,0.011,0.029,2.09,0.098,0.111,0.024,12.047,0.104,,0.653,1.371,6.477
ECOSIM,done,3152.0,16.0,2.0,2.0,0.0,1.0,xml,xml,0.237,0.237,0.0,418.7,,0.0,0.0,0.002,0.0,0.0,0.0,0.0,0.0,0.0,0.0,0.001,0.122,0.005,,,,0.164
ECP,done,55307.0,473.0,46.0,33.0,13.0,32.0,xml,xml,0.253,0.253,0.0,450.7,,0.0,0.0,0.017,0.001,0.001,0.0,0.0,0.0,0.0,0.001,0.001,0.144,0.005,,,,0.296
ECSO,done,2557260.0,23065.0,2095.0,2095.0,0.0,2094.0,xml,xml,1.551,1.551,1698.9,983.1,cuda,457.0,0.0,0.944,0.002,0.069,0.002,0.008,0.196,0.003,0.008,0.008,1.414,0.024,,0.041,0.146,1.01
ECTO,done,32351250.0,404415.0,19658.0,19658.0,0.0,19657.0,xml,xml,24.568,24.568,2324.4,1075.9,cuda,15689.0,0.001,13.164,0.0,2.106,0.034,0.081,6.543,0.234,0.355,0.085,23.989,0.297,,1.984,4.363,10.686
EDAM,done,3990571.0,42499.0,3540.0,3540.0,0.0,3539.0,xml,xml,3.281,3.281,1736.9,991.5,cuda,3538.0,0.0,1.415,0.0,0.273,0.006,0.018,1.108,0.007,0.017,0.013,3.07,0.072,,0.322,0.747,1.382
EDAM-BIOIMAGING,done,491996.0,4847.0,474.0,474.0,0.0,473.0,xml,xml,0.57,0.57,0.0,981.5,cuda,140.0,0.0,0.152,0.0,0.013,0.001,0.002,0.128,0.001,0.002,0.002,0.433,0.012,,0.02,0.104,0.253
EDDA,done,842550.0,6145.0,503.0,503.0,0.0,502.0,xml,xml,0.656,0.656,0.0,981.7,,0.0,0.0,0.22,0.001,0.018,0.001,0.002,0.001,0.001,0.002,0.002,0.515,0.01,0.124,,,0.458
EDDA_PT,done,137249.0,1038.0,94.0,94.0,0.0,93.0,xml,xml,0.368,0.368,0.0,618.6,cuda,1.0,0.0,0.036,0.001,0.004,0.0,0.0,0.023,0.0,0.001,0.001,0.249,0.007,0.041,0.015,0.007,0.185
EDEM-CONNECTONTO,done,460442.0,3415.0,493.0,252.0,241.0,252.0,xml,xml,0.506,0.506,0.0,912.8,cuda,251.0,0.0,0.12,0.001,0.009,0.001,0.002,0.112,0.0,0.001,0.002,0.379,0.012,,0.024,0.085,0.246
EDONTOLOGY,done,1722337.0,15896.0,649.0,271.0,378.0,271.0,xml,xml,0.939,0.939,0.0,471.0,cuda,6.0,0.0,0.458,0.002,0.168,0.001,0.001,0.02,0.007,0.003,0.002,0.816,0.011,,0.009,0.008,0.678
EFO,done,362939258.0,4490775.0,94313.0,94313.0,0.0,94313.0,xml,xml,264.409,264.409,7898.0,1264.2,cuda,79994.0,0.0,145.69,0.0,30.185,0.214,0.681,32.059,2.348,1.245,0.553,260.265,1.607,31.963,9.913,20.836,118.692
EGO,done,5919620.0,57092.0,3125.0,2952.0,173.0,2952.0,xml,xml,4.298,4.298,1762.9,1038.5,cuda,2965.0,0.001,1.979,0.005,0.371,0.006,0.017,1.409,0.019,0.027,0.012,4.11,0.058,,0.509,0.86,2.104
EHDA,done,10736799.0,108363.0,8341.0,8341.0,0.0,8340.0,xml,xml,5.668,5.668,1844.7,450.7,,0.0,0.0,4.05,0.008,0.821,0.01,0.049,0.012,0.032,0.045,0.031,5.477,0.044,,,,3.584
EHDAA,done,2497012.0,25663.0,2315.0,2315.0,0.0,2314.0,xml,xml,1.378,1.378,1698.3,450.7,,0.0,0.0,0.957,0.002,0.073,0.002,0.01,0.003,0.007,0.011,0.007,1.247,0.017,,,,0.945
EHDAA2,done,6395555.0,71035.0,2744.0,2744.0,0.0,2743.0,xml,xml,3.471,3.471,1772.7,937.8,cuda,234.0,0.0,2.399,0.0,0.389,0.003,0.014,0.132,0.036,0.042,0.01,3.301,0.029,,0.023,0.102,2.218
ELD,done,1736364.0,14560.0,2080.0,2079.0,1.0,2.0,xml,xml,1.41,1.41,1685.6,615.9,cuda,2077.0,0.0,0.452,0.002,0.163,0.002,0.006,0.46,0.001,0.002,0.007,1.239,0.043,,0.263,0.182,0.769
ELECTRICA,done,768269.0,7424.0,1741.0,1741.0,0.0,1741.0,xml,xml,0.62,0.62,0.0,660.6,cuda,81.0,0.0,0.235,0.0,0.022,0.002,0.003,0.053,0.002,0.006,0.006,0.477,0.018,,0.011,0.036,0.366
ELIG,done,23227.0,138.0,32.0,30.0,2.0,29.0,xml,xml,0.254,0.254,0.0,450.7,,0.0,0.0,0.006,0.001,0.0,0.0,0.0,0.0,0.0,0.0,0.001,0.129,0.005,,,,0.255
ELTER_CL,done,567825.0,6071.0,695.0,692.0,3.0,32.0,xml,xml,0.586,0.586,0.0,827.3,cuda,90.0,0.0,0.196,0.001,0.016,0.001,0.003,0.082,0.0,0.001,0.003,0.445,0.011,,0.011,0.067,0.383
EMAP,done,21690803.0,225478.0,19445.0,19445.0,0.0,19444.0,xml,xml,11.268,11.268,2043.7,450.7,,0.0,0.0,8.408,0.015,1.234,0.024,0.102,0.029,0.095,0.133,0.081,10.932,0.113,,,,7.227
EMAPA,done,13662945.0,147225.0,8768.0,8768.0,0.0,8768.0,xml,xml,7.587,7.587,1885.6,981.7,cuda,218.0,0.0,5.226,0.0,1.038,0.012,0.044,0.306,0.086,0.09,0.035,7.36,0.066,,0.144,0.143,4.606
EMIF-AD,done,508185.0,4312.0,700.0,700.0,0.0,700.0,xml,xml,0.475,0.475,0.0,521.9,cuda,20.0,0.0,0.14,0.001,0.012,0.001,0.002,0.026,0.001,0.003,0.003,0.333,0.012,,0.009,0.014,0.237
EMO,done,215126.0,1675.0,161.0,161.0,0.0,160.0,xml,xml,0.364,0.364,0.0,596.6,cuda,44.0,0.0,0.06,0.001,0.004,0.0,0.001,0.038,0.0,0.001,0.001,0.235,0.006,,0.009,0.027,0.238
EMRO,done,294007.0,2873.0,92.0,92.0,0.0,92.0,xml,xml,0.444,0.444,0.0,827.3,cuda,90.0,0.0,0.089,0.0,0.008,0.0,0.001,0.073,0.001,0.001,0.001,0.306,0.007,,0.011,0.06,0.256
ENDOH,done,35163.0,220.0,103.0,103.0,0.0,102.0,xml,xml,0.238,0.238,0.0,450.7,,0.0,0.0,0.009,0.001,0.001,0.0,0.0,0.0,0.0,0.001,0.001,0.134,0.005,,,,0.119
ENM,done,25625002.0,257661.0,25805.0,25796.0,9.0,25795.0,xml,xml,20.917,20.917,2129.3,1096.2,cuda,22637.0,0.001,9.088,0.0,1.716,0.043,0.13,8.113,0.044,0.104,0.111,20.257,0.424,,2.467,5.357,8.526
ENTITY,done,383646.0,3453.0,203.0,203.0,0.0,203.0,xml,xml,0.364,0.364,0.0,450.7,,0.0,0.0,0.104,0.001,0.009,0.0,0.001,0.0,0.002,0.002,0.001,0.25,0.006,,,,0.217
ENVO,done,10726683.0,117750.0,6981.0,6937.0,44.0,6936.0,xml,xml,7.695,7.695,1866.8,1045.0,cuda,5166.0,0.0,4.052,0.0,0.648,0.012,0.03,2.109,0.048,0.057,0.027,7.429,0.113,,0.622,1.416,3.726
ENVS_VARIABLES,done,15515.0,129.0,15.0,15.0,0.0,2.0,xml,xml,0.285,0.285,0.0,469.7,cuda,8.0,0.0,0.005,0.001,0.0,0.0,0.0,0.033,0.0,0.0,0.001,0.162,0.005,,0.015,0.017,0.307
ENVTHES,done,6749300.0,66612.0,5659.0,5657.0,2.0,12.0,xml,xml,4.593,4.593,1773.1,1037.3,cuda,2534.0,0.0,2.45,0.005,0.393,0.012,0.027,1.207,0.003,0.005,0.021,4.388,0.073,,0.25,0.909,2.396
EO,done,530306.0,5001.0,769.0,769.0,0.0,768.0,xml,xml,0.478,0.478,0.0,507.0,cuda,22.0,0.0,0.163,0.001,0.014,0.001,0.002,0.025,0.001,0.003,0.003,0.352,0.012,,0.01,0.012,0.272
EO1,done,26342.0,223.0,28.0,27.0,1.0,2.0,xml,xml,0.285,0.285,0.0,483.8,cuda,25.0,0.0,0.008,0.001,0.001,0.0,0.0,0.021,0.0,0.0,0.001,0.153,0.006,,0.01,0.01,0.12
EOL,done,675478.0,5276.0,649.0,649.0,0.0,648.0,xml,xml,0.459,0.459,0.0,450.7,,0.0,0.0,0.188,0.001,0.015,0.001,0.003,0.001,0.001,0.003,0.002,0.346,0.008,,,,0.339
EP,done,199298.0,1180.0,234.0,233.0,1.0,232.0,xml,xml,0.435,0.435,0.0,981.7,cuda,207.0,0.0,0.044,0.001,0.003,0.0,0.001,0.124,0.0,0.001,0.001,0.299,0.01,,0.023,0.097,0.374
EPIE,done,401158.0,4394.0,392.0,392.0,0.0,392.0,xml,xml,0.584,0.584,0.0,982.1,cuda,331.0,0.0,0.116,0.001,0.011,0.001,0.002,0.176,0.001,0.002,0.002,0.441,0.012,,0.038,0.133,0.246
EPILONT,done,114229.0,873.0,138.0,138.0,0.0,138.0,xml,xml,0.316,0.316,0.0,571.7,cuda,52.0,0.0,0.03,0.001,0.003,0.0,0.0,0.036,0.0,0.001,0.001,0.195,0.007,,0.011,0.023,0.168
EPIO,done,3426338.0,32859.0,1916.0,1916.0,0.0,1916.0,xml,xml,2.456,2.456,1725.4,1034.7,cuda,1668.0,0.0,1.022,0.0,0.248,0.003,0.013,0.789,0.004,0.008,0.007,2.286,0.038,,0.162,0.602,1.234
EPIP,done,261633.0,2855.0,263.0,263.0,0.0,263.0,xml,xml,0.505,0.505,0.0,981.8,cuda,252.0,0.0,0.077,0.001,0.007,0.0,0.001,0.148,0.001,0.001,0.002,0.369,0.01,,0.027,0.116,0.201
EPISEM,done,1246856.0,8656.0,1595.0,1595.0,0.0,1594.0,xml,xml,0.634,0.634,0.0,466.8,cuda,5.0,0.0,0.29,0.002,0.025,0.001,0.004,0.021,0.001,0.005,0.005,0.498,0.018,,0.009,0.008,0.502
EPO,done,1212201.0,9906.0,1388.0,1388.0,0.0,1388.0,xml,xml,0.901,0.901,0.0,983.1,cuda,490.0,0.0,0.332,0.0,0.028,0.002,0.004,0.236,0.003,0.008,0.005,0.759,0.021,,0.056,0.171,0.499
EPSO,done,1636847.0,16246.0,2200.0,2198.0,2.0,2198.0,xml,xml,1.258,1.258,1685.4,983.1,cuda,509.0,0.0,0.499,0.002,0.176,0.002,0.005,0.244,0.006,0.01,0.007,1.117,0.027,,0.052,0.183,0.688
ERO,done,4562114.0,37770.0,4084.0,4062.0,22.0,4061.0,xml,xml,3.12,3.12,1742.2,988.2,cuda,2433.0,0.0,1.428,0.004,0.277,0.005,0.018,0.919,0.007,0.016,0.015,2.915,0.061,,0.221,0.662,1.615
ESFO,done,146894.0,1220.0,22.0,22.0,0.0,22.0,xml,xml,0.317,0.317,0.0,505.3,cuda,21.0,0.0,0.037,0.001,0.004,0.0,0.0,0.024,0.0,0.0,0.001,0.202,0.005,,0.01,0.012,0.246
ESO_C,done,124952.0,810.0,180.0,180.0,0.0,179.0,xml,xml,0.268,0.268,0.0,450.7,,0.0,0.0,0.028,0.001,0.003,0.0,0.0,0.0,0.0,0.001,0.001,0.16,0.006,,,,0.166
ESSO,done,2174061.0,12868.0,2706.0,2706.0,0.0,2705.0,xml,xml,0.951,0.951,0.0,638.3,cuda,45.0,0.0,0.413,0.002,0.159,0.002,0.005,0.048,0.006,0.014,0.008,0.803,0.028,,0.012,0.031,0.822
ETANC,done,50714.0,409.0,55.0,54.0,1.0,2.0,xml,xml,0.284,0.284,0.0,476.9,cuda,18.0,0.0,0.014,0.001,0.001,0.0,0.0,0.02,0.0,0.0,0.001,0.161,0.006,,0.01,0.009,0.217
ETHANC,done,40963.0,321.0,33.0,32.0,1.0,2.0,xml,xml,0.285,0.285,0.0,476.9,cuda,18.0,0.0,0.011,0.001,0.001,0.0,0.0,0.021,0.0,0.0,0.001,0.158,0.006,,0.01,0.009,0.237
ETHOPD,done,52224.0,415.0,64.0,63.0,1.0,2.0,xml,xml,0.301,0.301,0.0,456.0,cuda,8.0,0.001,0.014,0.001,0.001,0.0,0.0,0.035,0.0,0.0,0.001,0.177,0.006,,0.017,0.017,0.256
EUPATH,done,6205281.0,68846.0,5170.0,5110.0,60.0,5110.0,xml,xml,4.671,4.671,1780.9,992.0,cuda,3721.0,0.0,2.213,0.0,0.398,0.008,0.022,1.433,0.019,0.039,0.019,4.435,0.085,,0.411,0.977,2.162
EVI,done,71695.0,705.0,37.0,37.0,0.0,37.0,xml,xml,0.319,0.319,0.0,601.0,cuda,36.0,0.0,0.022,0.0,0.002,0.0,0.0,0.037,0.0,0.0,0.001,0.19,0.006,,0.009,0.027,0.139
EVORAO,done,726642.0,6872.0,86.0,83.0,3.0,83.0,xml,xml,0.573,0.573,0.0,783.2,cuda,80.0,0.0,0.217,0.0,0.018,0.0,0.001,0.063,0.002,0.002,0.001,0.447,0.007,,0.01,0.051,0.397
EVS,done,56455.0,542.0,75.0,74.0,1.0,2.0,xml,xml,0.299,0.299,0.0,589.5,cuda,67.0,0.0,0.018,0.001,0.001,0.0,0.0,0.036,0.0,0.0,0.001,0.181,0.006,,0.009,0.025,0.19
EXACT,done,211039.0,1785.0,171.0,163.0,8.0,162.0,xml,xml,0.348,0.348,0.0,546.0,cuda,43.0,0.0,0.056,0.001,0.005,0.0,0.001,0.03,0.001,0.001,0.001,0.225,0.006,,0.009,0.019,0.2
EXMO,done,1720247.0,16280.0,450.0,450.0,0.0,449.0,xml,xml,1.166,1.166,1686.4,983.1,cuda,405.0,0.0,0.492,0.0,0.17,0.001,0.002,0.2,0.003,0.002,0.002,1.025,0.013,,0.042,0.152,0.796
EXO,done,320332.0,2597.0,169.0,169.0,0.0,168.0,xml,xml,0.459,0.459,0.0,876.0,cuda,163.0,0.0,0.092,0.0,0.007,0.0,0.001,0.106,0.001,0.001,0.001,0.337,0.008,,0.022,0.082,0.362
EXON,done,4886.0,31.0,11.0,6.0,5.0,5.0,xml,xml,0.253,0.253,0.0,450.7,,0.0,0.0,0.002,0.001,0.0,0.0,0.0,0.0,0.0,0.0,0.001,0.129,0.005,,,,0.192
EXTRACT,done,15509.0,155.0,23.0,23.0,0.0,2.0,xml,xml,0.269,0.269,0.0,453.0,cuda,5.0,0.0,0.006,0.001,0.001,0.0,0.0,0.031,0.0,0.0,0.001,0.161,0.005,,0.014,0.015,0.272
FALDO,done,31172.0,251.0,19.0,19.0,0.0,19.0,xml,xml,0.317,0.317,0.0,501.0,cuda,16.0,0.0,0.009,0.001,0.001,0.0,0.0,0.059,0.0,0.0,0.001,0.195,0.006,,0.018,0.039,0.121
FALL,done,111768.0,774.0,110.0,52.0,58.0,51.0,xml,xml,0.285,0.285,0.0,450.7,,0.0,0.0,0.028,0.001,0.002,0.0,0.0,0.0,0.0,0.001,0.001,0.161,0.006,,,,0.135
FALLS,done,73355.0,529.0,48.0,31.0,17.0,30.0,xml,xml,0.286,0.286,0.0,451.7,cuda,2.0,0.0,0.02,0.001,0.001,0.0,0.0,0.016,0.0,0.0,0.001,0.164,0.006,,0.007,0.008,0.213
FAO,done,191489.0,2146.0,122.0,122.0,0.0,121.0,xml,xml,0.413,0.413,0.0,867.4,cuda,114.0,0.0,0.062,0.0,0.006,0.0,0.001,0.091,0.001,0.001,0.001,0.289,0.007,,0.016,0.073,0.218
FAST-CHRONO,done,686325.0,6236.0,683.0,4.0,679.0,3.0,xml,xml,0.507,0.507,0.0,450.7,,0.0,0.0,0.218,0.001,0.017,0.001,0.003,0.001,0.0,0.0,0.002,0.377,0.007,,,,0.453
FAST-EVENT,done,18024140.0,193971.0,16982.0,691.0,16291.0,4.0,xml,xml,9.491,9.491,1967.9,450.7,,0.0,0.001,7.262,0.012,1.006,0.029,0.082,0.025,0.008,0.002,0.064,9.193,0.106,,,,6.101
FAST-EVENT-SKOS,done,18024140.0,193971.0,16982.0,691.0,16291.0,4.0,xml,xml,9.476,9.476,1969.5,450.7,,0.0,0.001,7.213,0.013,1.02,0.029,0.084,0.025,0.007,0.002,0.063,9.178,0.105,,,,6.074
FAST-FORMGENRE,done,4434446.0,40034.0,3289.0,254.0,3035.0,3.0,xml,xml,2.277,2.277,1734.3,450.7,,0.0,0.0,1.606,0.003,0.268,0.004,0.014,0.005,0.001,0.0,0.01,2.121,0.022,,,,1.603
FAST-GENREFORM,done,5077414.0,47053.0,3465.0,250.0,3215.0,4.0,xml,xml,2.519,2.519,1749.4,450.7,,0.0,0.0,1.967,0.004,0.142,0.005,0.016,0.005,0.001,0.0,0.011,2.374,0.024,,,,1.783
FAST-TITLE,done,112503971.0,897156.0,65802.0,36.0,65766.0,3.0,xml,xml,50.514,50.514,3172.4,450.7,,0.0,0.001,39.092,0.064,5.893,0.144,0.344,0.115,0.037,0.007,0.316,49.513,0.387,,,,36.838
FASTO,done,13747762.0,90030.0,10026.0,9577.0,449.0,9577.0,xml,xml,5.623,5.623,1800.0,988.3,cuda,248.0,0.0,3.367,0.0,0.514,0.012,0.03,0.163,0.022,0.045,0.036,5.391,0.086,0.834,0.025,0.119,0.341
FB-BT,done,151413009.0,1306671.0,28772.0,28772.0,0.0,28771.0,xml,xml,80.673,80.673,3569.1,1113.9,cuda,28373.0,0.0,46.989,0.0,8.115,0.061,0.272,17.831,0.75,0.547,0.142,79.36,0.515,,3.015,14.034,49.611
FB-CV,done,4480388.0,52438.0,2339.0,2339.0,0.0,2338.0,xml,xml,3.433,3.433,1748.2,1035.6,cuda,1977.0,0.0,1.756,0.0,0.328,0.004,0.012,0.889,0.017,0.014,0.008,3.259,0.043,,0.205,0.659,1.627
FB-DV,done,629116.0,5847.0,223.0,223.0,0.0,222.0,xml,xml,0.618,0.618,0.0,981.7,cuda,211.0,0.0,0.188,0.0,0.015,0.0,0.001,0.124,0.003,0.003,0.002,0.472,0.009,,0.022,0.098,0.294
FB-SP,done,6312957.0,56062.0,6601.0,6601.0,0.0,6600.0,xml,xml,3.134,3.134,1766.5,450.7,,0.0,0.0,2.239,0.005,0.354,0.007,0.03,0.01,0.008,0.022,0.023,2.943,0.046,,,,2.211
FBbi,done,720961.0,8431.0,693.0,690.0,3.0,689.0,xml,xml,0.682,0.682,0.0,981.5,cuda,135.0,0.0,0.245,0.0,0.024,0.001,0.003,0.12,0.002,0.003,0.003,0.555,0.013,,0.022,0.094,0.394
FCC1,done,57263.0,377.0,11.0,10.0,1.0,9.0,xml,xml,0.263,0.263,0.0,450.7,,0.0,0.0,0.013,0.001,0.001,0.0,0.0,0.0,0.0,0.0,0.001,0.14,0.005,,,,0.193
FDC-GDMT,done,773122.0,7532.0,1001.0,1000.0,1.0,2.0,xml,xml,0.709,0.709,0.0,801.8,cuda,542.0,0.0,0.247,0.001,0.02,0.001,0.003,0.163,0.0,0.001,0.004,0.58,0.018,,0.054,0.102,0.354
FDSAJFAHSJK,done,2409.0,10.0,4.0,4.0,0.0,3.0,xml,xml,0.237,0.237,0.0,418.7,,0.0,0.0,0.001,0.001,0.0,0.0,0.0,0.0,0.0,0.0,0.004,0.127,0.007,,,,0.115
FDT-O,done,38189.0,350.0,62.0,48.0,14.0,47.0,xml,xml,0.27,0.27,0.0,467.0,cuda,7.0,0.0,0.012,0.0,0.001,0.0,0.0,0.019,0.0,0.001,0.001,0.16,0.006,,0.009,0.008,0.18
FENICS,done,219212.0,1519.0,196.0,153.0,43.0,153.0,xml,xml,0.386,0.386,0.0,752.3,cuda,87.0,0.0,0.05,0.001,0.004,0.0,0.001,0.07,0.0,0.001,0.001,0.259,0.008,,0.016,0.052,0.195
FG,done,113135.0,784.0,10.0,10.0,0.0,9.0,xml,xml,0.268,0.268,0.0,450.7,,0.0,0.0,0.028,0.001,0.002,0.0,0.0,0.0,0.0,0.0,0.001,0.153,0.005,,,,0.149
FGNHNS,done,4404116.0,41637.0,3914.0,3897.0,17.0,3896.0,xml,xml,2.325,2.325,1734.3,469.3,cuda,13.0,0.0,1.569,0.003,0.301,0.007,0.015,0.027,0.003,0.012,0.014,2.156,0.035,,0.01,0.008,1.578
FHHO,done,831747.0,6571.0,251.0,239.0,12.0,238.0,xml,xml,0.574,0.574,0.0,799.2,cuda,86.0,0.0,0.219,0.001,0.018,0.0,0.0,0.066,0.001,0.002,0.001,0.446,0.008,,0.012,0.052,0.38
FIDEO,done,3557418.0,48547.0,3544.0,3544.0,0.0,3543.0,xml,xml,2.264,2.264,1749.1,450.7,,0.0,0.0,1.486,0.0,0.317,0.004,0.006,0.005,0.017,0.043,0.011,2.113,0.025,,,,1.328
FIRE,done,55402.0,475.0,63.0,54.0,9.0,53.0,xml,xml,0.316,0.316,0.0,602.6,cuda,55.0,0.0,0.017,0.001,0.001,0.0,0.0,0.037,0.0,0.001,0.001,0.183,0.006,,0.009,0.026,0.161
FISH-AST,done,172140.0,1682.0,128.0,127.0,1.0,2.0,xml,xml,0.333,0.333,0.0,451.3,cuda,1.0,0.0,0.055,0.001,0.004,0.0,0.001,0.015,0.0,0.0,0.001,0.205,0.006,,0.007,0.007,0.193
FISHO,done,342342.0,2835.0,395.0,387.0,8.0,386.0,xml,xml,0.459,0.459,0.0,871.3,cuda,101.0,0.0,0.1,0.0,0.008,0.001,0.001,0.078,0.001,0.002,0.002,0.322,0.009,,0.011,0.064,0.219
FIT_BIT,done,44407.0,373.0,42.0,41.0,1.0,2.0,xml,xml,0.348,0.348,0.0,538.4,cuda,39.0,0.0,0.013,0.001,0.001,0.0,0.0,0.085,0.0,0.0,0.001,0.225,0.006,,0.022,0.062,0.136
FIX,done,1156379.0,10551.0,1164.0,1164.0,0.0,1163.0,xml,xml,0.68,0.68,0.0,450.7,,0.0,0.0,0.366,0.001,0.029,0.001,0.005,0.002,0.001,0.005,0.004,0.554,0.012,,,,0.607
FL8DSIP,done,40226.0,366.0,55.0,26.0,29.0,26.0,xml,xml,0.269,0.269,0.0,450.7,,0.0,0.0,0.012,0.001,0.001,0.0,0.0,0.0,0.0,0.001,0.001,0.152,0.005,,,,0.146
FLDLB3,done,11665.0,100.0,14.0,13.0,1.0,2.0,xml,xml,0.28,0.28,0.0,456.1,cuda,11.0,0.0,0.004,0.001,0.0,0.0,0.0,0.022,0.0,0.0,0.001,0.15,0.005,,0.011,0.01,0.22
FLOPO,done,65827948.0,793565.0,35582.0,35580.0,2.0,35581.0,xml,xml,44.501,44.501,2924.7,1125.9,cuda,32788.0,0.0,25.143,0.0,4.943,0.071,0.166,9.575,0.348,0.391,0.165,43.43,0.563,,2.78,6.372,21.72
FLU,done,931438.0,7996.0,605.0,585.0,20.0,585.0,xml,xml,0.761,0.761,0.0,983.1,cuda,440.0,0.0,0.254,0.001,0.022,0.001,0.002,0.207,0.002,0.003,0.003,0.634,0.014,,0.044,0.156,0.41
FLYGLYCODB,done,77499.0,649.0,115.0,115.0,0.0,114.0,xml,xml,0.3,0.3,0.0,473.5,cuda,19.0,0.0,0.023,0.0,0.002,0.0,0.0,0.02,0.0,0.001,0.001,0.177,0.006,,0.01,0.009,0.128
FMA,done,278402719.0,2891929.0,104724.0,104722.0,2.0,104721.0,xml,xml,147.282,147.282,6133.5,987.4,cuda,70.0,0.0,107.291,0.0,19.676,0.18,0.485,0.501,2.166,1.753,0.572,144.519,0.868,0.919,0.029,0.268,91.043
FMPM,done,103183.0,1445.0,163.0,163.0,0.0,162.0,xml,xml,0.3,0.3,0.0,450.7,,0.0,0.0,0.037,0.001,0.004,0.0,0.001,0.0,0.0,0.001,0.001,0.171,0.005,,,,0.16
FNS-H,done,33095585.0,264043.0,38441.0,31465.0,6976.0,31464.0,xml,xml,22.113,22.113,2152.8,1095.9,cuda,22382.0,0.001,9.891,0.02,1.487,0.059,0.161,8.356,0.061,0.171,0.166,21.359,0.504,,2.179,5.849,10.982
FO,done,33919.0,370.0,33.0,33.0,0.0,32.0,xml,xml,0.285,0.285,0.0,458.0,cuda,28.0,0.0,0.014,0.001,0.001,0.0,0.0,0.019,0.0,0.001,0.001,0.16,0.006,,0.01,0.008,0.22
FOAF,done,52849.0,599.0,22.0,22.0,0.0,22.0,xml,xml,0.31,0.31,0.0,461.3,cuda,13.0,0.0,0.019,0.001,0.002,0.0,0.0,0.041,0.0,0.0,0.001,0.184,0.005,,0.018,0.021,0.192
FOBI,done,3286603.0,40460.0,1335.0,1335.0,0.0,1334.0,xml,xml,2.089,2.089,1724.6,981.9,cuda,255.0,0.0,1.259,0.0,0.265,0.002,0.006,0.168,0.024,0.022,0.005,1.947,0.018,,0.036,0.126,1.226
FOODON,done,46581249.0,456610.0,40123.0,40107.0,16.0,40107.0,xml,xml,36.947,36.947,2394.5,1116.0,cuda,29417.0,0.001,16.381,0.0,2.962,0.077,0.201,14.124,0.165,0.32,0.187,36.044,0.581,,3.229,10.423,15.358
FOUR-M_VOCABS,done,161769.0,793.0,397.0,397.0,0.0,396.0,xml,xml,0.285,0.285,0.0,450.7,,0.0,0.0,0.029,0.001,0.002,0.0,0.001,0.001,0.0,0.002,0.002,0.159,0.007,,,,0.193
FOVT,done,46851353.0,575319.0,12321.0,11982.0,339.0,11981.0,xml,xml,29.495,29.495,2505.8,1063.9,cuda,11495.0,0.0,18.358,0.0,3.628,0.025,0.089,4.266,0.247,0.268,0.055,28.92,0.212,,1.285,2.785,15.489
FPLX,done,1627468.0,14321.0,708.0,708.0,0.0,707.0,xml,xml,0.991,0.991,0.0,451.8,cuda,1.0,0.0,0.508,0.002,0.163,0.001,0.003,0.016,0.001,0.003,0.003,0.849,0.011,,0.007,0.007,0.618
FRMO,done,991324.0,6907.0,892.0,891.0,1.0,890.0,xml,xml,0.681,0.681,0.0,942.0,cuda,135.0,0.0,0.244,0.001,0.02,0.001,0.003,0.129,0.001,0.003,0.004,0.547,0.014,,0.027,0.098,0.507
FTC,done,100783900.0,1155233.0,61426.0,61426.0,0.0,61426.0,xml,xml,63.653,63.653,3550.9,1062.7,cuda,23753.0,0.0,35.433,0.056,7.199,0.097,0.187,13.598,0.642,0.92,0.31,62.28,0.669,,3.578,9.59,33.056
FYPO,done,71534736.0,875774.0,16654.0,16637.0,17.0,16636.0,xml,xml,46.369,46.369,3013.0,1075.9,cuda,15633.0,0.001,26.935,0.0,5.62,0.034,0.114,9.201,0.418,0.211,0.087,45.523,0.288,,2.393,6.554,23.697
G-PROV,done,403826.0,3911.0,152.0,138.0,14.0,138.0,xml,xml,0.475,0.475,0.0,912.4,cuda,111.0,0.0,0.116,0.0,0.01,0.0,0.001,0.081,0.001,0.001,0.001,0.344,0.007,,0.011,0.068,0.276
G4-DSIP,done,29103.0,225.0,30.0,29.0,1.0,2.0,xml,xml,0.286,0.286,0.0,511.1,cuda,27.0,0.0,0.008,0.001,0.001,0.0,0.0,0.025,0.0,0.0,0.001,0.162,0.006,,0.01,0.014,0.196
GALEN,done,24480459.0,281492.0,23142.0,23142.0,0.0,23141.0,xml,xml,13.381,13.381,2159.0,690.8,cuda,1167.0,0.0,8.939,0.017,1.853,0.022,0.04,0.522,0.154,0.332,0.081,12.952,0.195,,0.334,0.143,8.126
GALLONT,done,1116680.0,12078.0,402.0,396.0,6.0,395.0,xml,xml,0.855,0.855,0.0,983.1,cuda,348.0,0.0,0.351,0.0,0.034,0.001,0.002,0.168,0.003,0.003,0.002,0.71,0.012,,0.029,0.133,0.453
GAMUTS,done,34933759.0,537796.0,16877.0,16877.0,0.0,16876.0,xml,xml,23.191,23.191,2467.0,450.7,,0.0,0.0,17.096,0.021,2.72,0.026,0.062,0.027,0.432,0.558,0.073,22.754,0.121,,,,11.562
GAZ,done,1308877129.0,12904895.0,668839.0,668839.0,0.0,668838.0,xml,xml,801.792,801.792,19627.2,2565.9,cuda,524249.0,0.0,479.05,0.779,94.649,1.558,4.931,120.058,14.242,9.076,4.89,783.081,9.469,,45.638,66.348,710.043
GB,done,38785.0,312.0,14.0,14.0,0.0,13.0,xml,xml,0.297,0.297,0.0,458.9,cuda,11.0,0.0,0.012,0.001,0.001,0.0,0.0,0.019,0.0,0.0,0.001,0.168,0.006,,0.009,0.008,0.22
GBM,done,94249.0,729.0,109.0,109.0,0.0,109.0,xml,xml,0.302,0.302,0.0,456.2,cuda,4.0,0.0,0.025,0.001,0.002,0.0,0.0,0.019,0.0,0.001,0.001,0.174,0.006,,0.009,0.008,0.201
GBOL,done,1565175.0,17652.0,1705.0,337.0,1368.0,337.0,xml,xml,1.204,1.204,1685.7,983.1,cuda,427.0,0.0,0.517,0.002,0.173,0.002,0.004,0.188,0.006,0.008,0.005,1.067,0.021,,0.042,0.139,0.638
GCBO,done,1256434.0,13199.0,1350.0,1350.0,0.0,1349.0,xml,xml,1.108,1.108,1678.4,983.1,cuda,395.0,0.0,0.398,0.001,0.156,0.001,0.004,0.241,0.002,0.006,0.006,0.964,0.019,,0.044,0.189,0.517
GCDFO,done,554610.0,4874.0,412.0,377.0,35.0,146.0,xml,xml,0.602,0.602,0.0,983.1,cuda,356.0,0.0,0.152,0.0,0.013,0.001,0.002,0.167,0.0,0.001,0.002,0.47,0.012,,0.034,0.128,0.347
GCO,done,9179.0,41.0,5.0,5.0,0.0,5.0,xml,xml,0.237,0.237,0.0,450.7,,0.0,0.0,0.003,0.001,0.0,0.0,0.0,0.0,0.0,0.0,0.001,0.125,0.005,,,,0.214
GDCO,done,145872.0,1332.0,73.0,73.0,0.0,73.0,xml,xml,0.332,0.332,0.0,522.0,cuda,27.0,0.0,0.043,0.0,0.003,0.0,0.0,0.026,0.0,0.001,0.001,0.2,0.006,,0.01,0.014,0.232
GDMT,done,1389798.0,14476.0,1993.0,1992.0,1.0,2.0,xml,xml,1.046,1.046,1679.9,981.5,cuda,128.0,0.0,0.477,0.001,0.161,0.002,0.005,0.1,0.001,0.002,0.006,0.904,0.019,,0.012,0.082,0.611
GDOA,done,295977.0,2234.0,282.0,196.0,86.0,196.0,xml,xml,0.49,0.49,0.0,981.9,cuda,277.0,0.0,0.069,0.0,0.006,0.001,0.001,0.151,0.001,0.001,0.002,0.358,0.01,,0.033,0.114,0.22
GECCO,done,10972312.0,121227.0,5383.0,5383.0,0.0,5383.0,xml,owlready2:rdfxml,4.921,4.921,1059.4,501.3,cuda,78.0,0.0,3.058,0.0,0.698,0.011,0.028,0.258,0.051,0.069,0.029,4.692,0.051,,0.18,0.063,3.728
GECKO,done,182527.0,1506.0,155.0,155.0,0.0,154.0,xml,xml,0.427,0.427,0.0,981.5,cuda,139.0,0.0,0.052,0.0,0.004,0.0,0.001,0.115,0.0,0.001,0.001,0.305,0.008,,0.022,0.091,0.289
GENAI,done,19851.0,137.0,63.0,56.0,7.0,55.0,xml,xml,0.237,0.237,0.0,450.7,,0.0,0.0,0.006,0.001,0.0,0.0,0.0,0.0,0.0,0.001,0.001,0.129,0.005,,,,0.144
GENDER,done,9024.0,65.0,8.0,7.0,1.0,2.0,xml,xml,0.269,0.269,0.0,457.2,cuda,5.0,0.0,0.003,0.001,0.0,0.0,0.0,0.018,0.0,0.0,0.001,0.142,0.005,,0.009,0.008,0.179
GENE-CDS,done,3931712.0,50497.0,2266.0,2266.0,0.0,2265.0,xml,xml,2.344,2.344,1751.2,484.2,cuda,9.0,0.0,1.528,0.003,0.315,0.003,0.006,0.025,0.024,0.041,0.008,2.186,0.023,,0.009,0.011,1.37
GENEPIO,done,9012669.0,86003.0,9389.0,9160.0,229.0,9160.0,xml,xml,7.211,7.211,1816.9,1049.9,cuda,6814.0,0.001,3.166,0.0,0.499,0.015,0.04,2.743,0.015,0.04,0.035,6.907,0.153,,0.635,2.015,3.11
GENO,done,1454511.0,12940.0,875.0,590.0,285.0,590.0,xml,xml,1.189,1.189,1681.3,983.2,cuda,705.0,0.0,0.387,0.0,0.162,0.001,0.003,0.317,0.003,0.004,0.004,1.033,0.02,,0.069,0.236,0.626
GEO,done,35052825.0,308891.0,54873.0,328.0,54545.0,328.0,xml,xml,17.651,17.651,2214.5,982.0,cuda,306.0,0.001,12.584,0.021,2.196,0.077,0.124,0.395,0.206,0.008,0.246,17.01,0.368,,0.174,0.128,11.637
GEOSPARQL,done,132407.0,1134.0,62.0,62.0,0.0,61.0,xml,xml,0.307,0.307,0.0,469.6,cuda,7.0,0.0,0.039,0.001,0.003,0.0,0.0,0.019,0.0,0.001,0.001,0.188,0.006,,0.009,0.008,0.293
GEOSPECIES,done,260871.0,2273.0,290.0,86.0,204.0,86.0,xml,xml,0.348,0.348,0.0,472.2,cuda,14.0,0.0,0.073,0.001,0.006,0.0,0.001,0.02,0.0,0.001,0.002,0.233,0.007,,0.01,0.008,0.19
GERO,done,174964.0,1462.0,73.0,54.0,19.0,53.0,xml,xml,0.364,0.364,0.0,726.6,cuda,66.0,0.0,0.047,0.0,0.004,0.0,0.0,0.061,0.0,0.001,0.001,0.244,0.006,,0.01,0.049,0.252
GEXO,done,226670725.0,2466411.0,166255.0,166255.0,0.0,166254.0,xml,xml,173.654,173.654,4887.2,1517.9,cuda,166254.0,0.0,88.153,0.124,15.889,0.397,0.97,51.035,3.019,0.767,0.942,169.477,2.79,,15.232,33.317,74.156
GFF-M4M,done,266636.0,3179.0,427.0,405.0,22.0,10.0,xml,xml,0.396,0.396,0.0,472.6,cuda,32.0,0.0,0.106,0.001,0.008,0.001,0.001,0.02,0.0,0.0,0.002,0.274,0.008,,0.01,0.008,0.325
GFFO,done,26649.0,101.0,2.0,2.0,0.0,1.0,xml,xml,0.237,0.237,0.0,450.7,,0.0,0.0,0.005,0.001,0.0,0.0,0.0,0.0,0.0,0.0,0.001,0.132,0.005,,,,0.241
GFO,done,81142.0,654.0,45.0,45.0,0.0,45.0,xml,xml,0.302,0.302,0.0,451.8,cuda,1.0,0.0,0.022,0.001,0.002,0.0,0.0,0.015,0.0,0.001,0.001,0.167,0.005,,0.007,0.007,0.126
GFO-BIO,done,155022.0,1277.0,169.0,168.0,1.0,168.0,xml,xml,0.348,0.348,0.0,646.7,cuda,47.0,0.0,0.041,0.001,0.004,0.0,0.0,0.047,0.001,0.001,0.001,0.222,0.007,,0.009,0.035,0.205
GFVO,done,167090.0,1350.0,103.0,103.0,0.0,102.0,xml,xml,0.4,0.4,0.0,875.8,cuda,102.0,0.0,0.042,0.001,0.003,0.0,0.0,0.088,0.0,0.001,0.001,0.265,0.007,,0.011,0.074,0.228
GLYCO,done,4640085.0,38795.0,2014.0,230.0,1784.0,230.0,xml,xml,2.042,2.042,1741.0,983.1,cuda,403.0,0.0,1.311,0.003,0.104,0.002,0.003,0.245,0.037,0.002,0.007,1.901,0.024,,0.072,0.165,1.608
GLYCOCOO,done,61730.0,520.0,52.0,52.0,0.0,51.0,xml,xml,0.285,0.285,0.0,528.8,cuda,34.0,0.0,0.019,0.001,0.001,0.0,0.0,0.028,0.0,0.001,0.001,0.171,0.006,,0.01,0.016,0.12
GLYCORDF,done,299952.0,2762.0,383.0,137.0,246.0,137.0,xml,xml,0.506,0.506,0.0,981.7,cuda,216.0,0.001,0.089,0.001,0.007,0.001,0.001,0.139,0.001,0.001,0.002,0.37,0.01,,0.027,0.108,0.278
GML,done,230971.0,2007.0,198.0,175.0,23.0,175.0,xml,xml,0.348,0.348,0.0,452.2,cuda,4.0,0.0,0.066,0.001,0.005,0.0,0.001,0.018,0.001,0.001,0.001,0.22,0.007,,0.008,0.009,0.276
GMM,done,1290819.0,11388.0,1897.0,1897.0,0.0,1896.0,xml,xml,0.856,0.856,0.0,450.7,,0.0,0.0,0.398,0.001,0.153,0.002,0.006,0.003,0.001,0.006,0.006,0.716,0.018,,,,0.542
GMO,done,1697913.0,19004.0,1562.0,1560.0,2.0,1559.0,xml,xml,1.249,1.249,1685.9,944.6,cuda,204.0,0.0,0.753,0.0,0.051,0.002,0.007,0.119,0.001,0.005,0.005,1.102,0.019,,0.025,0.089,0.657
GNO,done,263614174.0,2967407.0,199340.0,199335.0,5.0,199334.0,xml,xml,190.274,190.274,6096.8,1328.4,cuda,199339.0,0.0,105.029,0.0,18.871,0.382,1.793,45.724,0.415,1.765,1.061,185.4,3.098,,16.112,27.121,86.243
GO,done,183413398.0,1594349.0,51987.0,51987.0,0.0,51986.0,xml,xml,106.922,106.922,4148.0,1171.9,cuda,48340.0,0.0,60.816,0.0,8.763,0.117,0.4,27.31,0.649,0.512,0.257,105.003,0.86,,6.412,20.068,62.677
GO-EXT,done,109045270.0,962502.0,35874.0,35874.0,0.0,35873.0,xml,xml,67.068,67.068,3153.7,1130.6,cuda,34399.0,0.0,35.821,0.063,6.207,0.073,0.245,18.832,0.392,0.38,0.173,65.808,0.607,,4.429,13.87,35.695
GO-PLUS,done,255869822.0,3038498.0,85173.0,85171.0,2.0,85171.0,xml,xml,167.384,167.384,5990.6,1191.9,cuda,55165.0,0.0,99.405,0.0,19.845,0.188,0.563,30.33,1.899,1.647,0.458,164.584,1.111,,7.14,22.171,92.503
GOLDTERMS,done,4708360.0,63666.0,1825.0,1825.0,0.0,1825.0,xml,xml,3.156,3.156,1756.7,723.8,cuda,1114.0,0.0,1.873,0.004,0.37,0.003,0.008,0.391,0.028,0.045,0.006,2.99,0.03,,0.14,0.239,1.654
GPML,done,72930.0,647.0,21.0,20.0,1.0,19.0,xml,xml,0.304,0.304,0.0,489.7,cuda,18.0,0.0,0.023,0.0,0.002,0.0,0.0,0.022,0.0,0.0,0.001,0.174,0.006,,0.009,0.011,0.537
GRO,done,581371.0,5283.0,511.0,507.0,4.0,507.0,xml,xml,0.473,0.473,0.0,452.4,cuda,2.0,0.0,0.165,0.001,0.014,0.001,0.001,0.017,0.002,0.004,0.002,0.344,0.009,,0.007,0.008,0.293
GRO-CPD,done,436029.0,3596.0,239.0,239.0,0.0,238.0,xml,xml,0.521,0.521,0.0,981.8,cuda,228.0,0.0,0.126,0.001,0.01,0.0,0.001,0.127,0.001,0.001,0.001,0.399,0.01,,0.025,0.098,0.267
GRO-CPGA,done,5664908.0,51618.0,1549.0,1549.0,0.0,1548.0,xml,xml,3.424,3.424,1762.8,1033.8,cuda,1356.0,0.0,1.981,0.004,0.337,0.003,0.011,0.651,0.014,0.01,0.006,3.253,0.031,,0.115,0.515,1.989
GS1GDSN,done,21016952.0,235257.0,17475.0,1489.0,15986.0,1488.0,xml,xml,15.201,15.201,2048.1,1071.9,cuda,14110.0,0.0,7.495,0.015,1.291,0.032,0.081,4.881,0.028,0.011,0.072,14.717,0.285,,1.299,3.407,6.984
GS1GPC,done,19661318.0,175197.0,22282.0,22282.0,0.0,22281.0,xml,xml,13.31,13.31,1981.1,1053.6,cuda,8803.0,0.0,6.743,0.013,1.282,0.03,0.109,3.777,0.022,0.079,0.092,12.835,0.269,,0.945,2.682,6.586
GS1WEBVOC,done,3093849.0,23972.0,2208.0,346.0,1862.0,346.0,xml,xml,2.029,2.029,1721.9,986.3,cuda,1760.0,0.0,0.927,0.002,0.071,0.004,0.005,0.676,0.002,0.003,0.007,1.873,0.039,,0.156,0.496,1.111
GSSO,done,22601404.0,207399.0,15449.0,13193.0,2256.0,13192.0,xml,xml,15.697,15.697,2045.4,1071.9,cuda,14006.0,0.0,8.015,0.0,1.153,0.031,0.08,4.926,0.051,0.07,0.074,15.208,0.266,,1.328,3.416,7.506
GVO,done,169627.0,1431.0,87.0,78.0,9.0,77.0,xml,xml,0.33,0.33,0.0,567.5,cuda,82.0,0.0,0.052,0.001,0.004,0.0,0.0,0.034,0.0,0.001,0.001,0.219,0.006,,0.009,0.023,0.188
HAAURAADO,done,2960937.0,32459.0,857.0,857.0,0.0,856.0,xml,xml,1.963,1.963,1718.5,983.6,cuda,845.0,0.0,1.094,0.002,0.244,0.001,0.005,0.256,0.016,0.016,0.003,1.819,0.019,,0.074,0.173,1.078
HAMIDEHSGH,done,360508.0,3630.0,408.0,408.0,0.0,407.0,xml,xml,0.396,0.396,0.0,450.7,,0.0,0.0,0.125,0.001,0.01,0.0,0.002,0.001,0.001,0.002,0.002,0.271,0.008,,,,0.218
HANCESTRO,done,2418090.0,27599.0,1329.0,1310.0,19.0,1310.0,xml,xml,1.661,1.661,1699.0,983.1,cuda,674.0,0.0,0.948,0.0,0.077,0.002,0.006,0.272,0.012,0.013,0.005,1.515,0.022,,0.065,0.196,0.875
HAO,done,7663020.0,75151.0,5362.0,2598.0,2764.0,2597.0,xml,xml,4.667,4.667,1792.0,866.8,cuda,2566.0,0.0,2.86,0.0,0.448,0.008,0.02,0.751,0.03,0.018,0.018,4.461,0.063,,0.242,0.478,2.684
HAROREADO,done,2961023.0,32460.0,857.0,857.0,0.0,856.0,xml,xml,1.98,1.98,1718.9,983.6,cuda,845.0,0.001,1.101,0.002,0.246,0.001,0.005,0.257,0.016,0.016,0.003,1.835,0.019,,0.075,0.173,1.098
HASCO,done,2882923.0,28312.0,3714.0,2546.0,1168.0,2546.0,xml,xml,2.44,2.44,1718.9,988.0,cuda,2364.0,0.0,1.034,0.0,0.232,0.005,0.01,0.761,0.008,0.014,0.013,2.259,0.055,,0.186,0.548,1.058
HCDR,done,83900.0,666.0,120.0,120.0,0.0,119.0,xml,xml,0.269,0.269,0.0,450.7,,0.0,0.0,0.023,0.001,0.002,0.0,0.0,0.0,0.0,0.001,0.001,0.155,0.005,,,,0.138
HCODONONT,done,100058.0,821.0,98.0,98.0,0.0,98.0,xml,xml,0.3,0.3,0.0,453.3,cuda,4.0,0.0,0.025,0.001,0.002,0.0,0.0,0.019,0.001,0.001,0.001,0.175,0.006,,0.009,0.008,0.192
HCPCS,done,16536042.0,137223.0,8058.0,8058.0,0.0,8052.0,xml,xml,7.576,7.576,1876.6,453.1,cuda,4.0,0.0,5.79,0.012,0.759,0.015,0.036,0.061,0.056,0.026,0.033,7.317,0.078,,0.018,0.024,5.52
HDMPONTO,done,759170.0,4341.0,382.0,378.0,4.0,377.0,xml,xml,0.443,0.443,0.0,451.0,cuda,2.0,0.0,0.145,0.001,0.012,0.0,0.001,0.016,0.002,0.002,0.002,0.315,0.008,,0.007,0.007,0.331
HDS,done,36114.0,381.0,50.0,50.0,0.0,49.0,xml,xml,0.285,0.285,0.0,457.5,cuda,15.0,0.0,0.013,0.001,0.001,0.0,0.0,0.019,0.0,0.0,0.001,0.158,0.006,,0.009,0.008,0.149
HECON,done,42026.0,383.0,38.0,17.0,21.0,16.0,xml,xml,0.285,0.285,0.0,468.4,cuda,14.0,0.0,0.014,0.001,0.001,0.0,0.0,0.019,0.0,0.0,0.001,0.157,0.006,,0.009,0.008,0.204
HED,done,1127926.0,12506.0,1358.0,1358.0,0.0,1358.0,xml,xml,0.823,0.823,0.0,453.3,cuda,4.0,0.0,0.349,0.0,0.153,0.001,0.003,0.021,0.003,0.01,0.005,0.689,0.015,,0.009,0.009,0.504
HEIO,done,3111665.0,17670.0,1730.0,125.0,1605.0,125.0,xml,xml,1.54,1.54,1716.4,1029.9,cuda,510.0,0.0,0.627,0.0,0.179,0.002,0.003,0.395,0.008,0.002,0.007,1.378,0.024,,0.049,0.329,1.117
HELIFIT,done,529594.0,3929.0,652.0,511.0,141.0,511.0,xml,xml,0.601,0.601,0.0,983.1,cuda,360.0,0.0,0.129,0.0,0.011,0.001,0.001,0.171,0.001,0.002,0.003,0.45,0.013,,0.036,0.129,0.376
HENECON,done,1528669.0,10059.0,1844.0,1842.0,2.0,1841.0,xml,xml,1.107,1.107,1682.6,984.1,cuda,1038.0,0.0,0.371,0.0,0.029,0.002,0.004,0.391,0.002,0.007,0.007,0.956,0.027,,0.097,0.279,0.58
HENEGEO,done,30058430.0,295110.0,29997.0,29997.0,0.0,29996.0,xml,xml,15.971,15.971,2233.7,649.6,cuda,62.0,0.0,11.632,0.0,2.048,0.051,0.174,0.238,0.031,0.099,0.119,15.527,0.182,,0.065,0.124,9.949
HFO,done,1023924.0,10592.0,1653.0,1653.0,0.0,1652.0,xml,xml,0.649,0.649,0.0,450.7,,0.0,0.0,0.328,0.001,0.029,0.002,0.005,0.002,0.001,0.006,0.005,0.523,0.015,,,,0.447
HGNC,done,261044881.0,2443911.0,47438.0,47438.0,0.0,47437.0,xml,xml,115.106,115.106,5171.1,450.7,,0.0,0.0,86.541,0.149,15.394,0.07,0.34,0.084,0.879,0.357,0.243,113.247,0.259,,,,94.148
HGNC-NR,done,231250842.0,2307084.0,50281.0,50281.0,0.0,50280.0,xml,xml,117.834,117.834,5125.6,450.7,,0.0,0.0,89.948,0.0,15.178,0.199,0.612,0.096,0.758,0.192,0.241,116.014,0.277,,,,75.684
HHEAR,done,3844009.0,37553.0,4574.0,3691.0,883.0,3691.0,xml,xml,3.709,3.709,1733.6,992.7,cuda,3954.0,0.0,1.365,0.0,0.268,0.006,0.013,1.588,0.008,0.02,0.018,3.489,0.08,,0.724,0.82,1.364
HHEARP,done,2883276.0,28444.0,3726.0,2521.0,1205.0,2521.0,xml,xml,2.388,2.388,1720.0,988.1,cuda,2397.0,0.0,0.966,0.002,0.233,0.005,0.01,0.766,0.008,0.014,0.013,2.199,0.055,,0.187,0.55,1.074
HHEARVS,done,4737557.0,44766.0,10291.0,10290.0,1.0,3.0,xml,xml,2.244,2.244,1747.6,450.7,,0.0,0.0,1.456,0.003,0.284,0.011,0.021,0.014,0.004,0.007,0.029,2.038,0.069,,,,1.779
HIFM,done,11913.0,69.0,2.0,2.0,0.0,1.0,xml,xml,0.274,0.274,0.0,451.1,cuda,1.0,0.0,0.004,0.001,0.0,0.0,0.0,0.032,0.0,0.0,0.001,0.16,0.005,,0.016,0.015,0.22
HINO,done,80227398.0,799186.0,37631.0,37631.0,0.0,37630.0,xml,xml,48.67,48.67,2880.5,1084.6,cuda,18682.0,0.001,28.451,0.045,4.992,0.068,0.144,9.578,0.683,0.761,0.181,47.729,0.441,,2.904,6.306,26.547
HIO,done,591241.0,6090.0,496.0,496.0,0.0,496.0,xml,xml,0.719,0.719,0.0,983.1,cuda,18.0,0.0,0.182,0.0,0.017,0.001,0.003,0.026,0.001,0.002,0.002,0.583,0.011,0.204,0.009,0.015,0.301
HIV,parse_failed,2411067.0,,,,,0.0,,,0.004,,,,,,,,,,,,,,,,,,,,,1.323
HIVCRS,done,7938.0,42.0,9.0,9.0,0.0,8.0,xml,xml,0.255,0.255,0.0,450.7,,0.0,0.0,0.002,0.001,0.0,0.0,0.0,0.0,0.0,0.0,0.001,0.127,0.006,,,,0.146
HIVHPVFGS,done,10792.0,84.0,10.0,9.0,1.0,2.0,xml,xml,0.275,0.275,0.0,459.8,cuda,7.0,0.0,0.004,0.001,0.0,0.0,0.0,0.021,0.0,0.0,0.001,0.152,0.006,,0.01,0.01,0.192
HIVHPVSCHISTOSOM,done,16299.0,126.0,13.0,12.0,1.0,2.0,xml,xml,0.268,0.268,0.0,452.9,cuda,2.0,0.0,0.005,0.001,0.0,0.0,0.0,0.032,0.0,0.0,0.001,0.159,0.005,,0.017,0.014,0.124
HIVMT,done,261962.0,1830.0,163.0,162.0,1.0,161.0,xml,xml,0.363,0.363,0.0,529.5,cuda,19.0,0.0,0.065,0.001,0.005,0.0,0.0,0.03,0.001,0.002,0.001,0.244,0.007,,0.011,0.017,0.201
HIVO004,done,1624386.0,11699.0,2207.0,2114.0,93.0,2114.0,xml,xml,0.997,0.997,0.0,981.6,cuda,162.0,0.0,0.394,0.002,0.155,0.002,0.004,0.127,0.004,0.011,0.008,0.849,0.026,,0.032,0.09,0.814
HL7,done,15800330.0,121554.0,9118.0,9118.0,0.0,9104.0,xml,xml,9.947,9.947,1871.9,1049.9,cuda,6826.0,0.0,5.3,0.012,0.709,0.02,0.042,2.933,0.059,0.033,0.037,9.631,0.143,,0.707,2.106,5.313
HMIS033B,done,15811.0,272.0,0.0,0.0,0.0,0.0,turtle,turtle,0.284,0.284,0.0,418.7,,0.0,0.0,0.012,0.001,0.001,0.0,0.0,0.0,0.0,0.0,,0.152,0.003,,,,0.264
HMISLAB0115,done,20125.0,162.0,21.0,20.0,1.0,2.0,xml,xml,0.302,0.302,0.0,469.0,cuda,18.0,0.0,0.006,0.001,0.0,0.0,0.0,0.034,0.0,0.0,0.001,0.17,0.005,,0.017,0.016,0.123
HNS,done,329297.0,2187.0,684.0,547.0,137.0,546.0,xml,xml,0.332,0.332,0.0,450.7,,0.0,0.0,0.081,0.001,0.006,0.001,0.001,0.001,0.001,0.002,0.002,0.221,0.01,,,,0.203
HO,done,232191.0,2222.0,215.0,214.0,1.0,213.0,xml,xml,0.46,0.46,0.0,846.5,cuda,175.0,0.0,0.066,0.0,0.007,0.0,0.001,0.107,0.001,0.001,0.001,0.321,0.009,,0.025,0.079,0.24
HOIP,done,34182474.0,317379.0,14018.0,14018.0,0.0,14018.0,xml,xml,21.554,21.554,2218.4,1063.9,cuda,11317.0,0.0,11.18,0.0,2.169,0.029,0.067,5.992,0.179,0.231,0.059,21.091,0.217,,1.558,4.257,11.4
HOM,done,136248.0,1098.0,67.0,67.0,0.0,66.0,xml,xml,0.327,0.327,0.0,600.7,cuda,66.0,0.0,0.039,0.0,0.003,0.0,0.0,0.039,0.0,0.001,0.001,0.208,0.006,,0.009,0.027,0.232
HOME,done,63378.0,469.0,83.0,83.0,0.0,82.0,xml,xml,0.269,0.269,0.0,450.7,,0.0,0.0,0.015,0.001,0.001,0.0,0.0,0.0,0.0,0.001,0.001,0.142,0.005,,,,0.14
HOOM,done,264437655.0,3725403.0,135862.0,135861.0,1.0,135860.0,xml,xml,154.137,154.137,7344.3,684.1,cuda,4378.0,0.0,104.793,0.151,23.996,0.228,0.419,1.32,1.901,4.738,0.719,150.631,1.302,,0.499,0.503,86.477
HOOM_V3,done,41763458.0,509327.0,120425.0,4353.0,116072.0,4352.0,xml,xml,25.602,25.602,2425.4,450.7,,0.0,0.001,18.971,0.025,2.732,0.113,0.291,0.2,0.069,0.021,0.414,24.625,0.635,,,,13.812
HORD,done,15903098.0,112711.0,14613.0,14558.0,55.0,14558.0,xml,xml,5.795,5.795,1872.2,494.7,cuda,17.0,0.0,4.234,0.012,0.617,0.011,0.034,0.044,0.015,0.052,0.043,5.546,0.089,,0.01,0.011,5.311
HOSP,done,12883.0,85.0,9.0,7.0,2.0,6.0,xml,xml,0.283,0.283,0.0,418.7,,0.0,0.0,0.008,0.001,0.0,0.0,0.0,0.0,0.0,0.0,0.004,0.15,0.007,,,,0.107
HP,done,47043356.0,393535.0,23928.0,23928.0,0.0,23927.0,xml,xml,27.869,27.869,2324.4,1081.9,cuda,17528.0,0.001,15.581,0.0,2.084,0.044,0.156,7.514,0.114,0.097,0.11,27.209,0.343,,1.878,5.354,15.827
HPIO,done,287475.0,2316.0,276.0,276.0,0.0,275.0,xml,xml,0.523,0.523,0.0,981.9,cuda,263.0,0.0,0.069,0.001,0.006,0.0,0.001,0.163,0.0,0.001,0.002,0.379,0.011,,0.032,0.125,0.254
HPO,done,234288.0,1768.0,276.0,115.0,161.0,114.0,xml,xml,0.333,0.333,0.0,450.7,,0.0,0.0,0.055,0.001,0.004,0.0,0.001,0.0,0.001,0.002,0.001,0.202,0.007,,,,0.179
HP_O,done,198755.0,1306.0,200.0,200.0,0.0,199.0,xml,xml,0.298,0.298,0.0,418.7,,0.0,0.0,0.043,0.001,0.004,0.0,0.0,0.0,0.001,0.002,0.001,0.179,0.006,,,,0.264
HRA,done,206415750.0,2158653.0,187911.0,12476.0,175435.0,12476.0,xml,xml,99.23,99.23,4684.6,1046.1,cuda,5544.0,0.0,69.607,0.119,13.727,0.298,1.048,3.071,0.245,0.129,0.943,96.556,1.383,,0.776,1.857,67.591
HRAVS,done,782416.0,6857.0,735.0,734.0,1.0,2.0,xml,xml,0.775,0.775,0.0,983.1,cuda,546.0,0.0,0.219,0.001,0.018,0.001,0.002,0.263,0.0,0.001,0.003,0.644,0.016,,0.067,0.188,0.425
HRDO,done,48998529.0,613614.0,13540.0,13540.0,0.0,13539.0,xml,xml,27.655,27.655,2506.4,451.0,cuda,1.0,0.001,20.491,0.029,3.809,0.048,0.09,0.054,0.274,0.35,0.062,27.17,0.124,,0.015,0.016,16.123
HSAPDV,done,605898.0,7090.0,261.0,261.0,0.0,260.0,xml,xml,0.635,0.635,0.0,981.9,cuda,260.0,0.0,0.206,0.0,0.018,0.0,0.002,0.137,0.003,0.003,0.002,0.506,0.009,,0.029,0.104,0.467
HSO,done,1427319.0,12335.0,640.0,448.0,192.0,448.0,xml,xml,1.045,1.045,1680.9,981.9,cuda,276.0,0.0,0.41,0.0,0.158,0.001,0.003,0.179,0.002,0.003,0.003,0.906,0.013,,0.036,0.137,0.599
HSPO,done,214495056.0,2187388.0,52661.0,52461.0,200.0,52461.0,xml,xml,121.948,121.948,4832.7,1148.3,cuda,40291.0,0.0,78.688,0.118,14.415,0.107,0.328,16.63,0.856,0.327,0.266,119.804,0.783,,4.872,11.108,70.148
HTN,done,1399372.0,12078.0,603.0,603.0,0.0,603.0,xml,xml,1.013,1.013,1679.6,983.1,cuda,417.0,0.0,0.359,0.002,0.157,0.001,0.003,0.188,0.002,0.004,0.003,0.862,0.015,,0.047,0.136,0.54
HTNCO,done,141272.0,1179.0,158.0,158.0,0.0,158.0,xml,xml,0.284,0.284,0.0,450.7,,0.0,0.0,0.034,0.001,0.003,0.0,0.0,0.0,0.0,0.002,0.001,0.166,0.006,,,,0.195
HUPSON,done,3864107.0,31385.0,2933.0,2920.0,13.0,2920.0,xml,xml,3.527,3.527,1698.4,1038.3,cuda,1492.0,0.0,1.092,0.003,0.245,0.004,0.011,0.465,0.006,0.016,0.011,3.341,0.05,1.296,0.117,0.33,1.392
I-ADOPT,done,30694.0,199.0,10.0,10.0,0.0,9.0,xml,xml,0.301,0.301,0.0,469.2,cuda,9.0,0.0,0.009,0.0,0.001,0.0,0.0,0.038,0.0,0.0,0.001,0.172,0.005,,0.013,0.023,0.18
I2SV,done,210946.0,1333.0,190.0,189.0,1.0,2.0,xml,xml,0.316,0.316,0.0,453.0,cuda,1.0,0.0,0.042,0.001,0.004,0.0,0.001,0.015,0.0,0.0,0.001,0.189,0.006,,0.007,0.007,0.186
IAML-MOP,done,581646.0,7044.0,423.0,422.0,1.0,2.0,xml,xml,0.522,0.522,0.0,451.9,cuda,1.0,0.0,0.224,0.001,0.02,0.001,0.002,0.015,0.0,0.0,0.002,0.401,0.008,,0.006,0.007,0.314
IAO,done,652471.0,5547.0,286.0,267.0,19.0,267.0,xml,xml,0.585,0.585,0.0,981.8,cuda,246.0,0.0,0.178,0.0,0.015,0.001,0.001,0.128,0.001,0.002,0.002,0.462,0.01,,0.024,0.1,0.366
IBD,done,245551.0,1975.0,365.0,363.0,2.0,362.0,xml,xml,0.333,0.333,0.0,450.7,,0.0,0.0,0.063,0.001,0.005,0.0,0.001,0.0,0.001,0.002,0.001,0.202,0.007,,,,0.159
IBIO,done,245551.0,1975.0,365.0,363.0,2.0,362.0,xml,xml,0.316,0.316,0.0,450.7,,0.0,0.0,0.064,0.001,0.005,0.0,0.001,0.001,0.001,0.002,0.002,0.202,0.007,,,,0.208
IBO,done,825289.0,6843.0,555.0,555.0,0.0,555.0,xml,xml,0.634,0.634,0.0,981.6,cuda,173.0,0.0,0.215,0.001,0.019,0.001,0.002,0.122,0.002,0.004,0.002,0.504,0.012,,0.022,0.096,0.352
ICD-O-3,done,2462048.0,22913.0,2754.0,2754.0,0.0,2753.0,xml,xml,1.315,1.315,1698.9,616.1,cuda,77.0,0.0,0.839,0.0,0.066,0.002,0.005,0.047,0.007,0.013,0.007,1.159,0.024,,0.012,0.029,0.922
ICD10CM,done,117300869.0,920471.0,98639.0,98639.0,0.0,98633.0,xml,xml,53.417,53.417,3252.5,453.1,cuda,4.0,0.0,40.1,0.064,5.383,0.203,0.435,0.311,0.835,0.539,0.537,51.933,0.758,,0.018,0.024,38.471
ICD10PCS,done,230261352.0,1701372.0,192693.0,192693.0,0.0,192687.0,xml,xml,101.041,101.041,4639.6,453.1,cuda,4.0,0.0,73.096,0.122,12.154,0.438,0.901,0.568,1.703,1.483,1.091,98.297,1.432,,0.018,0.024,75.45
ICD9CM,done,24696508.0,190376.0,22539.0,22539.0,0.0,22533.0,xml,xml,11.361,11.361,2029.6,453.1,cuda,4.0,0.0,8.237,0.017,1.44,0.04,0.086,0.096,0.127,0.091,0.103,10.98,0.17,,0.018,0.024,8.193
ICDO,done,2159534.0,20603.0,1389.0,1389.0,0.0,1388.0,xml,xml,1.548,1.548,1690.8,984.2,cuda,1059.0,0.0,0.76,0.002,0.059,0.002,0.007,0.39,0.003,0.007,0.005,1.402,0.027,,0.118,0.259,0.819
ICECI,done,2787112.0,22555.0,2232.0,2232.0,0.0,2232.0,xml,xml,1.419,1.419,1705.6,450.7,,0.0,0.0,1.007,0.002,0.068,0.003,0.005,0.005,0.003,0.007,0.008,1.277,0.022,,,,0.999
ICEO,done,44762764.0,560597.0,30915.0,30915.0,0.0,30914.0,xml,xml,26.951,26.951,2491.9,994.4,cuda,4540.0,0.001,18.326,0.026,3.592,0.048,0.237,1.534,0.287,0.279,0.139,26.324,0.263,,0.709,0.729,14.784
ICF,done,4134028.0,33390.0,4851.0,1596.0,3255.0,1596.0,xml,xml,2.155,2.155,1694.4,453.3,cuda,4.0,0.0,1.404,0.003,0.262,0.006,0.01,0.027,0.016,0.006,0.019,1.985,0.044,0.024,0.009,0.009,1.459
ICHOM-PROMS-PCB,done,159964.0,1388.0,109.0,108.0,1.0,2.0,xml,xml,0.396,0.396,0.0,893.4,cuda,106.0,0.0,0.043,0.001,0.004,0.0,0.001,0.09,0.0,0.0,0.001,0.267,0.007,,0.012,0.076,0.181
ICO,done,1975580.0,19274.0,1214.0,1197.0,17.0,1197.0,xml,xml,1.489,1.489,1688.5,984.4,cuda,1139.0,0.0,0.689,0.0,0.054,0.002,0.006,0.408,0.004,0.008,0.005,1.338,0.027,,0.099,0.295,0.8
ICOP,done,1187683.0,12480.0,506.0,506.0,0.0,505.0,xml,xml,1.046,1.046,1678.2,983.1,cuda,493.0,0.0,0.367,0.0,0.156,0.001,0.003,0.224,0.003,0.004,0.002,0.904,0.015,,0.051,0.167,0.524
ICPS,done,1093800.0,9729.0,1157.0,398.0,759.0,398.0,xml,xml,0.651,0.651,0.0,527.7,cuda,24.0,0.0,0.324,0.001,0.028,0.001,0.002,0.029,0.003,0.002,0.004,0.535,0.014,,0.01,0.016,0.487
ICW,done,51584.0,561.0,104.0,104.0,0.0,104.0,xml,xml,0.273,0.273,0.0,450.9,cuda,1.0,0.0,0.018,0.001,0.001,0.0,0.0,0.014,0.0,0.001,0.001,0.161,0.006,,0.007,0.006,0.162
ID-AMR,done,156831.0,1752.0,275.0,274.0,1.0,2.0,xml,xml,0.331,0.331,0.0,460.6,cuda,5.0,0.0,0.057,0.001,0.004,0.0,0.001,0.02,0.0,0.0,0.001,0.21,0.007,,0.009,0.009,0.276
IDEM,done,23670.0,256.0,41.0,41.0,0.0,2.0,xml,xml,0.285,0.285,0.0,451.1,cuda,1.0,0.0,0.01,0.001,0.001,0.0,0.0,0.014,0.0,0.0,0.001,0.165,0.006,,0.007,0.006,0.179
IDG_GL,done,129595.0,1269.0,419.0,419.0,0.0,419.0,xml,xml,0.301,0.301,0.0,450.7,,0.0,0.0,0.046,0.0,0.003,0.0,0.001,0.001,0.0,0.001,0.002,0.179,0.006,,,,0.137
IDO,done,651034.0,6761.0,364.0,362.0,2.0,362.0,xml,xml,0.633,0.633,0.0,982.1,cuda,336.0,0.0,0.191,0.0,0.018,0.001,0.001,0.152,0.002,0.003,0.002,0.506,0.011,,0.032,0.116,0.412
IDO-COVID-19,done,800250.0,8461.0,489.0,486.0,3.0,486.0,xml,xml,0.763,0.763,0.0,983.1,cuda,448.0,0.0,0.239,0.0,0.025,0.001,0.002,0.197,0.002,0.005,0.002,0.621,0.014,,0.046,0.145,0.404
IDOBRU,done,6456068.0,61009.0,3275.0,3214.0,61.0,3214.0,xml,xml,4.279,4.279,1767.0,1035.7,cuda,1992.0,0.0,2.139,0.005,0.363,0.006,0.015,1.255,0.021,0.024,0.013,4.096,0.049,,0.345,0.868,2.264
IDODEN,done,4521843.0,37347.0,5020.0,5020.0,0.0,5019.0,xml,xml,3.455,3.455,1742.4,995.4,cuda,4894.0,0.0,1.435,0.003,0.26,0.006,0.018,1.263,0.008,0.02,0.018,3.237,0.091,,0.566,0.654,1.594
IDOMAL,done,5731051.0,50237.0,3159.0,3159.0,0.0,3158.0,xml,xml,3.658,3.658,1759.7,988.9,cuda,2661.0,0.0,1.99,0.004,0.325,0.005,0.016,0.851,0.015,0.013,0.012,3.466,0.056,,0.249,0.572,2.058
IDQA,done,309986.0,2506.0,261.0,261.0,0.0,260.0,xml,xml,0.377,0.377,0.0,562.7,cuda,27.0,0.0,0.091,0.001,0.007,0.0,0.001,0.031,0.0,0.001,0.001,0.263,0.007,,0.011,0.018,0.269
IFAR,done,3365610.0,24082.0,4531.0,4531.0,0.0,4530.0,xml,xml,2.8,2.8,1725.5,1042.6,cuda,4342.0,0.0,1.004,0.003,0.07,0.006,0.01,1.278,0.004,0.016,0.016,2.585,0.082,,0.38,0.857,1.344
ILLNESSINJURY,done,98498.0,653.0,148.0,22.0,126.0,21.0,xml,xml,0.269,0.269,0.0,450.7,,0.0,0.0,0.025,0.001,0.002,0.0,0.0,0.0,0.0,0.0,0.001,0.151,0.006,,,,0.143
IMGT-ONTOLOGY,done,3592157.0,30867.0,1429.0,1429.0,0.0,1429.0,xml,xml,1.918,1.918,1731.4,985.3,cuda,1428.0,0.001,1.021,0.0,0.081,0.002,0.006,0.442,0.006,0.01,0.005,1.758,0.029,,0.153,0.275,1.336
IMOBO,done,31338.0,307.0,103.0,103.0,0.0,102.0,xml,xml,0.253,0.253,0.0,450.7,,0.0,0.0,0.012,0.001,0.001,0.0,0.0,0.0,0.0,0.001,0.001,0.14,0.005,,,,0.159
INBANCIDO,done,15874101.0,150874.0,7866.0,7834.0,32.0,7834.0,xml,xml,9.456,9.456,1900.9,1041.5,cuda,3988.0,0.0,5.707,0.012,0.823,0.013,0.054,1.845,0.069,0.071,0.033,9.191,0.102,,0.608,1.178,5.319
INBIO,done,737192.0,8140.0,495.0,495.0,0.0,495.0,xml,xml,0.682,0.682,0.0,983.1,cuda,375.0,0.0,0.222,0.0,0.022,0.001,0.002,0.166,0.002,0.004,0.002,0.559,0.014,,0.03,0.13,0.331
INBIODIV,done,374830.0,2731.0,631.0,629.0,2.0,628.0,xml,xml,0.38,0.38,0.0,453.5,cuda,4.0,0.0,0.092,0.001,0.007,0.001,0.001,0.02,0.001,0.002,0.002,0.254,0.01,,0.009,0.009,0.213
INCENTIVE,done,57950.0,573.0,85.0,84.0,1.0,2.0,xml,xml,0.332,0.332,0.0,561.0,cuda,43.0,0.0,0.019,0.001,0.002,0.0,0.0,0.032,0.0,0.0,0.001,0.194,0.006,,0.011,0.02,0.178
INCENTIVE-VARS,done,57950.0,573.0,85.0,84.0,1.0,2.0,xml,xml,0.299,0.299,0.0,561.0,cuda,43.0,0.0,0.019,0.001,0.002,0.0,0.0,0.032,0.0,0.0,0.001,0.179,0.006,,0.011,0.019,0.217
INFECTION_TRANS,done,37978.0,289.0,28.0,23.0,5.0,22.0,xml,xml,0.286,0.286,0.0,506.2,cuda,16.0,0.0,0.011,0.001,0.001,0.0,0.0,0.022,0.0,0.0,0.001,0.16,0.006,,0.009,0.012,0.179
INFRARISK,done,47366.0,409.0,35.0,34.0,1.0,33.0,xml,xml,0.285,0.285,0.0,483.8,cuda,28.0,0.0,0.014,0.001,0.001,0.0,0.0,0.022,0.0,0.0,0.001,0.161,0.005,,0.01,0.01,0.11
INJURYTYPES,done,12018.0,97.0,12.0,11.0,1.0,2.0,xml,xml,0.29,0.29,0.0,467.0,cuda,9.0,0.0,0.004,0.001,0.0,0.0,0.0,0.032,0.0,0.0,0.001,0.157,0.005,,0.015,0.015,0.322
INO,done,533173.0,4360.0,329.0,329.0,0.0,328.0,xml,xml,0.601,0.601,0.0,981.9,cuda,288.0,0.001,0.144,0.001,0.012,0.001,0.002,0.167,0.001,0.002,0.002,0.463,0.011,,0.033,0.13,0.307
INSECTH,done,136175.0,1018.0,334.0,163.0,171.0,162.0,xml,xml,0.296,0.296,0.0,450.7,,0.0,0.0,0.039,0.001,0.003,0.0,0.001,0.0,0.0,0.001,0.002,0.173,0.006,,,,0.168
INSNAME,done,23911.0,189.0,27.0,26.0,1.0,2.0,xml,xml,0.289,0.289,0.0,459.3,cuda,24.0,0.0,0.007,0.001,0.001,0.0,0.0,0.02,0.0,0.0,0.001,0.161,0.005,,0.01,0.008,0.186
INTO,done,615968.0,5234.0,1187.0,261.0,926.0,261.0,xml,xml,0.492,0.492,0.0,467.2,cuda,18.0,0.0,0.183,0.001,0.015,0.001,0.003,0.021,0.003,0.001,0.004,0.368,0.014,,0.01,0.008,0.302
INTVEETYPE,done,9624.0,73.0,9.0,8.0,1.0,2.0,xml,xml,0.253,0.253,0.0,458.5,cuda,6.0,0.0,0.003,0.001,0.0,0.0,0.0,0.018,0.0,0.0,0.001,0.143,0.005,,0.009,0.008,0.134
INTVMODE,done,11643.0,89.0,11.0,10.0,1.0,2.0,xml,xml,0.27,0.27,0.0,461.1,cuda,8.0,0.0,0.004,0.001,0.0,0.0,0.0,0.022,0.0,0.0,0.001,0.148,0.005,,0.01,0.011,0.277
INVERSEROLES,done,380683.0,3281.0,203.0,203.0,0.0,203.0,xml,xml,0.359,0.359,0.0,450.7,,0.0,0.0,0.1,0.001,0.008,0.0,0.001,0.0,0.001,0.002,0.001,0.243,0.006,,,,0.237
IOBC,done,171797697.0,1962483.0,126847.0,126847.0,0.0,126847.0,xml,xml,98.377,98.377,4284.8,467.9,cuda,9.0,0.001,73.301,0.0,12.806,0.45,0.693,0.359,0.859,0.771,0.676,96.327,0.914,,0.022,0.041,56.35
IPD,done,36580.0,294.0,14.0,9.0,5.0,8.0,xml,xml,0.301,0.301,0.0,479.8,cuda,7.0,0.0,0.011,0.0,0.001,0.0,0.0,0.038,0.0,0.0,0.001,0.177,0.006,,0.011,0.026,0.234
IRAEO,done,1339759.0,14789.0,863.0,863.0,0.0,862.0,xml,xml,0.887,0.887,0.0,450.7,,0.0,0.0,0.426,0.001,0.162,0.001,0.004,0.001,0.005,0.007,0.003,0.762,0.011,,,,0.574
IRD,done,343298.0,4333.0,542.0,542.0,0.0,541.0,xml,xml,0.426,0.426,0.0,450.7,,0.0,0.0,0.124,0.001,0.011,0.001,0.003,0.001,0.0,0.002,0.002,0.29,0.009,,,,0.221
IRDG,done,99232.0,863.0,50.0,50.0,0.0,49.0,xml,xml,0.316,0.316,0.0,561.4,cuda,32.0,0.0,0.029,0.001,0.003,0.0,0.0,0.031,0.0,0.001,0.001,0.188,0.006,,0.009,0.02,0.213
ISO-15926-2_2003,done,343723.0,3070.0,203.0,203.0,0.0,203.0,xml,xml,0.364,0.364,0.0,450.7,,0.0,0.0,0.093,0.001,0.008,0.0,0.001,0.0,0.001,0.002,0.001,0.243,0.007,,,,0.311
ISO-ANNOTATIONS,done,458958.0,3705.0,203.0,203.0,0.0,203.0,xml,xml,0.364,0.364,0.0,450.7,,0.0,0.0,0.112,0.001,0.009,0.0,0.001,0.0,0.001,0.002,0.001,0.258,0.006,,,,0.294
ISO-FOOD,done,1289923.0,10678.0,1445.0,1323.0,122.0,1323.0,xml,xml,0.871,0.871,0.0,896.3,cuda,411.0,0.0,0.368,0.001,0.03,0.001,0.004,0.174,0.003,0.004,0.005,0.737,0.019,,0.039,0.129,0.563
ISO19108TO,done,57954.0,501.0,17.0,17.0,0.0,17.0,xml,xml,0.285,0.285,0.0,456.6,cuda,5.0,0.0,0.017,0.001,0.001,0.0,0.0,0.019,0.0,0.001,0.001,0.164,0.006,,0.009,0.008,0.15
ISO19110,done,105966.0,919.0,44.0,39.0,5.0,36.0,xml,xml,0.308,0.308,0.0,494.6,cuda,16.0,0.0,0.029,0.001,0.003,0.0,0.0,0.024,0.0,0.001,0.001,0.188,0.006,,0.011,0.011,0.245
ISO19115,done,611516.0,5750.0,375.0,135.0,240.0,135.0,xml,xml,0.587,0.587,0.0,714.4,cuda,357.0,0.0,0.184,0.001,0.016,0.001,0.001,0.105,0.001,0.001,0.002,0.445,0.012,,0.033,0.068,0.32
ISO19115CC,done,60519.0,548.0,75.0,47.0,28.0,21.0,xml,xml,0.269,0.269,0.0,467.8,cuda,11.0,0.0,0.018,0.001,0.001,0.0,0.0,0.019,0.0,0.0,0.001,0.162,0.006,,0.009,0.008,0.202
ISO19115CI,done,150312.0,1227.0,175.0,94.0,81.0,23.0,xml,xml,0.306,0.306,0.0,460.0,cuda,11.0,0.0,0.039,0.001,0.004,0.0,0.0,0.019,0.0,0.001,0.001,0.191,0.007,,0.008,0.008,0.261
ISO19115CON,done,56425.0,441.0,44.0,40.0,4.0,14.0,xml,xml,0.285,0.285,0.0,453.1,cuda,4.0,0.0,0.015,0.001,0.001,0.0,0.0,0.019,0.0,0.0,0.001,0.161,0.006,,0.009,0.008,0.217
ISO19115DI,done,60362.0,522.0,34.0,25.0,9.0,18.0,xml,xml,0.298,0.298,0.0,456.2,cuda,6.0,0.0,0.017,0.001,0.001,0.0,0.0,0.018,0.0,0.0,0.001,0.165,0.006,,0.009,0.008,0.166
ISO19115DTC,done,33025.0,195.0,19.0,19.0,0.0,19.0,xml,xml,0.3,0.3,0.0,476.6,cuda,16.0,0.0,0.008,0.001,0.001,0.0,0.0,0.045,0.0,0.0,0.001,0.179,0.005,,0.017,0.027,0.157
ISO19115EX,done,35385.0,309.0,14.0,14.0,0.0,14.0,xml,xml,0.269,0.269,0.0,470.5,cuda,8.0,0.0,0.01,0.001,0.001,0.0,0.0,0.019,0.0,0.0,0.001,0.157,0.005,,0.01,0.008,0.242
ISO19115ID,done,151249.0,1173.0,109.0,97.0,12.0,30.0,xml,xml,0.317,0.317,0.0,455.6,cuda,5.0,0.0,0.038,0.001,0.004,0.0,0.0,0.018,0.0,0.001,0.001,0.19,0.006,,0.009,0.008,0.218
ISO19115MI,done,50281.0,369.0,23.0,23.0,0.0,23.0,xml,xml,0.28,0.28,0.0,451.5,cuda,2.0,0.0,0.013,0.001,0.001,0.0,0.0,0.017,0.0,0.0,0.001,0.155,0.006,,0.008,0.008,0.209
ISO19115PR,done,194249.0,1339.0,289.0,46.0,243.0,46.0,xml,xml,0.413,0.413,0.0,695.5,cuda,260.0,0.0,0.049,0.001,0.004,0.0,0.001,0.102,0.0,0.0,0.002,0.285,0.01,,0.031,0.067,0.276
ISO19115ROLES,done,26121.0,193.0,23.0,23.0,0.0,2.0,xml,xml,0.333,0.333,0.0,483.8,cuda,20.0,0.0,0.007,0.001,0.001,0.0,0.0,0.087,0.0,0.0,0.001,0.217,0.006,,0.033,0.053,0.155
ISO19115SRS,done,59002.0,355.0,65.0,35.0,30.0,7.0,xml,xml,0.302,0.302,0.0,533.2,cuda,30.0,0.0,0.014,0.001,0.001,0.0,0.0,0.029,0.0,0.0,0.001,0.179,0.006,,0.009,0.018,0.258
ISO19115TCC,done,12548.0,61.0,20.0,20.0,0.0,20.0,xml,xml,0.3,0.3,0.0,490.7,cuda,19.0,0.0,0.003,0.001,0.0,0.0,0.0,0.049,0.0,0.0,0.001,0.179,0.006,,0.017,0.03,0.111
ISO639-1,done,145273.0,1356.0,193.0,192.0,1.0,2.0,xml,xml,0.349,0.349,0.0,514.0,cuda,190.0,0.0,0.044,0.001,0.004,0.0,0.001,0.045,0.0,0.0,0.001,0.22,0.008,,0.02,0.023,0.249
ISO639-2,done,11757218.0,113137.0,15537.0,11.0,15526.0,11.0,xml,xml,6.211,6.211,1843.4,450.7,,0.0,0.001,4.621,0.009,0.637,0.013,0.044,0.023,0.117,0.002,0.046,5.956,0.099,,,,3.97
ISPO,done,3834948.0,43948.0,3149.0,3149.0,0.0,3148.0,xml,xml,1.918,1.918,1733.7,450.7,,0.0,0.001,1.376,0.003,0.128,0.003,0.014,0.004,0.002,0.01,0.01,1.764,0.024,,,,1.342
ISSVA,done,164130.0,1513.0,199.0,194.0,5.0,194.0,xml,xml,0.333,0.333,0.0,496.0,cuda,25.0,0.0,0.053,0.001,0.004,0.0,0.001,0.023,0.0,0.001,0.001,0.218,0.007,,0.01,0.011,0.189
ITEMAS,done,253816.0,2178.0,141.0,134.0,7.0,134.0,xml,xml,0.332,0.332,0.0,450.7,,0.0,0.0,0.069,0.001,0.006,0.0,0.0,0.0,0.001,0.001,0.001,0.206,0.006,,,,0.288
ITO,done,53854811.0,464792.0,53528.0,16283.0,37245.0,16283.0,xml,xml,25.493,25.493,2431.7,1040.4,cuda,3583.0,0.001,18.049,0.031,2.55,0.073,0.263,1.639,0.051,0.093,0.246,24.742,0.392,,0.487,1.018,17.696
IXNO,done,187105.0,1714.0,65.0,65.0,0.0,64.0,xml,xml,0.38,0.38,0.0,610.3,cuda,53.0,0.0,0.059,0.001,0.004,0.0,0.0,0.039,0.0,0.001,0.001,0.242,0.006,,0.009,0.028,0.162
JERM,done,215880.0,2059.0,295.0,295.0,0.0,295.0,xml,xml,0.406,0.406,0.0,680.0,cuda,15.0,0.0,0.067,0.001,0.006,0.0,0.001,0.02,0.001,0.002,0.002,0.279,0.009,0.047,0.009,0.008,0.646
JFO,done,36581073.0,309086.0,6662.0,6583.0,79.0,6583.0,xml,xml,15.971,15.971,2061.5,544.0,cuda,22.0,0.0,12.586,0.0,1.679,0.024,0.088,0.106,0.065,0.025,0.033,15.654,0.06,,0.018,0.065,12.224
KENYAANC,done,92409.0,869.0,79.0,78.0,1.0,2.0,xml,xml,0.364,0.364,0.0,758.7,cuda,75.0,0.0,0.029,0.001,0.002,0.0,0.0,0.068,0.0,0.0,0.001,0.225,0.006,,0.013,0.053,0.133
KGCL,done,319417.0,3634.0,100.0,100.0,0.0,100.0,xml,xml,0.442,0.442,0.0,780.2,cuda,79.0,0.0,0.102,0.001,0.009,0.0,0.0,0.071,0.001,0.002,0.001,0.318,0.006,,0.012,0.057,0.291
KISAO,done,1195184.0,12030.0,526.0,526.0,0.0,525.0,xml,xml,1.092,1.092,1678.1,990.6,cuda,480.0,0.0,0.37,0.001,0.155,0.001,0.002,0.268,0.005,0.004,0.002,0.952,0.014,,0.048,0.213,0.576
KOIO,done,3741309.0,39694.0,2653.0,2191.0,462.0,2191.0,xml,xml,2.695,2.695,1731.8,1035.8,cuda,2032.0,0.0,1.173,0.0,0.266,0.005,0.01,0.828,0.014,0.015,0.009,2.526,0.045,,0.182,0.619,1.332
KORO,done,157751.0,1210.0,124.0,110.0,14.0,110.0,xml,xml,0.397,0.397,0.0,898.9,cuda,108.0,0.0,0.04,0.0,0.004,0.0,0.0,0.094,0.0,0.001,0.001,0.267,0.007,,0.013,0.078,0.342
KTAO,done,25413801.0,251823.0,11235.0,11211.0,24.0,11211.0,xml,xml,15.622,15.622,2078.3,1051.9,cuda,7466.0,0.0,8.936,0.018,1.686,0.019,0.083,3.304,0.106,0.131,0.047,15.237,0.161,,0.849,2.344,8.401
LABO,done,406775.0,3518.0,169.0,169.0,0.0,169.0,xml,xml,0.491,0.491,0.0,838.2,cuda,117.0,0.0,0.108,0.0,0.009,0.0,0.001,0.08,0.001,0.002,0.001,0.347,0.009,,0.015,0.062,0.255
LAND-SURFACE,done,656022.0,5632.0,414.0,367.0,47.0,19.0,xml,xml,0.659,0.659,0.0,983.1,cuda,405.0,0.0,0.19,0.001,0.015,0.001,0.003,0.18,0.0,0.0,0.002,0.527,0.012,,0.044,0.131,0.41
LANDFORM,done,737282.0,5447.0,408.0,271.0,137.0,19.0,xml,xml,0.698,0.698,0.0,982.0,cuda,293.0,0.0,0.2,0.001,0.014,0.001,0.002,0.198,0.002,0.0,0.002,0.56,0.012,,0.03,0.158,0.331
LBO,done,1215232.0,10714.0,1146.0,1146.0,0.0,1145.0,xml,xml,0.728,0.728,0.0,578.7,cuda,56.0,0.0,0.381,0.0,0.029,0.001,0.005,0.036,0.001,0.003,0.004,0.605,0.013,,0.009,0.024,0.577
LC-CARRIERS,done,39707.0,342.0,67.0,7.0,60.0,6.0,xml,xml,0.286,0.286,0.0,452.1,cuda,1.0,0.0,0.013,0.001,0.001,0.0,0.0,0.015,0.0,0.0,0.001,0.162,0.006,,0.007,0.007,0.189
LC-MEDIA,done,14138.0,111.0,20.0,14.0,6.0,6.0,xml,xml,0.286,0.286,0.0,452.3,cuda,1.0,0.0,0.005,0.001,0.0,0.0,0.0,0.031,0.0,0.0,0.001,0.173,0.006,,0.016,0.014,0.142
LCCCOUNTRYCODES,done,1273133.0,9683.0,812.0,52.0,760.0,52.0,xml,xml,0.79,0.79,0.0,618.4,cuda,809.0,0.0,0.309,0.0,0.026,0.001,0.002,0.166,0.004,0.001,0.003,0.653,0.019,,0.067,0.092,0.591
LCDGT,done,9326.0,62.0,10.0,5.0,5.0,4.0,xml,xml,0.269,0.269,0.0,455.8,cuda,1.0,0.0,0.005,0.001,0.0,0.0,0.0,0.016,0.0,0.0,0.001,0.143,0.005,,0.007,0.008,0.107
LCGFT,done,62953537.0,609717.0,39927.0,13.0,39914.0,12.0,xml,xml,28.359,28.359,2311.4,451.6,cuda,1.0,0.001,22.367,0.036,3.167,0.033,0.107,0.094,0.019,0.003,0.125,27.806,0.255,,0.017,0.016,20.729
LDA,done,80239.0,299.0,37.0,37.0,0.0,36.0,xml,xml,0.396,0.396,0.0,601.0,cuda,36.0,0.0,0.012,0.001,0.001,0.0,0.0,0.144,0.0,0.0,0.001,0.283,0.006,,0.021,0.119,0.303
LDBASE,done,385568.0,4497.0,639.0,638.0,1.0,2.0,xml,xml,0.46,0.46,0.0,451.8,cuda,2.0,0.0,0.152,0.001,0.012,0.001,0.002,0.018,0.0,0.0,0.002,0.322,0.01,,0.008,0.008,0.284
LEGALAPA,done,73522.0,456.0,228.0,228.0,0.0,227.0,xml,xml,0.253,0.253,0.0,450.7,,0.0,0.0,0.017,0.0,0.001,0.0,0.001,0.0,0.0,0.001,0.001,0.144,0.006,,,,0.221
LEGALAPATEST2,done,74000.0,456.0,228.0,228.0,0.0,227.0,xml,xml,0.254,0.254,0.0,450.7,,0.0,0.0,0.017,0.0,0.001,0.0,0.001,0.0,0.0,0.001,0.001,0.143,0.006,,,,0.121
LEO,done,178270.0,1660.0,235.0,235.0,0.0,234.0,xml,xml,0.301,0.301,0.0,450.7,,0.0,0.0,0.053,0.001,0.004,0.0,0.001,0.0,0.0,0.001,0.001,0.191,0.006,,,,0.151
LEPAO,done,2923046.0,34692.0,823.0,823.0,0.0,822.0,xml,xml,2.012,2.012,1718.1,983.1,cuda,698.0,0.001,1.128,0.0,0.251,0.001,0.003,0.265,0.015,0.009,0.004,1.864,0.019,,0.066,0.19,1.121
LHN,done,379377.0,3343.0,309.0,309.0,0.0,308.0,xml,xml,0.476,0.476,0.0,731.1,cuda,203.0,0.0,0.117,0.0,0.009,0.0,0.001,0.084,0.001,0.002,0.002,0.348,0.01,,0.022,0.059,0.205
LHO,done,195054.0,1647.0,234.0,105.0,129.0,105.0,xml,xml,0.473,0.473,0.0,981.8,cuda,224.0,0.0,0.055,0.0,0.004,0.0,0.001,0.136,0.001,0.001,0.001,0.33,0.009,,0.025,0.108,0.203
LICO,done,239330.0,2036.0,93.0,93.0,0.0,93.0,xml,xml,0.316,0.316,0.0,450.7,,0.0,0.0,0.068,0.001,0.005,0.0,0.0,0.0,0.0,0.001,0.001,0.205,0.005,,,,0.259
LIFO,done,544235.0,4621.0,224.0,215.0,9.0,215.0,xml,xml,0.559,0.559,0.0,981.7,cuda,195.0,0.0,0.15,0.001,0.013,0.001,0.001,0.117,0.001,0.001,0.001,0.425,0.009,,0.021,0.092,0.297
LION,done,85969300.0,822297.0,63568.0,63568.0,0.0,63567.0,xml,xml,41.536,41.536,2758.1,450.7,,0.0,0.0,31.156,0.047,5.113,0.083,0.392,0.11,0.138,0.51,0.294,40.681,0.363,,,,28.273
LIPRO,done,123783.0,901.0,277.0,277.0,0.0,276.0,xml,xml,0.317,0.317,0.0,451.3,cuda,1.0,0.0,0.033,0.001,0.003,0.0,0.0,0.015,0.0,0.001,0.001,0.183,0.01,,0.006,0.007,0.132
LOINC,done,912829607.0,8414324.0,297729.0,297729.0,0.0,297723.0,xml,xml,449.088,449.088,12706.7,983.1,cuda,643.0,0.0,337.681,0.55,49.736,0.725,1.929,1.349,14.401,1.844,1.906,441.859,2.221,,0.252,0.16,328.307
LONGCOVID,done,6328.0,32.0,10.0,10.0,0.0,9.0,xml,xml,0.238,0.238,0.0,450.7,,0.0,0.0,0.002,0.001,0.0,0.0,0.0,0.0,0.0,0.0,0.001,0.126,0.005,,,,0.212
LPT,done,1210458.0,10066.0,539.0,539.0,0.0,538.0,xml,xml,0.903,0.903,0.0,983.1,cuda,514.0,0.0,0.346,0.0,0.027,0.001,0.004,0.227,0.002,0.002,0.002,0.753,0.015,,0.055,0.166,0.524
LSFO,done,9910560.0,85808.0,5599.0,5599.0,0.0,5598.0,xml,xml,4.544,4.544,1824.5,597.6,cuda,35.0,0.0,3.351,0.007,0.497,0.008,0.034,0.045,0.022,0.02,0.022,4.349,0.048,,0.009,0.026,3.366
LTER-CV,done,557043.0,5994.0,706.0,705.0,1.0,2.0,xml,xml,0.632,0.632,0.0,982.0,cuda,308.0,0.0,0.192,0.001,0.016,0.001,0.003,0.147,0.0,0.001,0.003,0.497,0.014,,0.028,0.114,0.405
LUNGMAP-HUMAN,done,489826.0,5438.0,305.0,305.0,0.0,304.0,xml,xml,0.46,0.46,0.0,468.7,cuda,12.0,0.0,0.167,0.0,0.014,0.0,0.002,0.02,0.002,0.003,0.002,0.34,0.008,,0.01,0.008,0.283
LUNGMAP-MOUSE,done,809412.0,8891.0,309.0,309.0,0.0,308.0,xml,xml,0.586,0.586,0.0,468.7,cuda,12.0,0.0,0.267,0.0,0.023,0.0,0.003,0.02,0.001,0.003,0.002,0.461,0.008,,0.01,0.009,0.385
LUNGMAP_H_CELL,done,88807.0,807.0,81.0,81.0,0.0,80.0,xml,xml,0.301,0.301,0.0,453.4,cuda,2.0,0.0,0.027,0.0,0.002,0.0,0.0,0.017,0.0,0.001,0.001,0.174,0.006,,0.007,0.009,0.211
LUNGMAP_M_CELL,done,110771.0,963.0,93.0,93.0,0.0,92.0,xml,xml,0.301,0.301,0.0,451.3,cuda,1.0,0.0,0.033,0.0,0.003,0.0,0.001,0.015,0.0,0.001,0.001,0.18,0.006,,0.007,0.007,0.175
M4M-20-SUBJECTS,done,28612.0,261.0,27.0,26.0,1.0,10.0,xml,xml,0.269,0.269,0.0,456.0,cuda,4.0,0.0,0.01,0.001,0.001,0.0,0.0,0.019,0.0,0.0,0.001,0.154,0.006,,0.008,0.009,0.207
M4M-20-VARIABLES,done,20407.0,174.0,20.0,19.0,1.0,10.0,xml,xml,0.268,0.268,0.0,450.9,cuda,1.0,0.0,0.007,0.001,0.001,0.0,0.0,0.031,0.0,0.0,0.001,0.161,0.005,,0.016,0.014,0.225
M4M-21-SUBJECTS,done,24576.0,209.0,20.0,19.0,1.0,10.0,xml,xml,0.282,0.282,0.0,471.2,cuda,9.0,0.0,0.009,0.001,0.001,0.0,0.0,0.02,0.0,0.0,0.001,0.17,0.005,,0.009,0.009,0.195
M4M-21-VARIABLES,done,23144.0,195.0,20.0,19.0,1.0,10.0,xml,xml,0.284,0.284,0.0,452.6,cuda,3.0,0.0,0.008,0.001,0.001,0.0,0.0,0.038,0.0,0.0,0.001,0.172,0.005,,0.016,0.021,0.124
M4M-CHAR,done,259676.0,3210.0,526.0,525.0,1.0,2.0,xml,xml,0.397,0.397,0.0,451.8,cuda,2.0,0.0,0.104,0.001,0.008,0.001,0.001,0.017,0.0,0.0,0.002,0.263,0.009,,0.008,0.007,0.25
M4M19-SUBS,done,16894.0,167.0,26.0,25.0,1.0,2.0,xml,xml,0.285,0.285,0.0,450.9,cuda,1.0,0.0,0.006,0.001,0.001,0.0,0.0,0.031,0.0,0.0,0.001,0.16,0.005,,0.015,0.015,0.196
M4M19-VARS,done,16953.0,163.0,25.0,24.0,1.0,2.0,xml,xml,0.284,0.284,0.0,455.7,cuda,6.0,0.0,0.006,0.001,0.001,0.0,0.0,0.03,0.0,0.0,0.001,0.16,0.005,,0.015,0.014,0.151
MA,done,3741543.0,36656.0,3391.0,3391.0,0.0,3390.0,xml,xml,2.011,2.011,1729.2,450.7,,0.0,0.0,1.349,0.0,0.256,0.004,0.016,0.005,0.008,0.016,0.011,1.864,0.025,,,,1.407
MACROALGAETRAITS,done,111402.0,1087.0,130.0,129.0,1.0,2.0,xml,xml,0.364,0.364,0.0,761.8,cuda,108.0,0.0,0.035,0.001,0.003,0.0,0.001,0.07,0.0,0.0,0.001,0.239,0.006,,0.013,0.055,0.23
MADS-RDF,done,104532.0,844.0,68.0,67.0,1.0,67.0,xml,xml,0.332,0.332,0.0,618.6,cuda,40.0,0.0,0.03,0.001,0.003,0.0,0.0,0.038,0.0,0.001,0.001,0.206,0.006,,0.01,0.026,0.215
MAMO,done,142511.0,1260.0,107.0,107.0,0.0,106.0,xml,xml,0.397,0.397,0.0,871.3,cuda,105.0,0.001,0.041,0.001,0.003,0.0,0.0,0.09,0.0,0.001,0.001,0.265,0.009,,0.014,0.073,0.172
MAMO-SCR-ONTO,done,73958.0,762.0,29.0,12.0,17.0,11.0,xml,xml,0.301,0.301,0.0,471.3,cuda,10.0,0.001,0.023,0.001,0.002,0.0,0.0,0.019,0.0,0.0,0.001,0.171,0.006,,0.009,0.008,0.192
MARC-LANGUAGES,done,1060573.0,9848.0,1482.0,488.0,994.0,2.0,xml,xml,0.656,0.656,0.0,450.7,,0.0,0.0,0.34,0.001,0.028,0.001,0.005,0.002,0.001,0.0,0.004,0.525,0.014,,,,0.832
MARC-RELATORS,done,270965.0,2199.0,317.0,8.0,309.0,7.0,xml,xml,0.363,0.363,0.0,451.5,cuda,1.0,0.0,0.087,0.001,0.006,0.0,0.001,0.015,0.0,0.0,0.002,0.238,0.007,,0.007,0.007,0.237
MAT,done,1730959.0,16433.0,2167.0,2167.0,0.0,2166.0,xml,xml,1.078,1.078,1685.1,484.1,cuda,18.0,0.0,0.568,0.002,0.171,0.003,0.007,0.024,0.003,0.004,0.006,0.942,0.021,,0.01,0.01,0.664
MATERIALSMINE,done,592007.0,5156.0,778.0,687.0,91.0,687.0,xml,xml,0.648,0.648,0.0,966.6,cuda,438.0,0.0,0.179,0.0,0.014,0.001,0.002,0.169,0.001,0.003,0.003,0.506,0.015,,0.039,0.124,0.27
MATR,done,16548.0,129.0,29.0,29.0,0.0,28.0,xml,xml,0.275,0.275,0.0,457.1,cuda,3.0,0.0,0.005,0.001,0.0,0.0,0.0,0.034,0.0,0.0,0.001,0.165,0.005,,0.016,0.016,0.195
MATRCOMPOUND,done,53109.0,394.0,107.0,9.0,98.0,8.0,xml,xml,0.292,0.292,0.0,456.1,cuda,2.0,0.0,0.014,0.001,0.001,0.0,0.0,0.03,0.0,0.0,0.001,0.171,0.006,,0.01,0.018,0.179
MATRELEMENT,done,51137.0,396.0,99.0,25.0,74.0,24.0,xml,xml,0.282,0.282,0.0,456.5,cuda,3.0,0.0,0.015,0.001,0.001,0.0,0.0,0.019,0.0,0.0,0.001,0.161,0.006,,0.008,0.009,0.16
MATRROCK,done,13181.0,80.0,23.0,23.0,0.0,22.0,xml,xml,0.302,0.302,0.0,489.7,cuda,11.0,0.0,0.004,0.001,0.0,0.0,0.0,0.045,0.0,0.0,0.001,0.179,0.006,,0.016,0.027,0.175
MATRROCKIGNEOUS,done,26643.0,150.0,45.0,45.0,0.0,44.0,xml,xml,0.302,0.302,0.0,605.4,cuda,37.0,0.0,0.006,0.001,0.0,0.0,0.0,0.038,0.0,0.0,0.001,0.169,0.006,,0.01,0.027,0.219
MAXO,done,17962897.0,210802.0,7121.0,7121.0,0.0,7120.0,xml,xml,12.436,12.436,1973.7,1048.5,cuda,6350.0,0.0,6.876,0.0,1.389,0.013,0.036,2.868,0.084,0.073,0.029,12.113,0.123,,0.829,1.956,5.995
MCBCC,done,1317460.0,15668.0,386.0,386.0,0.0,385.0,xml,xml,0.854,0.854,0.0,450.7,,0.0,0.0,0.397,0.002,0.165,0.0,0.001,0.001,0.007,0.012,0.002,0.732,0.007,,,,0.542
MCCL,done,6655735.0,62620.0,5475.0,5475.0,0.0,5475.0,xml,xml,2.974,2.974,1766.8,450.7,,0.0,0.0,2.052,0.005,0.367,0.005,0.008,0.008,0.036,0.052,0.015,2.808,0.038,,,,2.277
MCCV,done,88465.0,929.0,26.0,23.0,3.0,23.0,xml,xml,0.301,0.301,0.0,468.2,cuda,11.0,0.0,0.029,0.001,0.003,0.0,0.0,0.019,0.0,0.0,0.001,0.177,0.006,,0.009,0.008,0.175
MCHVODANATERMS,done,29686.0,259.0,30.0,29.0,1.0,2.0,xml,xml,0.283,0.283,0.0,459.5,cuda,10.0,0.0,0.009,0.001,0.001,0.0,0.0,0.019,0.0,0.0,0.001,0.153,0.006,,0.009,0.009,0.136
MCO,done,17895989.0,177099.0,3384.0,3384.0,0.0,3384.0,xml,xml,9.454,9.454,1947.8,986.3,cuda,1776.0,0.001,6.683,0.0,0.958,0.007,0.02,0.776,0.057,0.027,0.015,9.207,0.047,,0.276,0.476,5.975
MCO4HKE,done,26281.0,213.0,19.0,19.0,0.0,19.0,xml,xml,0.254,0.254,0.0,450.7,,0.0,0.0,0.008,0.001,0.001,0.0,0.0,0.0,0.0,0.0,0.001,0.135,0.005,,,,0.12
MCO4MCRE,done,43852.0,414.0,36.0,36.0,0.0,36.0,xml,xml,0.253,0.253,0.0,450.7,,0.0,0.0,0.014,0.001,0.001,0.0,0.0,0.0,0.0,0.0,0.001,0.137,0.005,,,,0.156
MCRO,done,1450532.0,13381.0,956.0,938.0,18.0,938.0,xml,xml,1.174,1.174,1681.3,983.1,cuda,616.0,0.0,0.407,0.0,0.16,0.001,0.003,0.307,0.004,0.006,0.004,1.039,0.02,,0.056,0.239,0.588
MCR_TX,done,273806.0,2519.0,163.0,163.0,0.0,163.0,xml,xml,0.347,0.347,0.0,450.7,,0.0,0.0,0.084,0.001,0.007,0.0,0.001,0.0,0.001,0.001,0.001,0.225,0.006,,,,0.308
MDM,done,61604398.0,856988.0,44790.0,44790.0,0.0,44789.0,xml,xml,35.347,35.347,2943.7,450.7,,0.0,0.0,27.319,0.041,4.149,0.084,0.175,0.08,0.046,0.127,0.19,34.656,0.24,,,,20.294
MEDEON,done,31855.0,181.0,77.0,72.0,5.0,71.0,xml,xml,0.269,0.269,0.0,450.7,,0.0,0.0,0.007,0.001,0.001,0.0,0.0,0.0,0.0,0.001,0.001,0.139,0.006,,,,0.16
MEDICALINFO,done,12546.0,116.0,13.0,13.0,0.0,12.0,xml,xml,0.487,0.487,0.0,450.9,cuda,1.0,0.0,0.008,0.001,0.001,0.0,0.0,0.212,0.0,0.001,0.004,0.356,0.008,,0.167,0.043,0.108
MEDLINEPLUS,done,18156740.0,98607.0,5645.0,5645.0,0.0,5638.0,xml,xml,9.018,9.018,1941.5,1040.9,cuda,3754.0,0.0,4.09,0.013,0.558,0.012,0.026,3.57,0.057,0.017,0.023,8.767,0.087,,0.596,2.751,6.05
MEDO,done,62625.0,447.0,84.0,84.0,0.0,83.0,xml,xml,0.285,0.285,0.0,476.9,cuda,9.0,0.0,0.015,0.001,0.001,0.0,0.0,0.02,0.0,0.001,0.001,0.161,0.006,,0.009,0.009,0.247
MEDRED,done,185694.0,1703.0,159.0,75.0,84.0,75.0,xml,xml,0.396,0.396,0.0,849.3,cuda,96.0,0.0,0.059,0.001,0.004,0.0,0.0,0.076,0.0,0.001,0.001,0.272,0.007,,0.012,0.062,0.21
MEGO,done,789758.0,6793.0,376.0,376.0,0.0,375.0,xml,xml,0.712,0.712,0.0,983.1,cuda,374.0,0.0,0.232,0.001,0.018,0.001,0.002,0.173,0.002,0.002,0.002,0.575,0.012,,0.038,0.129,0.529
MELLO-D,done,6305635.0,40888.0,7400.0,7400.0,0.0,7399.0,xml,xml,5.948,5.948,1769.8,1051.9,cuda,7315.0,0.0,1.686,0.005,0.125,0.01,0.019,3.567,0.007,0.022,0.026,5.691,0.123,,0.652,2.825,2.206
MELO,done,811885.0,7793.0,547.0,529.0,18.0,528.0,xml,xml,0.711,0.711,0.0,982.0,cuda,313.0,0.0,0.248,0.001,0.02,0.001,0.003,0.167,0.001,0.002,0.002,0.584,0.019,,0.04,0.121,0.363
MEO,done,1579501.0,16437.0,2501.0,2501.0,0.0,2501.0,xml,xml,1.513,1.513,1657.6,983.1,cuda,531.0,0.0,0.532,0.001,0.173,0.003,0.006,0.23,0.003,0.011,0.009,1.34,0.033,0.209,0.048,0.172,0.703
MEPO,done,5697441.0,46578.0,5687.0,5687.0,0.0,5687.0,xml,xml,2.422,2.422,1758.9,450.7,,0.0,0.0,1.733,0.005,0.156,0.009,0.02,0.009,0.005,0.012,0.02,2.235,0.042,,,,2.126
MERA,done,17732.0,130.0,6.0,6.0,0.0,5.0,xml,xml,0.237,0.237,0.0,450.7,,0.0,0.0,0.005,0.0,0.0,0.0,0.0,0.0,0.0,0.0,0.001,0.126,0.005,,,,0.11
MESH,done,1054496244.0,10957414.0,355408.0,355408.0,0.0,355402.0,xml,xml,615.57,615.57,16883.1,1120.8,cuda,31045.0,0.001,447.643,0.621,79.923,0.929,2.447,15.124,12.338,1.422,2.359,605.953,2.658,,2.841,10.591,344.376
METABUS,done,1781822.0,20739.0,5185.0,5185.0,0.0,5184.0,xml,xml,1.251,1.251,1696.6,450.7,,0.0,0.0,0.787,0.002,0.063,0.005,0.01,0.007,0.003,0.016,0.014,1.077,0.036,,,,0.652
METPO,done,1283343.0,14110.0,1456.0,1456.0,0.0,1455.0,xml,xml,0.98,0.98,0.0,877.9,cuda,199.0,0.0,0.412,0.0,0.161,0.002,0.004,0.105,0.003,0.005,0.006,0.844,0.018,,0.021,0.079,0.537
MF,done,540892.0,4260.0,420.0,401.0,19.0,401.0,xml,xml,0.632,0.632,0.0,983.1,cuda,361.0,0.0,0.139,0.0,0.011,0.001,0.001,0.201,0.001,0.002,0.002,0.491,0.013,,0.039,0.157,0.358
MFMO,done,1361955.0,13649.0,299.0,269.0,30.0,268.0,xml,xml,0.997,0.997,0.0,981.8,cuda,238.0,0.0,0.403,0.0,0.165,0.001,0.001,0.137,0.002,0.003,0.002,0.862,0.01,,0.026,0.106,0.592
MFO,done,4774286.0,48118.0,4359.0,4359.0,0.0,4358.0,xml,xml,2.691,2.691,1749.4,645.7,cuda,46.0,0.0,1.838,0.004,0.316,0.005,0.02,0.054,0.017,0.023,0.016,2.517,0.035,,0.011,0.035,1.668
MFOEM,done,722756.0,6065.0,644.0,625.0,19.0,625.0,xml,xml,0.743,0.743,0.0,983.1,cuda,560.0,0.0,0.196,0.0,0.016,0.001,0.002,0.245,0.001,0.003,0.003,0.603,0.016,,0.057,0.179,0.311
MFOMD,done,1478941.0,11418.0,898.0,879.0,19.0,879.0,xml,xml,1.057,1.057,1682.4,983.5,cuda,806.0,0.0,0.386,0.0,0.032,0.001,0.003,0.345,0.002,0.004,0.004,0.922,0.021,,0.077,0.255,0.621
MGBD,done,8660.0,55.0,12.0,11.0,1.0,10.0,xml,xml,0.238,0.238,0.0,450.7,,0.0,0.0,0.003,0.001,0.0,0.0,0.0,0.0,0.0,0.0,0.001,0.123,0.005,,,,0.212
MHC,done,4241162.0,48019.0,7929.0,7929.0,0.0,7929.0,xml,xml,2.679,2.679,1745.5,451.3,cuda,2.0,0.0,1.787,0.004,0.322,0.008,0.016,0.029,0.018,0.048,0.025,2.492,0.064,,0.009,0.008,1.562
MHCRO,done,98102246.0,1117384.0,51446.0,51446.0,0.0,51446.0,xml,xml,51.017,51.017,3476.3,566.2,cuda,47.0,0.0,36.436,0.0,7.052,0.072,0.266,0.274,0.626,1.117,0.257,50.004,0.317,,0.063,0.117,32.277
MHIO,done,135754.0,1470.0,369.0,369.0,0.0,369.0,xml,xml,0.313,0.313,0.0,450.7,,0.0,0.0,0.048,0.001,0.004,0.0,0.001,0.001,0.0,0.001,0.002,0.191,0.006,,,,0.319
MHMO,done,407661.0,2883.0,437.0,373.0,64.0,373.0,xml,xml,0.395,0.395,0.0,484.0,cuda,13.0,0.0,0.101,0.0,0.008,0.0,0.001,0.021,0.001,0.002,0.002,0.266,0.008,,0.01,0.01,0.268
MI,done,4353426.0,36701.0,1658.0,1658.0,0.0,1657.0,xml,xml,2.878,2.878,1659.1,1034.7,cuda,1656.0,0.0,1.387,0.003,0.277,0.003,0.01,0.772,0.009,0.006,0.007,2.694,0.034,,0.164,0.585,1.677
MIAPA,done,388442.0,3733.0,269.0,232.0,37.0,232.0,xml,xml,0.457,0.457,0.0,801.2,cuda,84.0,0.0,0.117,0.001,0.01,0.001,0.001,0.068,0.001,0.002,0.002,0.333,0.008,,0.012,0.054,0.294
MICRONT,done,186546.0,1439.0,160.0,160.0,0.0,160.0,xml,xml,0.445,0.445,0.0,981.6,cuda,159.0,0.0,0.051,0.001,0.004,0.0,0.001,0.117,0.001,0.001,0.001,0.306,0.007,,0.021,0.093,0.233
MIDO,done,83938936.0,936565.0,51882.0,51838.0,44.0,51838.0,xml,xml,45.277,45.277,3108.9,992.7,cuda,3969.0,0.0,31.095,0.0,6.181,0.108,0.279,1.681,0.722,0.682,0.268,44.274,0.411,,0.506,1.016,27.555
MIFD,done,66596.0,696.0,13.0,13.0,0.0,13.0,xml,xml,0.285,0.285,0.0,452.5,cuda,2.0,0.0,0.021,0.001,0.002,0.0,0.0,0.017,0.0,0.001,0.001,0.167,0.006,,0.007,0.008,0.197
MIFE,done,204149.0,2188.0,7.0,7.0,0.0,7.0,xml,xml,0.348,0.348,0.0,457.6,cuda,4.0,0.0,0.064,0.001,0.006,0.0,0.0,0.019,0.001,0.001,0.001,0.219,0.006,,0.008,0.009,0.261
MIM,done,242743.0,1555.0,88.0,88.0,0.0,88.0,xml,xml,0.38,0.38,0.0,793.5,cuda,82.0,0.0,0.052,0.001,0.004,0.0,0.0,0.069,0.0,0.001,0.001,0.257,0.007,,0.011,0.054,0.232
MINERAL,done,7631.0,43.0,17.0,17.0,0.0,16.0,xml,xml,0.254,0.254,0.0,471.7,cuda,6.0,0.0,0.002,0.001,0.0,0.0,0.0,0.019,0.0,0.0,0.001,0.144,0.005,,0.009,0.009,0.181
MINI-FAST-1,done,3616.0,21.0,5.0,4.0,1.0,2.0,xml,xml,0.238,0.238,0.0,418.7,,0.0,0.0,0.002,0.001,0.0,0.0,0.0,0.0,0.0,0.0,0.001,0.124,0.005,,,,0.158
MIO,done,4773026.0,49508.0,6585.0,3091.0,3494.0,3090.0,xml,xml,4.341,4.341,1726.6,1041.3,cuda,116.0,0.0,1.755,0.0,0.329,0.007,0.017,0.115,0.011,0.013,0.025,4.148,0.06,1.642,0.018,0.085,1.664
MIRAPIE,done,148974.0,1164.0,44.0,39.0,5.0,39.0,xml,xml,0.344,0.344,0.0,597.6,cuda,35.0,0.0,0.037,0.0,0.003,0.0,0.0,0.038,0.0,0.001,0.001,0.208,0.006,,0.01,0.026,0.234
MIRO,done,7534818.0,68624.0,4410.0,4410.0,0.0,4409.0,xml,xml,4.735,4.735,1789.1,994.0,cuda,4398.0,0.0,2.61,0.0,0.417,0.007,0.023,1.125,0.022,0.013,0.017,4.514,0.081,,0.585,0.501,3.277
MISO,done,244824.0,2515.0,388.0,388.0,0.0,388.0,xml,xml,0.364,0.364,0.0,457.5,cuda,5.0,0.0,0.077,0.001,0.007,0.001,0.001,0.019,0.0,0.002,0.002,0.246,0.007,,0.009,0.008,0.221
MIXS,done,5804383.0,67957.0,1460.0,1460.0,0.0,1460.0,xml,xml,3.218,3.218,1769.8,801.8,cuda,456.0,0.0,2.184,0.004,0.386,0.003,0.005,0.163,0.03,0.023,0.006,3.07,0.021,,0.049,0.107,2.021
MIXSCV,done,531552.0,4694.0,520.0,520.0,0.0,519.0,xml,xml,0.459,0.459,0.0,451.3,cuda,1.0,0.0,0.168,0.001,0.012,0.001,0.003,0.015,0.0,0.002,0.002,0.336,0.008,,0.007,0.007,0.311
MLTX,done,27465.0,156.0,13.0,13.0,0.0,13.0,xml,xml,0.269,0.269,0.0,494.2,cuda,10.0,0.0,0.006,0.001,0.0,0.0,0.0,0.022,0.0,0.0,0.001,0.152,0.005,,0.009,0.011,0.191
ML_MCR_TX,done,136148.0,1264.0,81.0,81.0,0.0,81.0,xml,xml,0.289,0.289,0.0,450.7,,0.0,0.0,0.042,0.001,0.003,0.0,0.001,0.0,0.0,0.001,0.001,0.175,0.005,,,,0.192
MMO,done,2052178.0,14359.0,852.0,852.0,0.0,851.0,xml,xml,1.423,1.423,1688.6,983.4,cuda,780.0,0.0,0.502,0.0,0.169,0.001,0.005,0.432,0.003,0.004,0.004,1.272,0.02,,0.085,0.334,0.796
MMUSDV,done,350804.0,3210.0,114.0,114.0,0.0,113.0,xml,xml,0.475,0.475,0.0,915.4,cuda,112.0,0.0,0.107,0.0,0.009,0.0,0.001,0.093,0.001,0.001,0.001,0.345,0.006,,0.011,0.079,0.256
MNR,done,12069.0,68.0,24.0,24.0,0.0,23.0,xml,xml,0.282,0.282,0.0,473.8,cuda,7.0,0.0,0.003,0.001,0.0,0.0,0.0,0.041,0.0,0.0,0.001,0.167,0.005,,0.015,0.025,0.186
MNV,done,224269.0,2057.0,235.0,234.0,1.0,2.0,xml,xml,0.458,0.458,0.0,920.5,cuda,230.0,0.0,0.066,0.001,0.005,0.0,0.001,0.118,0.0,0.0,0.001,0.323,0.009,,0.026,0.089,0.223
MO,done,910714.0,6323.0,917.0,236.0,681.0,236.0,xml,xml,0.839,0.839,0.0,983.8,cuda,913.0,0.0,0.232,0.001,0.018,0.001,0.002,0.3,0.001,0.002,0.003,0.698,0.022,,0.083,0.208,0.465
MOC,done,72128.0,522.0,136.0,28.0,108.0,27.0,xml,xml,0.285,0.285,0.0,457.3,cuda,3.0,0.0,0.019,0.001,0.001,0.0,0.0,0.019,0.0,0.0,0.001,0.165,0.006,,0.008,0.009,0.182
MODSCI,done,294716.0,2610.0,393.0,264.0,129.0,264.0,xml,xml,0.46,0.46,0.0,779.4,cuda,236.0,0.0,0.082,0.0,0.007,0.001,0.001,0.101,0.001,0.001,0.002,0.329,0.01,,0.021,0.076,0.258
MOLSIM,done,2629664.0,18118.0,2293.0,2204.0,89.0,2204.0,xml,xml,2.552,2.552,1695.2,1036.5,cuda,2277.0,0.0,0.702,0.0,0.05,0.003,0.006,1.448,0.005,0.008,0.008,2.392,0.046,,0.205,1.2,0.998
MOMCARE,done,184027.0,1892.0,268.0,267.0,1.0,2.0,xml,xml,0.476,0.476,0.0,926.1,cuda,262.0,0.0,0.061,0.001,0.005,0.0,0.001,0.136,0.0,0.0,0.001,0.332,0.01,,0.032,0.1,0.445
MONDO,done,228557881.0,2870813.0,36090.0,36090.0,0.0,36089.0,xml,xml,135.226,135.226,5687.7,1091.9,cuda,21028.0,0.0,94.073,0.0,18.551,0.07,0.276,9.095,1.161,0.186,0.183,133.164,0.46,,2.292,6.427,74.702
MONO,done,2472336.0,18287.0,3838.0,19.0,3819.0,18.0,xml,xml,1.205,1.205,1692.6,471.2,cuda,15.0,0.0,0.647,0.002,0.179,0.003,0.009,0.026,0.012,0.001,0.011,1.05,0.036,,0.011,0.009,0.996
MOOCCIADO,done,2960941.0,32459.0,857.0,857.0,0.0,856.0,xml,xml,1.997,1.997,1718.8,983.6,cuda,845.0,0.0,1.096,0.002,0.251,0.001,0.005,0.261,0.016,0.017,0.004,1.848,0.019,,0.075,0.177,1.046
MOOCCUADO,done,2961087.0,32460.0,857.0,857.0,0.0,856.0,xml,xml,1.979,1.979,1718.8,983.6,cuda,845.0,0.0,1.099,0.002,0.239,0.001,0.005,0.257,0.016,0.016,0.003,1.83,0.019,,0.075,0.173,1.057
MOOCULADO,done,2961087.0,32460.0,857.0,857.0,0.0,856.0,xml,xml,1.979,1.979,1718.8,983.6,cuda,845.0,0.0,1.096,0.002,0.239,0.001,0.005,0.257,0.016,0.016,0.003,1.826,0.019,,0.076,0.173,1.109
MOP,done,5246653.0,45534.0,3687.0,3687.0,0.0,3686.0,xml,xml,4.041,4.041,1750.8,991.6,cuda,3587.0,0.0,1.854,0.0,0.319,0.006,0.015,1.381,0.015,0.014,0.014,3.839,0.067,,0.558,0.782,1.845
MOSAIC,done,8786137.0,92844.0,9656.0,242.0,9414.0,242.0,xml,xml,4.594,4.594,1814.9,479.8,cuda,7.0,0.0,3.331,0.0,0.516,0.011,0.016,0.034,0.073,0.002,0.038,4.379,0.07,,0.01,0.009,2.997
MP,done,33545105.0,268424.0,15938.0,15938.0,0.0,15937.0,xml,xml,19.864,19.864,2136.2,1074.5,cuda,15246.0,0.001,10.857,0.0,1.472,0.028,0.11,5.588,0.076,0.074,0.069,19.335,0.279,,1.588,3.797,11.26
MPATH,done,1611851.0,13870.0,892.0,892.0,0.0,891.0,xml,xml,1.269,1.269,1684.8,983.5,cuda,809.0,0.0,0.478,0.0,0.164,0.001,0.004,0.318,0.003,0.003,0.004,1.123,0.02,,0.079,0.23,0.705
MPIO,done,163522.0,1250.0,70.0,52.0,18.0,51.0,xml,xml,0.364,0.364,0.0,664.8,cuda,51.0,0.0,0.04,0.0,0.004,0.0,0.0,0.05,0.0,0.001,0.001,0.229,0.006,,0.011,0.037,0.286
MPO,done,209455.0,2271.0,327.0,326.0,1.0,326.0,xml,xml,0.364,0.364,0.0,469.7,cuda,10.0,0.0,0.078,0.001,0.006,0.001,0.001,0.02,0.0,0.001,0.002,0.239,0.009,,0.009,0.009,0.168
MRO,done,104834.0,583.0,178.0,127.0,51.0,126.0,xml,xml,0.295,0.295,0.0,475.2,cuda,16.0,0.0,0.023,0.001,0.002,0.0,0.0,0.02,0.0,0.001,0.001,0.173,0.006,,0.01,0.008,0.244
MS,done,11652475.0,111382.0,6085.0,6085.0,0.0,4150.0,xml,xml,7.967,7.967,1846.8,1047.6,cuda,6044.0,0.0,4.297,0.0,0.619,0.01,0.038,2.196,0.044,0.038,0.024,7.693,0.116,,0.694,1.437,3.989
MSCDO,done,69816.0,597.0,74.0,60.0,14.0,59.0,xml,xml,0.297,0.297,0.0,460.0,cuda,13.0,0.0,0.022,0.001,0.002,0.0,0.0,0.021,0.0,0.001,0.001,0.175,0.006,,0.009,0.01,0.121
MSO,done,1443504.0,14846.0,1173.0,1173.0,0.0,1172.0,xml,xml,0.901,0.901,0.0,450.7,,0.0,0.0,0.449,0.001,0.167,0.001,0.003,0.002,0.001,0.003,0.004,0.781,0.013,,,,0.609
MSR,done,90398.0,950.0,26.0,17.0,9.0,16.0,xml,xml,0.301,0.301,0.0,458.2,cuda,8.0,0.0,0.029,0.001,0.003,0.0,0.0,0.019,0.0,0.001,0.001,0.179,0.006,,0.009,0.009,0.139
MSTDE,done,2812532.0,25426.0,1832.0,1832.0,0.0,1826.0,xml,xml,1.474,1.474,1702.6,453.1,cuda,4.0,0.0,1.025,0.002,0.072,0.002,0.005,0.022,0.02,0.005,0.006,1.338,0.019,,0.009,0.009,1.03
MSV,done,1584873.0,19515.0,650.0,650.0,0.0,649.0,xml,xml,1.061,1.061,1689.4,455.8,cuda,5.0,0.0,0.691,0.002,0.055,0.001,0.002,0.019,0.004,0.002,0.002,0.934,0.008,,0.009,0.008,0.659
MVAONT,done,91811.0,740.0,176.0,176.0,0.0,175.0,xml,xml,0.284,0.284,0.0,451.3,cuda,1.0,0.0,0.023,0.001,0.002,0.0,0.001,0.015,0.001,0.001,0.001,0.172,0.006,,0.006,0.007,0.144
MWLA,done,87647.0,557.0,258.0,33.0,225.0,32.0,xml,xml,0.266,0.266,0.0,450.7,,0.0,0.0,0.021,0.0,0.002,0.0,0.001,0.0,0.0,0.0,0.001,0.153,0.006,,,,0.07
MWO,done,631858.0,5465.0,365.0,336.0,29.0,335.0,xml,xml,0.616,0.616,0.0,983.1,cuda,361.0,0.0,0.167,0.0,0.014,0.001,0.001,0.166,0.001,0.002,0.002,0.488,0.013,,0.03,0.131,0.333
N-CDOH,done,318866.0,2712.0,375.0,361.0,14.0,361.0,xml,xml,0.395,0.395,0.0,529.5,cuda,19.0,0.0,0.086,0.001,0.008,0.001,0.001,0.03,0.001,0.002,0.002,0.265,0.008,,0.01,0.017,0.228
NAMO,done,570321.0,5479.0,263.0,263.0,0.0,263.0,xml,xml,0.553,0.553,0.0,846.7,cuda,221.0,0.0,0.165,0.001,0.014,0.0,0.001,0.095,0.002,0.003,0.001,0.417,0.009,,0.021,0.071,0.519
NANDO,done,5462114.0,41838.0,2985.0,2985.0,0.0,2985.0,xml,xml,3.342,3.342,1746.9,1033.9,cuda,1379.0,0.0,1.597,0.0,0.279,0.008,0.014,1.029,0.004,0.012,0.012,3.175,0.041,,0.144,0.862,1.92
NATPRO,done,28478190.0,266664.0,31518.0,9465.0,22053.0,9465.0,xml,xml,13.696,13.696,2090.4,457.7,cuda,5.0,0.0,10.46,0.019,1.354,0.03,0.102,0.095,0.105,0.048,0.113,13.277,0.197,,0.017,0.03,9.445
NBO,done,6835617.0,82168.0,4548.0,4548.0,0.0,4548.0,xml,xml,4.389,4.389,1804.9,984.8,cuda,1275.0,0.0,2.758,0.0,0.476,0.006,0.017,0.49,0.039,0.064,0.017,4.185,0.055,,0.119,0.351,2.379
NCBITAXON,done,1051500715.0,8811101.0,761820.0,761820.0,0.0,761814.0,xml,xml,524.816,524.816,15298.7,453.1,cuda,4.0,0.0,379.619,0.654,68.784,1.936,4.263,2.484,8.794,5.053,5.285,513.413,4.587,,0.019,0.016,343.56
NCCNEHR,done,14232.0,83.0,15.0,15.0,0.0,14.0,xml,xml,0.316,0.316,0.0,473.9,cuda,11.0,0.0,0.004,0.001,0.0,0.0,0.0,0.042,0.0,0.0,0.001,0.175,0.006,,0.016,0.025,0.212
NCCO,done,206489.0,1377.0,401.0,401.0,0.0,400.0,xml,xml,0.332,0.332,0.0,467.4,cuda,17.0,0.0,0.052,0.001,0.004,0.0,0.001,0.02,0.0,0.002,0.002,0.211,0.008,,0.01,0.008,0.145
NCIT,done,1023601110.0,13986699.0,207460.0,207460.0,0.0,207459.0,xml,xml,708.311,708.311,21136.4,1540.2,cuda,1.0,0.0,453.284,0.549,99.195,0.391,2.108,0.457,10.32,5.759,1.241,697.94,1.976,74.048,0.014,0.014,334.172
NCOD,parse_failed,921080.0,,,,,0.0,,,2.065,,,,,,,,,,,,,,,,,,,,,0.775
NCRO,done,14563990.0,162452.0,11901.0,11883.0,18.0,11883.0,xml,xml,11.031,11.031,1927.3,1009.1,cuda,9297.0,0.001,5.713,0.0,0.909,0.018,0.046,3.091,0.103,0.126,0.046,10.672,0.173,,1.072,1.904,4.971
NDDO,done,2125156.0,21438.0,1971.0,1731.0,240.0,1731.0,xml,xml,1.401,1.401,1691.8,983.1,cuda,480.0,0.0,0.757,0.0,0.062,0.002,0.005,0.227,0.012,0.014,0.007,1.254,0.025,,0.048,0.169,0.789
NDDRFO,done,1167149.0,13826.0,864.0,856.0,8.0,855.0,xml,xml,0.887,0.887,0.0,612.4,cuda,39.0,0.0,0.394,0.0,0.16,0.001,0.004,0.039,0.004,0.006,0.003,0.757,0.013,,0.01,0.026,0.456
NEET_,done,16153.0,126.0,15.0,14.0,1.0,2.0,xml,xml,0.285,0.285,0.0,456.1,cuda,12.0,0.0,0.005,0.001,0.0,0.0,0.0,0.032,0.0,0.0,0.001,0.165,0.005,,0.016,0.014,0.208
NEIC-ONTO,done,22437.0,204.0,25.0,24.0,1.0,2.0,xml,xml,0.301,0.301,0.0,483.8,cuda,9.0,0.0,0.008,0.001,0.001,0.0,0.0,0.043,0.0,0.0,0.001,0.172,0.005,,0.016,0.025,0.226
NEICBEER,done,33778.0,319.0,44.0,43.0,1.0,2.0,xml,xml,0.269,0.269,0.0,467.8,cuda,6.0,0.0,0.011,0.001,0.001,0.0,0.0,0.019,0.0,0.0,0.001,0.159,0.006,,0.009,0.009,0.161
NEIO,done,580521.0,5333.0,225.0,174.0,51.0,174.0,xml,xml,0.57,0.57,0.0,981.5,cuda,145.0,0.0,0.151,0.0,0.014,0.0,0.001,0.127,0.001,0.001,0.001,0.432,0.009,,0.024,0.1,0.34
NEMO,done,6158328.0,42131.0,1926.0,1848.0,78.0,1847.0,xml,xml,2.979,2.979,1717.4,1035.3,cuda,63.0,0.0,1.637,0.004,0.13,0.002,0.015,0.063,0.008,0.01,0.007,2.808,0.025,0.702,0.011,0.047,2.153
NEO,done,1571502.0,12052.0,1614.0,1611.0,3.0,1610.0,xml,xml,0.892,0.892,0.0,453.0,cuda,1.0,0.0,0.391,0.001,0.168,0.001,0.005,0.018,0.001,0.006,0.005,0.747,0.018,,0.007,0.008,0.689
NEOMARK3,done,804483.0,6283.0,56.0,56.0,0.0,55.0,xml,xml,0.507,0.507,0.0,523.0,cuda,55.0,0.0,0.207,0.001,0.016,0.0,0.0,0.025,0.001,0.001,0.001,0.392,0.007,,0.009,0.015,0.475
NEOMARK4,done,321723.0,2909.0,325.0,325.0,0.0,325.0,xml,xml,0.412,0.412,0.0,597.6,cuda,35.0,0.0,0.102,0.001,0.008,0.001,0.001,0.037,0.0,0.001,0.002,0.285,0.007,,0.009,0.026,0.249
NERO,done,60170.0,508.0,64.0,64.0,0.0,63.0,xml,xml,0.286,0.286,0.0,476.5,cuda,15.0,0.0,0.017,0.001,0.001,0.0,0.0,0.021,0.0,0.001,0.001,0.168,0.006,,0.01,0.009,0.173
NEUDIGS,done,25074.0,189.0,24.0,24.0,0.0,23.0,xml,xml,0.302,0.302,0.0,471.2,cuda,18.0,0.0,0.008,0.0,0.001,0.0,0.0,0.044,0.0,0.0,0.001,0.176,0.005,,0.017,0.025,0.256
NEUMORE,done,16175.0,101.0,34.0,34.0,0.0,33.0,xml,xml,0.238,0.238,0.0,450.7,,0.0,0.0,0.005,0.001,0.0,0.0,0.0,0.0,0.0,0.0,0.001,0.128,0.005,,,,0.134
NEUROBRG,done,537339.0,4023.0,667.0,667.0,0.0,667.0,xml,xml,0.49,0.49,0.0,793.5,cuda,82.0,0.0,0.146,0.001,0.011,0.001,0.002,0.066,0.001,0.003,0.003,0.363,0.012,,0.012,0.052,0.272
NEXUS,done,210920.0,1960.0,216.0,215.0,1.0,214.0,xml,xml,0.332,0.332,0.0,452.4,cuda,1.0,0.0,0.068,0.0,0.005,0.0,0.001,0.015,0.0,0.001,0.001,0.22,0.006,,0.007,0.007,0.182
NGBO,done,1597054.0,14594.0,1516.0,1516.0,0.0,1516.0,xml,xml,1.398,1.398,1684.9,984.4,cuda,1128.0,0.0,0.452,0.0,0.164,0.002,0.006,0.449,0.002,0.006,0.006,1.238,0.03,,0.107,0.327,0.627
NGSONTO,done,125277.0,1211.0,60.0,60.0,0.0,59.0,xml,xml,0.381,0.381,0.0,552.0,cuda,34.0,0.0,0.04,0.001,0.003,0.0,0.0,0.082,0.0,0.001,0.001,0.257,0.006,,0.018,0.063,0.307
NIDM-RESULTS,done,387374.0,3444.0,191.0,161.0,30.0,161.0,xml,xml,0.493,0.493,0.0,981.6,cuda,160.0,0.0,0.109,0.001,0.009,0.0,0.001,0.119,0.0,0.001,0.001,0.375,0.009,,0.025,0.091,0.22
NIFCELL,done,655094.0,3932.0,375.0,375.0,0.0,374.0,xml,xml,0.561,0.561,0.0,981.7,cuda,202.0,0.0,0.148,0.001,0.011,0.001,0.002,0.128,0.0,0.001,0.002,0.426,0.011,,0.024,0.099,0.376
NIFDYS,done,35043190.0,422197.0,11466.0,11256.0,210.0,11256.0,xml,xml,22.7,22.7,2330.4,1058.4,cuda,9752.0,0.001,13.704,0.021,2.763,0.023,0.075,3.769,0.168,0.193,0.05,22.224,0.186,,1.068,2.55,11.617
NIFSTD,done,397988486.0,4407575.0,178494.0,177974.0,520.0,177974.0,xml,xml,258.919,258.919,8111.0,1356.6,cuda,111515.0,0.0,147.325,0.0,29.691,0.38,1.131,54.336,2.562,2.262,0.957,253.93,2.338,,13.346,39.041,129.975
NIFSUBCELL,done,643293.0,4069.0,413.0,413.0,0.0,412.0,xml,xml,0.6,0.6,0.0,981.9,cuda,281.0,0.0,0.151,0.001,0.011,0.001,0.002,0.163,0.001,0.002,0.002,0.468,0.012,,0.035,0.124,0.283
NIGO,done,11987266.0,99033.0,4843.0,4843.0,0.0,4842.0,xml,xml,7.51,7.51,1835.3,1043.8,cuda,4775.0,0.0,3.813,0.008,0.537,0.008,0.03,2.372,0.031,0.03,0.02,7.255,0.092,,0.662,1.647,4.017
NIHSS,done,131999.0,1028.0,90.0,20.0,70.0,19.0,xml,xml,0.301,0.301,0.0,471.8,cuda,5.0,0.0,0.034,0.0,0.003,0.0,0.0,0.019,0.0,0.0,0.001,0.182,0.006,,0.009,0.008,0.271
NIO,done,4341472.0,38607.0,3340.0,3303.0,37.0,3303.0,xml,xml,2.5,2.5,1736.5,983.7,cuda,902.0,0.0,1.38,0.0,0.264,0.004,0.011,0.399,0.019,0.021,0.013,2.317,0.04,,0.091,0.291,1.566
NIRS,done,297596.0,2192.0,153.0,146.0,7.0,145.0,xml,xml,0.412,0.412,0.0,792.8,cuda,102.0,0.0,0.073,0.0,0.006,0.0,0.001,0.071,0.001,0.001,0.001,0.284,0.007,,0.016,0.053,0.226
NIST_GEL,done,65514.0,592.0,53.0,53.0,0.0,52.0,xml,xml,0.301,0.301,0.0,510.8,cuda,42.0,0.0,0.018,0.001,0.002,0.0,0.0,0.025,0.0,0.001,0.001,0.173,0.006,,0.01,0.013,0.145
NLMVS,done,47512931.0,348711.0,75179.0,75178.0,1.0,5.0,xml,xml,18.98,18.98,2238.5,466.9,cuda,5.0,0.0,13.424,0.028,2.341,0.095,0.132,0.181,0.304,0.08,0.314,18.15,0.568,,0.02,0.038,15.684
NLN,done,759953.0,6173.0,493.0,411.0,82.0,411.0,xml,xml,0.697,0.697,0.0,983.1,cuda,390.0,0.0,0.194,0.001,0.018,0.001,0.002,0.207,0.001,0.002,0.002,0.565,0.013,,0.041,0.159,0.337
NMDCO,done,40352552.0,480099.0,13730.0,13684.0,46.0,13683.0,xml,xml,26.263,26.263,2383.1,1065.9,cuda,11947.0,0.0,15.367,0.0,3.028,0.027,0.089,5.072,0.202,0.215,0.061,25.702,0.231,,1.234,3.657,13.317
NMOBR,done,3729097.0,37169.0,6349.0,3883.0,2466.0,3883.0,xml,xml,2.028,2.028,1730.3,452.6,cuda,3.0,0.0,1.301,0.003,0.263,0.007,0.013,0.028,0.01,0.014,0.021,1.861,0.047,,0.009,0.009,1.375
NMOSP,done,1798178.0,22439.0,1951.0,1674.0,277.0,1673.0,xml,xml,1.189,1.189,1695.8,450.7,,0.0,0.0,0.778,0.002,0.069,0.002,0.006,0.003,0.005,0.006,0.006,1.05,0.017,,,,0.761
NMR,done,648843.0,5397.0,788.0,788.0,0.0,788.0,xml,xml,0.649,0.649,0.0,982.1,cuda,341.0,0.0,0.183,0.001,0.014,0.001,0.002,0.17,0.001,0.003,0.003,0.512,0.015,,0.032,0.131,0.332
NND_CH,done,394322.0,2120.0,115.0,115.0,0.0,114.0,xml,xml,0.348,0.348,0.0,452.5,cuda,6.0,0.0,0.068,0.001,0.006,0.0,0.001,0.019,0.0,0.001,0.001,0.226,0.006,,0.009,0.008,0.269
NND_ND,done,92910.0,856.0,112.0,112.0,0.0,111.0,xml,xml,0.269,0.269,0.0,450.7,,0.0,0.0,0.026,0.001,0.003,0.0,0.001,0.0,0.0,0.001,0.001,0.155,0.005,,,,0.332
NOMEN,done,212573.0,2305.0,265.0,265.0,0.0,264.0,xml,xml,0.364,0.364,0.0,467.9,cuda,16.0,0.0,0.073,0.001,0.006,0.0,0.001,0.021,0.001,0.001,0.001,0.237,0.007,,0.01,0.009,0.236
NONRCTO,done,158278.0,1280.0,187.0,156.0,31.0,156.0,xml,xml,0.365,0.365,0.0,720.8,cuda,69.0,0.0,0.043,0.001,0.004,0.0,0.001,0.06,0.0,0.001,0.001,0.238,0.007,,0.009,0.048,0.157
NPDX,done,777860.0,10291.0,705.0,705.0,0.0,704.0,xml,xml,0.602,0.602,0.0,450.7,,0.0,0.0,0.292,0.0,0.027,0.001,0.005,0.001,0.0,0.002,0.003,0.476,0.01,,,,0.344
NPI,done,41116.0,453.0,45.0,45.0,0.0,45.0,xml,xml,0.254,0.254,0.0,450.7,,0.0,0.0,0.015,0.001,0.001,0.0,0.0,0.0,0.0,0.001,0.001,0.145,0.005,,,,0.181
NPO,done,4213911.0,38714.0,1904.0,1904.0,0.0,1904.0,xml,xml,3.362,3.362,1702.2,1035.4,cuda,122.0,0.0,1.406,0.003,0.261,0.002,0.008,0.108,0.009,0.017,0.007,3.196,0.025,1.175,0.015,0.088,1.529
NPOKB,done,17846984.0,195327.0,10395.0,6875.0,3520.0,6875.0,xml,xml,8.647,8.647,1986.7,920.5,cuda,113.0,0.001,5.739,0.013,1.321,0.014,0.041,0.33,0.095,0.133,0.038,8.406,0.073,,0.075,0.237,5.97
NRO,done,406657.0,2961.0,564.0,564.0,0.0,563.0,xml,xml,0.398,0.398,0.0,452.0,cuda,2.0,0.0,0.097,0.001,0.008,0.001,0.001,0.019,0.001,0.002,0.002,0.271,0.01,,0.008,0.008,0.231
NUCLEON,done,12028219.0,111849.0,9161.0,4228.0,4933.0,4227.0,xml,xml,6.229,6.229,1837.2,981.7,cuda,193.0,0.001,4.587,0.0,0.676,0.014,0.033,0.144,0.059,0.014,0.04,6.009,0.069,,0.022,0.103,4.013
O-REXTECH,done,84368.0,782.0,62.0,61.0,1.0,5.0,xml,xml,0.285,0.285,0.0,456.4,cuda,6.0,0.0,0.024,0.001,0.002,0.0,0.0,0.019,0.001,0.0,0.001,0.169,0.006,,0.009,0.009,0.276
O3,done,3547971.0,29810.0,2108.0,2108.0,0.0,2108.0,xml,xml,1.995,1.995,1725.4,983.1,cuda,680.0,0.0,1.096,0.003,0.235,0.003,0.012,0.279,0.01,0.009,0.008,1.843,0.027,,0.062,0.205,1.276
OA,done,45025.0,392.0,46.0,26.0,20.0,25.0,xml,xml,0.297,0.297,0.0,575.8,cuda,37.0,0.0,0.014,0.001,0.001,0.0,0.0,0.035,0.0,0.0,0.001,0.176,0.005,,0.01,0.024,0.255
OAE,done,14617998.0,149819.0,10590.0,10590.0,0.0,10589.0,xml,xml,11.044,11.044,1907.9,1022.7,cuda,10121.0,0.0,5.452,0.011,0.818,0.017,0.061,3.602,0.04,0.063,0.042,10.676,0.188,,1.059,2.422,4.928
OARCS,done,781408.0,7481.0,632.0,309.0,323.0,308.0,xml,xml,0.648,0.648,0.0,713.3,cuda,307.0,0.0,0.242,0.0,0.02,0.001,0.002,0.104,0.003,0.002,0.003,0.515,0.012,,0.031,0.068,0.386
OBA,done,189133271.0,2472131.0,83751.0,83516.0,235.0,83515.0,xml,xml,122.037,122.037,5437.4,1197.9,cuda,57186.0,0.0,73.621,0.0,15.571,0.152,0.354,17.304,1.682,2.118,0.431,119.542,1.114,,7.715,8.823,61.877
OBCS,done,2054635.0,20749.0,1234.0,1211.0,23.0,1211.0,xml,xml,1.613,1.613,1689.7,984.6,cuda,1184.0,0.0,0.724,0.0,0.059,0.002,0.006,0.486,0.005,0.008,0.005,1.46,0.028,,0.113,0.358,0.854
OBEST,done,2234054.0,21599.0,1403.0,1386.0,17.0,1386.0,xml,xml,1.674,1.674,1692.2,985.0,cuda,1319.0,0.0,0.768,0.002,0.064,0.002,0.007,0.481,0.004,0.008,0.005,1.513,0.031,,0.116,0.349,0.884
OBI,done,10748351.0,125014.0,5541.0,5240.0,301.0,5240.0,xml,xml,7.727,7.727,1863.6,1045.4,cuda,5307.0,0.0,3.927,0.0,0.671,0.01,0.029,2.252,0.044,0.057,0.022,7.472,0.1,,0.738,1.448,3.667
OBIB,done,2873430.0,27953.0,2029.0,1804.0,225.0,1804.0,xml,xml,2.233,2.233,1717.1,986.2,cuda,1739.0,0.001,0.952,0.0,0.229,0.003,0.009,0.663,0.006,0.01,0.008,2.06,0.039,,0.172,0.47,1.079
OBIWS,done,368471.0,3653.0,262.0,228.0,34.0,228.0,xml,xml,0.522,0.522,0.0,859.1,cuda,205.0,0.0,0.113,0.0,0.01,0.0,0.001,0.115,0.001,0.002,0.002,0.384,0.01,,0.024,0.087,0.274
OBI_BCGO,done,3614691.0,33000.0,2314.0,2270.0,44.0,2270.0,xml,xml,2.772,2.772,1730.2,1036.1,cuda,2131.0,0.001,1.139,0.0,0.245,0.003,0.009,0.944,0.011,0.018,0.009,2.581,0.047,,0.24,0.676,1.271
OBI_IEE,done,7076895.0,66582.0,3803.0,3507.0,296.0,3507.0,xml,xml,4.735,4.735,1784.3,1040.6,cuda,3661.0,0.0,2.294,0.0,0.391,0.006,0.021,1.466,0.02,0.029,0.014,4.527,0.072,,0.395,1.024,2.454
OBOE,done,523622.0,5395.0,292.0,292.0,0.0,292.0,xml,xml,0.494,0.494,0.0,667.8,cuda,52.0,0.0,0.149,0.001,0.015,0.0,0.001,0.047,0.002,0.003,0.001,0.359,0.008,,0.01,0.035,0.282
OBOE-SBC,done,757517.0,7144.0,631.0,631.0,0.0,631.0,xml,xml,0.583,0.583,0.0,875.8,cuda,102.0,0.0,0.191,0.001,0.018,0.001,0.001,0.084,0.003,0.004,0.003,0.45,0.012,,0.015,0.066,0.36
OBOREL,done,1232502.0,11776.0,62.0,60.0,2.0,59.0,xml,xml,0.714,0.714,0.0,649.8,cuda,48.0,0.0,0.356,0.0,0.031,0.001,0.0,0.047,0.001,0.001,0.001,0.581,0.006,,0.009,0.036,0.64
OBS,done,378876.0,2662.0,88.0,58.0,30.0,57.0,xml,xml,0.381,0.381,0.0,461.7,cuda,10.0,0.0,0.087,0.001,0.007,0.0,0.0,0.02,0.001,0.001,0.001,0.252,0.006,,0.009,0.009,0.237
OCCO,done,6246675.0,76415.0,1787.0,1769.0,18.0,1769.0,xml,xml,3.826,3.826,1775.5,984.5,cuda,1165.0,0.0,2.363,0.0,0.409,0.003,0.01,0.502,0.042,0.036,0.007,3.653,0.03,,0.118,0.368,2.18
OCD,done,2345714.0,14321.0,2447.0,105.0,2342.0,104.0,xml,xml,1.08,1.08,1689.5,732.1,cuda,67.0,0.0,0.535,0.0,0.168,0.002,0.004,0.061,0.001,0.001,0.007,0.933,0.025,,0.011,0.045,0.989
OCDM,done,1647.0,14.0,0.0,0.0,0.0,0.0,xml,xml,0.272,0.272,0.0,418.7,,0.0,0.0,0.005,0.001,0.0,0.0,0.0,0.0,0.0,0.0,,0.138,0.002,,,,0.201
OCE,done,628047.0,6179.0,250.0,250.0,0.0,249.0,xml,xml,0.587,0.587,0.0,944.3,cuda,119.0,0.0,0.204,0.001,0.018,0.0,0.002,0.095,0.001,0.002,0.002,0.462,0.009,,0.013,0.078,0.291
OCHV,done,65415853.0,736961.0,115646.0,115646.0,0.0,115645.0,xml,xml,36.921,36.921,2834.8,453.1,cuda,4.0,0.0,25.876,0.037,4.69,0.147,0.276,0.244,0.46,1.001,0.5,35.819,0.619,,0.018,0.024,21.525
OCIMIDO,done,816052.0,8142.0,662.0,662.0,0.0,661.0,xml,xml,0.681,0.681,0.0,934.0,cuda,301.0,0.0,0.225,0.001,0.022,0.001,0.002,0.14,0.003,0.006,0.003,0.54,0.013,,0.035,0.101,0.372
OCMR,done,9972370.0,90161.0,3369.0,3360.0,9.0,3359.0,xml,xml,5.971,5.971,1824.0,993.2,cuda,2827.0,0.0,3.44,0.008,0.506,0.005,0.022,1.333,0.029,0.039,0.013,5.764,0.059,,0.481,0.818,3.331
OCO,done,417341.0,3171.0,389.0,196.0,193.0,196.0,xml,xml,0.492,0.492,0.0,981.6,cuda,153.0,0.0,0.102,0.0,0.008,0.001,0.001,0.116,0.001,0.001,0.002,0.362,0.01,,0.02,0.092,0.249
OCRE,done,658258.0,5901.0,428.0,389.0,39.0,389.0,xml,xml,0.65,0.65,0.0,982.1,cuda,332.0,0.0,0.187,0.001,0.017,0.001,0.001,0.161,0.002,0.003,0.002,0.512,0.012,,0.034,0.121,0.358
OCS,done,2825466.0,10530.0,1640.0,702.0,938.0,701.0,xml,xml,1.95,1.95,1708.2,1034.7,cuda,1637.0,0.0,0.342,0.002,0.029,0.002,0.002,1.255,0.006,0.003,0.005,1.795,0.036,,0.147,1.053,1.03
OCVDAE,done,8909633.0,96299.0,2949.0,2949.0,0.0,2948.0,xml,xml,5.224,5.224,1828.1,986.2,cuda,1723.0,0.0,3.316,0.006,0.523,0.005,0.023,0.675,0.043,0.055,0.012,5.033,0.045,,0.149,0.502,3.022
OC_E,done,273526.0,2316.0,211.0,46.0,165.0,45.0,xml,xml,0.333,0.333,0.0,450.7,,0.0,0.0,0.075,0.001,0.006,0.0,0.001,0.0,0.001,0.001,0.001,0.214,0.006,,,,0.3
ODAE,done,14315379.0,179592.0,3673.0,3673.0,0.0,3672.0,xml,xml,8.531,8.531,1889.7,985.2,cuda,1409.0,0.0,5.783,0.009,0.96,0.006,0.033,0.679,0.069,0.09,0.015,8.299,0.043,,0.267,0.388,5.304
ODFA,done,511631.0,5013.0,238.0,238.0,0.0,237.0,xml,xml,0.601,0.601,0.0,981.8,cuda,232.0,0.0,0.153,0.0,0.013,0.0,0.001,0.158,0.001,0.002,0.001,0.464,0.009,,0.045,0.11,0.275
ODHT,done,547386.0,4870.0,813.0,40.0,773.0,39.0,xml,xml,0.473,0.473,0.0,494.2,cuda,40.0,0.0,0.163,0.001,0.012,0.001,0.002,0.023,0.003,0.001,0.003,0.344,0.013,,0.01,0.01,0.345
ODNAE,done,2742452.0,24626.0,1554.0,1545.0,9.0,1544.0,xml,xml,1.682,1.682,1698.8,983.1,cuda,578.0,0.0,0.949,0.002,0.076,0.002,0.008,0.272,0.006,0.012,0.007,1.522,0.023,,0.058,0.205,1.026
OF,done,944550.0,7564.0,522.0,293.0,229.0,292.0,xml,xml,0.586,0.586,0.0,450.7,,0.0,0.0,0.28,0.001,0.022,0.001,0.001,0.001,0.001,0.001,0.002,0.452,0.008,,,,0.456
OFDSIPT,done,37587.0,343.0,47.0,24.0,23.0,24.0,xml,xml,0.254,0.254,0.0,450.7,,0.0,0.0,0.011,0.001,0.001,0.0,0.0,0.0,0.0,0.001,0.001,0.138,0.006,,,,0.192
OFL,done,148367482.0,1678094.0,59278.0,58977.0,301.0,58977.0,xml,xml,99.55,99.55,4200.6,1186.2,cuda,53371.0,0.0,50.944,0.0,8.957,0.133,0.397,29.526,0.827,0.685,0.302,97.618,0.964,,6.949,21.704,48.625
OFSMR,done,130273.0,1674.0,160.0,160.0,0.0,159.0,xml,xml,0.295,0.295,0.0,450.7,,0.0,0.0,0.045,0.001,0.004,0.0,0.001,0.0,0.0,0.001,0.001,0.178,0.006,,,,0.163
OGCO,done,4464065.0,56180.0,8777.0,8777.0,0.0,8776.0,xml,xml,2.82,2.82,1755.5,450.7,,0.0,0.0,1.921,0.0,0.353,0.009,0.028,0.012,0.007,0.032,0.029,2.634,0.052,,,,1.601
OGDI,done,521186.0,4131.0,751.0,386.0,365.0,386.0,xml,xml,0.55,0.55,0.0,925.6,cuda,114.0,0.0,0.144,0.001,0.011,0.001,0.002,0.12,0.003,0.002,0.003,0.419,0.013,,0.032,0.084,0.292
OGG,done,169767752.0,1280798.0,69690.0,69690.0,0.0,69689.0,xml,xml,77.223,77.223,3829.2,1085.9,cuda,18887.0,0.001,52.783,0.093,8.535,0.102,0.774,7.558,0.087,0.25,0.336,75.65,0.672,,1.462,5.743,55.599
OGG-MM,done,171023756.0,1299105.0,69434.0,69434.0,0.0,69433.0,xml,xml,78.52,78.52,3783.6,1088.7,cuda,20074.0,0.0,54.15,0.1,8.699,0.107,0.846,7.143,0.087,0.252,0.352,76.948,0.668,,1.516,5.276,61.675
OGI,done,318164.0,2661.0,202.0,184.0,18.0,184.0,xml,xml,0.396,0.396,0.0,616.2,cuda,48.0,0.0,0.086,0.001,0.007,0.0,0.001,0.041,0.001,0.001,0.001,0.267,0.007,,0.009,0.029,0.237
OGMD,done,110912.0,971.0,135.0,135.0,0.0,134.0,xml,xml,0.284,0.284,0.0,450.7,,0.0,0.0,0.035,0.001,0.003,0.0,0.001,0.0,0.0,0.001,0.001,0.167,0.006,,,,0.11
OGMS,done,324294.0,2684.0,204.0,187.0,17.0,187.0,xml,xml,0.491,0.491,0.0,981.6,cuda,157.0,0.0,0.085,0.0,0.007,0.0,0.001,0.126,0.001,0.001,0.001,0.356,0.008,,0.021,0.103,0.246
OGR,done,23632.0,159.0,40.0,40.0,0.0,39.0,xml,xml,0.317,0.317,0.0,580.6,cuda,35.0,0.0,0.007,0.001,0.0,0.0,0.0,0.036,0.0,0.0,0.001,0.177,0.006,,0.01,0.024,0.223
OGROUP,done,23320.0,180.0,8.0,5.0,3.0,4.0,xml,xml,0.287,0.287,0.0,455.7,cuda,3.0,0.0,0.007,0.0,0.001,0.0,0.0,0.029,0.0,0.0,0.001,0.16,0.006,,0.01,0.017,0.129
OGSF,done,819892.0,7310.0,433.0,389.0,44.0,389.0,xml,xml,0.68,0.68,0.0,981.7,cuda,199.0,0.0,0.23,0.001,0.02,0.001,0.002,0.138,0.002,0.003,0.002,0.537,0.011,,0.027,0.107,0.428
OHD,done,3965764.0,43705.0,1821.0,1821.0,0.0,1821.0,xml,xml,2.678,2.678,1735.9,985.5,cuda,1488.0,0.0,1.531,0.0,0.13,0.003,0.01,0.575,0.012,0.013,0.007,2.504,0.036,,0.17,0.387,1.442
OHMI,done,3412556.0,38567.0,1743.0,1724.0,19.0,1724.0,xml,xml,2.266,2.266,1729.3,984.5,cuda,1152.0,0.0,1.146,0.0,0.262,0.003,0.006,0.452,0.015,0.013,0.007,2.105,0.03,,0.146,0.292,1.254
OHPI,done,32455712.0,321264.0,11575.0,11292.0,283.0,11292.0,xml,xml,16.943,16.943,2199.5,1041.4,cuda,3952.0,0.001,11.819,0.0,1.67,0.018,0.089,1.467,0.142,0.158,0.051,16.581,0.122,,0.562,0.844,10.766
OLAM,done,579891.0,5640.0,302.0,280.0,22.0,280.0,xml,xml,0.57,0.57,0.0,981.6,cuda,159.0,0.0,0.169,0.001,0.015,0.001,0.002,0.123,0.001,0.002,0.002,0.451,0.01,,0.028,0.091,0.372
OLAS,done,95895508.0,1203456.0,96253.0,96226.0,27.0,96226.0,xml,xml,56.437,56.437,3312.0,983.1,cuda,531.0,0.0,40.449,0.0,7.518,0.141,0.409,0.586,0.744,0.753,0.48,55.082,0.656,,0.22,0.195,34.663
OLATDV,done,141804.0,880.0,48.0,48.0,0.0,47.0,xml,xml,0.333,0.333,0.0,645.7,cuda,46.0,0.0,0.031,0.001,0.003,0.0,0.0,0.048,0.0,0.001,0.001,0.21,0.006,,0.01,0.036,0.398
OM,done,3488871.0,31580.0,2502.0,814.0,1688.0,814.0,xml,xml,2.188,2.188,1725.8,984.2,cuda,1059.0,0.0,1.139,0.003,0.255,0.004,0.007,0.385,0.023,0.005,0.01,2.02,0.033,,0.104,0.267,1.263
OMCO,done,24509564.0,271532.0,15316.0,15315.0,1.0,15314.0,xml,xml,18.349,18.349,2042.5,1070.8,cuda,13973.0,0.001,8.834,0.017,1.367,0.024,0.117,6.4,0.026,0.083,0.064,17.854,0.266,,1.756,4.446,8.09
OMIM,done,183861273.0,1647759.0,111210.0,111210.0,0.0,111204.0,xml,xml,88.932,88.932,4041.2,453.1,cuda,4.0,0.0,67.463,0.1,9.185,0.246,0.547,0.356,2.126,0.418,0.617,87.155,0.735,,0.018,0.025,60.141
OMIT,done,58903131.0,511033.0,90934.0,90916.0,18.0,90916.0,xml,xml,41.728,41.728,2616.8,1158.1,cuda,60412.0,0.001,20.872,0.0,3.46,0.145,0.323,12.323,0.133,0.417,0.415,40.098,1.203,,4.77,6.851,19.359
OMO,done,83095.0,687.0,51.0,33.0,18.0,34.0,xml,xml,0.317,0.317,0.0,597.6,cuda,35.0,0.0,0.024,0.0,0.002,0.0,0.0,0.035,0.0,0.0,0.001,0.189,0.006,,0.009,0.024,0.214
OMP,done,4773354.0,39486.0,2310.0,2310.0,0.0,2309.0,xml,xml,2.991,2.991,1750.7,987.3,cuda,2104.0,0.0,1.639,0.0,0.125,0.003,0.013,0.785,0.011,0.012,0.009,2.811,0.043,,0.197,0.561,1.729
OMRSE,done,1279713.0,12593.0,972.0,533.0,439.0,532.0,xml,xml,1.055,1.055,1679.5,983.1,cuda,451.0,0.0,0.385,0.0,0.164,0.001,0.003,0.214,0.003,0.004,0.004,0.924,0.017,,0.043,0.162,0.589
OMV,done,134259.0,1352.0,66.0,16.0,50.0,16.0,xml,xml,0.34,0.34,0.0,559.3,cuda,31.0,0.0,0.043,0.001,0.004,0.0,0.0,0.031,0.001,0.001,0.001,0.21,0.006,,0.01,0.019,0.273
ONE,done,7619196.0,73749.0,4131.0,3835.0,296.0,3835.0,xml,xml,5.292,5.292,1795.9,1041.5,cuda,3972.0,0.0,2.644,0.006,0.446,0.007,0.022,1.576,0.024,0.034,0.016,5.076,0.077,,0.424,1.101,2.668
ONL-DP,done,685310.0,4881.0,541.0,541.0,0.0,541.0,xml,xml,0.606,0.606,0.0,981.7,cuda,200.0,0.0,0.161,0.001,0.013,0.001,0.001,0.155,0.002,0.004,0.002,0.474,0.012,,0.024,0.127,0.32
ONL-MR-DA,done,887011.0,6150.0,744.0,702.0,42.0,702.0,xml,xml,0.666,0.666,0.0,981.9,cuda,277.0,0.0,0.202,0.001,0.017,0.001,0.001,0.167,0.003,0.004,0.003,0.536,0.014,,0.038,0.123,0.426
ONL-MSA,done,1995188.0,16134.0,1350.0,769.0,581.0,769.0,xml,xml,1.06,1.06,1689.1,771.8,cuda,77.0,0.0,0.504,0.002,0.169,0.001,0.002,0.067,0.01,0.009,0.005,0.921,0.015,,0.01,0.051,0.764
ONL-TASKS,done,19618.0,96.0,48.0,48.0,0.0,47.0,xml,xml,0.254,0.254,0.0,450.7,,0.0,0.0,0.004,0.001,0.0,0.0,0.0,0.0,0.0,0.001,0.001,0.141,0.005,,,,0.194
ONLIRA,done,150890.0,1230.0,56.0,56.0,0.0,56.0,xml,xml,0.301,0.301,0.0,450.7,,0.0,0.0,0.042,0.001,0.004,0.0,0.0,0.0,0.0,0.001,0.001,0.173,0.005,,,,0.217
ONS,done,3514258.0,34530.0,4841.0,4834.0,7.0,4834.0,xml,xml,2.377,2.377,1727.3,985.0,cuda,1326.0,0.001,1.132,0.0,0.254,0.006,0.017,0.55,0.006,0.022,0.016,2.202,0.051,,0.127,0.403,1.274
ONSTR,done,5667195.0,44190.0,1949.0,1866.0,83.0,1866.0,xml,xml,3.286,3.286,1758.7,1035.1,cuda,1779.0,0.0,1.448,0.004,0.313,0.003,0.008,1.104,0.012,0.011,0.008,3.128,0.038,,0.197,0.874,1.98
ONTOAD,done,8771367.0,82756.0,5900.0,5900.0,0.0,5899.0,xml,xml,6.099,6.099,1815.5,1039.1,cuda,3166.0,0.001,3.238,0.007,0.501,0.012,0.023,1.654,0.03,0.031,0.021,5.865,0.084,,0.398,1.204,3.017
ONTOAVIDA,done,558813.0,3942.0,675.0,675.0,0.0,675.0,xml,xml,0.716,0.716,0.0,983.1,cuda,674.0,0.0,0.138,0.0,0.01,0.001,0.002,0.288,0.001,0.002,0.003,0.578,0.017,,0.06,0.218,0.304
ONTODM-ALGORITHM,done,330682.0,2365.0,378.0,378.0,0.0,377.0,xml,xml,0.473,0.473,0.0,854.3,cuda,198.0,0.0,0.084,0.001,0.006,0.001,0.001,0.113,0.001,0.002,0.002,0.339,0.01,,0.028,0.081,0.201
ONTODM-CORE,done,2166100.0,21719.0,1751.0,1729.0,22.0,1729.0,xml,xml,1.475,1.475,1692.1,983.1,cuda,541.0,0.0,0.776,0.002,0.063,0.002,0.005,0.272,0.01,0.012,0.006,1.319,0.025,,0.057,0.205,0.809
ONTODM-KDD,done,328497.0,3210.0,264.0,264.0,0.0,264.0,xml,xml,0.428,0.428,0.0,699.5,cuda,60.0,0.0,0.094,0.001,0.009,0.0,0.001,0.057,0.002,0.002,0.001,0.3,0.007,,0.009,0.045,0.297
ONTODT,done,350625.0,4310.0,377.0,377.0,0.0,377.0,xml,xml,0.443,0.443,0.0,654.9,cuda,49.0,0.0,0.125,0.001,0.011,0.001,0.001,0.049,0.002,0.003,0.002,0.326,0.008,,0.009,0.037,0.212
ONTOKBCF,done,393460.0,3366.0,409.0,409.0,0.0,408.0,xml,xml,0.554,0.554,0.0,981.8,cuda,240.0,0.0,0.103,0.001,0.009,0.0,0.001,0.161,0.001,0.004,0.002,0.412,0.011,,0.036,0.119,0.225
ONTOLURGENCES,done,10624719.0,95612.0,10031.0,10031.0,0.0,10031.0,xml,xml,5.323,5.323,1838.0,983.1,cuda,416.0,0.001,3.706,0.008,0.552,0.014,0.053,0.218,0.017,0.047,0.037,5.055,0.103,,0.059,0.141,3.593
ONTOMA,done,233098.0,1377.0,463.0,436.0,27.0,436.0,xml,xml,0.348,0.348,0.0,458.5,cuda,8.0,0.0,0.052,0.001,0.004,0.0,0.001,0.02,0.0,0.002,0.002,0.218,0.008,,0.009,0.009,0.153
ONTONEO,done,2346800.0,24936.0,1562.0,1421.0,141.0,1420.0,xml,xml,1.66,1.66,1699.4,983.3,cuda,750.0,0.0,0.855,0.0,0.073,0.003,0.007,0.373,0.004,0.009,0.006,1.503,0.027,,0.065,0.296,0.92
ONTONEPHRO,done,7215148.0,74288.0,7801.0,7795.0,6.0,7794.0,xml,xml,4.111,4.111,1806.4,982.1,cuda,338.0,0.001,2.8,0.005,0.455,0.015,0.028,0.188,0.026,0.03,0.028,3.896,0.072,,0.041,0.131,2.463
ONTOPARON,done,1887463.0,19001.0,2464.0,2464.0,0.0,2464.0,xml,xml,1.439,1.439,1688.6,983.2,cuda,713.0,0.0,0.732,0.002,0.053,0.003,0.005,0.301,0.004,0.012,0.008,1.284,0.032,,0.083,0.207,0.714
ONTOPARON_SOCIAL,done,804719.0,7502.0,1282.0,1282.0,0.0,1282.0,xml,xml,0.729,0.729,0.0,981.9,cuda,287.0,0.0,0.245,0.001,0.02,0.001,0.003,0.18,0.002,0.006,0.005,0.602,0.018,,0.043,0.131,0.395
ONTOPBM,done,153465.0,1614.0,196.0,179.0,17.0,178.0,xml,xml,0.338,0.338,0.0,489.5,cuda,45.0,0.0,0.053,0.001,0.004,0.0,0.0,0.023,0.001,0.001,0.001,0.21,0.007,,0.01,0.011,0.193
ONTOPNEUMO,done,754993.0,6725.0,1154.0,1154.0,0.0,1153.0,xml,xml,0.602,0.602,0.0,828.5,cuda,91.0,0.0,0.229,0.001,0.018,0.001,0.003,0.076,0.001,0.004,0.004,0.475,0.015,,0.013,0.059,0.648
ONTOPSYCARE,done,10436941.0,87154.0,10291.0,10209.0,82.0,10208.0,xml,xml,5.576,5.576,1826.8,1034.2,cuda,1497.0,0.001,3.287,0.008,0.52,0.019,0.04,1.019,0.014,0.038,0.038,5.335,0.096,,0.207,0.751,3.536
ONTOPSYCHIA,done,1572132.0,13638.0,1719.0,1719.0,0.0,1719.0,xml,xml,1.061,1.061,1683.6,981.5,cuda,145.0,0.0,0.455,0.002,0.161,0.002,0.004,0.135,0.003,0.009,0.006,0.926,0.02,,0.024,0.105,0.631
ONTOREPLICOV,done,118570.0,1241.0,101.0,86.0,15.0,85.0,xml,xml,0.3,0.3,0.0,451.5,cuda,2.0,0.0,0.031,0.001,0.003,0.0,0.0,0.017,0.0,0.001,0.001,0.183,0.006,,0.008,0.008,0.131
ONTOSIM,done,94571.0,839.0,11.0,11.0,0.0,11.0,xml,xml,0.27,0.27,0.0,450.7,,0.0,0.0,0.028,0.001,0.002,0.0,0.0,0.0,0.0,0.0,0.001,0.158,0.005,,,,0.106
ONTOSINASC,done,71750.0,627.0,8.0,8.0,0.0,8.0,xml,xml,0.27,0.27,0.0,450.7,,0.0,0.0,0.022,0.001,0.002,0.0,0.0,0.0,0.0,0.0,0.001,0.149,0.005,,,,0.162
ONTOSPM,done,858865.0,7987.0,301.0,301.0,0.0,300.0,xml,xml,0.679,0.679,0.0,981.8,cuda,248.0,0.0,0.245,0.001,0.021,0.001,0.001,0.134,0.002,0.002,0.002,0.549,0.01,,0.027,0.103,0.374
ONTOSTAR,done,121637.0,1267.0,190.0,190.0,0.0,189.0,xml,xml,0.319,0.319,0.0,450.7,,0.0,0.0,0.041,0.001,0.003,0.0,0.0,0.0,0.0,0.001,0.001,0.185,0.006,,,,0.161
ONTOTOX,done,12016.0,108.0,16.0,16.0,0.0,16.0,xml,xml,0.237,0.237,0.0,450.7,,0.0,0.0,0.005,0.001,0.0,0.0,0.0,0.0,0.0,0.0,0.001,0.129,0.005,,,,0.233
ONTOTOXNUC,done,324080.0,3289.0,650.0,650.0,0.0,650.0,xml,xml,0.411,0.411,0.0,456.2,cuda,8.0,0.0,0.114,0.001,0.009,0.001,0.001,0.02,0.001,0.002,0.002,0.282,0.011,,0.009,0.008,0.207
ONTRISCAL,done,176670.0,1926.0,333.0,333.0,0.0,332.0,xml,xml,0.332,0.332,0.0,450.7,,0.0,0.0,0.065,0.001,0.005,0.0,0.001,0.001,0.001,0.001,0.002,0.204,0.008,,,,0.18
ONVOC,done,437815.0,4574.0,756.0,755.0,1.0,2.0,xml,xml,0.426,0.426,0.0,450.7,,0.0,0.0,0.148,0.001,0.011,0.001,0.002,0.001,0.0,0.001,0.002,0.297,0.009,,,,0.343
OOEVV,done,137431.0,1214.0,87.0,69.0,18.0,68.0,xml,xml,0.349,0.349,0.0,726.6,cuda,66.0,0.0,0.039,0.001,0.004,0.0,0.0,0.06,0.0,0.001,0.001,0.231,0.006,,0.01,0.049,0.251
OOSTT,done,2496804.0,24210.0,1661.0,1220.0,441.0,1220.0,xml,xml,1.759,1.759,1700.1,984.3,cuda,1105.0,0.0,0.864,0.0,0.081,0.003,0.007,0.452,0.005,0.007,0.006,1.601,0.03,,0.101,0.334,0.946
OPB,done,671842.0,6115.0,858.0,858.0,0.0,858.0,xml,xml,0.713,0.713,0.0,983.1,cuda,558.0,0.0,0.199,0.001,0.016,0.001,0.002,0.211,0.002,0.004,0.003,0.574,0.017,,0.051,0.153,0.435
OPD-NAMBOBI,done,9125.0,158.0,0.0,0.0,0.0,0.0,turtle,turtle,0.259,0.259,0.0,418.7,,0.0,0.0,0.009,0.001,0.001,0.0,0.0,0.0,0.0,0.0,,0.138,0.002,,,,0.223
OPDE,done,48289.0,480.0,62.0,61.0,1.0,2.0,xml,xml,0.285,0.285,0.0,500.4,cuda,43.0,0.0,0.016,0.001,0.001,0.0,0.0,0.022,0.0,0.0,0.001,0.166,0.006,,0.009,0.012,0.219
OPDRE,done,15321.0,288.0,0.0,0.0,0.0,0.0,turtle,turtle,0.274,0.274,0.0,418.7,,0.0,0.0,0.011,0.001,0.001,0.0,0.0,0.0,0.0,0.0,,0.139,0.002,,,,0.144
OPDRONT,done,28273.0,225.0,23.0,22.0,1.0,2.0,xml,xml,0.284,0.284,0.0,458.9,cuda,18.0,0.0,0.009,0.001,0.001,0.0,0.0,0.02,0.0,0.0,0.001,0.151,0.005,,0.009,0.009,0.209
OPDT,done,9782.0,74.0,9.0,8.0,1.0,2.0,xml,xml,0.27,0.27,0.0,458.5,cuda,6.0,0.0,0.003,0.001,0.0,0.0,0.0,0.02,0.0,0.0,0.001,0.148,0.005,,0.01,0.009,0.193
OPDZIMBABWE,done,9966.0,67.0,7.0,6.0,1.0,2.0,xml,xml,0.265,0.265,0.0,453.3,cuda,3.0,0.0,0.003,0.001,0.0,0.0,0.0,0.018,0.0,0.0,0.001,0.144,0.005,,0.009,0.008,0.177
OPE,done,564732.0,4023.0,634.0,634.0,0.0,634.0,xml,xml,0.428,0.428,0.0,450.7,,0.0,0.0,0.148,0.001,0.011,0.001,0.002,0.001,0.001,0.002,0.002,0.302,0.009,,,,0.286
OPL,done,1056434.0,11761.0,580.0,561.0,19.0,561.0,xml,xml,0.887,0.887,0.0,983.1,cuda,495.0,0.0,0.334,0.0,0.032,0.001,0.002,0.213,0.004,0.007,0.003,0.742,0.015,,0.055,0.152,0.457
OPMI,done,4640358.0,45225.0,3175.0,3153.0,22.0,3153.0,xml,xml,2.85,2.85,1746.1,985.1,cuda,1367.0,0.0,1.688,0.004,0.136,0.004,0.017,0.54,0.014,0.017,0.012,2.663,0.043,,0.119,0.401,1.681
OPTIMAL,done,1748715.0,21219.0,513.0,142.0,371.0,142.0,xml,xml,1.03,1.03,1689.0,450.7,,0.0,0.0,0.666,0.002,0.056,0.001,0.001,0.001,0.008,0.002,0.002,0.903,0.008,,,,0.883
OPTION-ONTOLOGY,done,657953.0,5626.0,370.0,347.0,23.0,347.0,xml,xml,0.617,0.617,0.0,982.0,cuda,306.0,0.0,0.178,0.0,0.015,0.001,0.002,0.152,0.002,0.002,0.002,0.489,0.011,,0.035,0.113,0.333
ORCS,done,2306295.0,20272.0,914.0,861.0,53.0,861.0,xml,xml,1.504,1.504,1690.7,983.2,cuda,704.0,0.0,0.773,0.0,0.066,0.002,0.004,0.32,0.004,0.005,0.004,1.351,0.02,,0.067,0.242,0.823
ORDO,done,59076678.0,677217.0,16297.0,16297.0,0.0,16296.0,xml,xml,33.016,33.016,2604.7,1050.1,,0.0,0.0,21.323,0.0,3.528,0.025,0.119,0.027,0.266,0.213,0.074,32.452,0.137,4.605,,,19.511
OREX-SAM,done,57616.0,468.0,31.0,30.0,1.0,5.0,xml,xml,0.291,0.291,0.0,550.3,cuda,29.0,0.0,0.015,0.001,0.001,0.0,0.0,0.03,0.0,0.0,0.001,0.169,0.006,,0.009,0.019,0.165
OREX-WG,done,38876.0,323.0,15.0,14.0,1.0,5.0,xml,xml,0.302,0.302,0.0,456.2,cuda,6.0,0.0,0.011,0.001,0.001,0.0,0.0,0.019,0.0,0.0,0.001,0.167,0.006,,0.009,0.008,0.152
ORNASEQ,done,186517.0,1415.0,164.0,164.0,0.0,164.0,xml,xml,0.413,0.413,0.0,915.5,cuda,136.0,0.0,0.048,0.0,0.004,0.0,0.001,0.1,0.0,0.001,0.001,0.286,0.008,,0.021,0.076,0.179
ORTH,done,126477.0,720.0,41.0,35.0,6.0,34.0,xml,xml,0.316,0.316,0.0,588.3,cuda,33.0,0.0,0.026,0.0,0.002,0.0,0.0,0.035,0.0,0.001,0.001,0.191,0.006,,0.01,0.023,0.21
OSDI,done,274297.0,3010.0,124.0,83.0,41.0,83.0,xml,xml,0.397,0.397,0.0,622.5,cuda,67.0,0.0,0.085,0.0,0.007,0.0,0.0,0.045,0.001,0.001,0.001,0.27,0.006,,0.013,0.03,0.22
OVAE,done,4938736.0,50280.0,1574.0,1556.0,18.0,1555.0,xml,xml,3.009,3.009,1751.7,985.0,cuda,1341.0,0.0,1.718,0.004,0.325,0.003,0.009,0.503,0.016,0.017,0.006,2.837,0.03,,0.137,0.349,1.739
OntoVIP,done,887859.0,6154.0,744.0,702.0,42.0,702.0,xml,xml,0.68,0.68,0.0,981.9,cuda,277.0,0.0,0.202,0.001,0.016,0.001,0.001,0.167,0.003,0.004,0.003,0.534,0.014,,0.038,0.123,0.404
PACO,done,306290.0,2622.0,282.0,225.0,57.0,224.0,xml,xml,0.383,0.383,0.0,460.0,cuda,7.0,0.0,0.08,0.001,0.008,0.0,0.001,0.02,0.001,0.002,0.001,0.246,0.008,,0.009,0.009,0.24
PAE,done,5664908.0,51618.0,1549.0,1549.0,0.0,1548.0,xml,xml,3.42,3.42,1761.6,1033.8,cuda,1356.0,0.0,1.979,0.004,0.332,0.003,0.011,0.65,0.014,0.01,0.006,3.249,0.031,,0.116,0.514,1.971
PAIN,done,897020.0,9919.0,289.0,289.0,0.0,289.0,xml,xml,0.763,0.763,0.0,981.9,cuda,276.0,0.0,0.282,0.0,0.026,0.0,0.002,0.16,0.002,0.003,0.002,0.621,0.011,,0.03,0.125,0.439
PANDA,done,70606.0,558.0,75.0,75.0,0.0,75.0,xml,xml,0.285,0.285,0.0,503.0,cuda,19.0,0.0,0.02,0.001,0.002,0.0,0.0,0.023,0.0,0.001,0.001,0.169,0.006,,0.01,0.012,0.192
PANET,done,354831.0,4384.0,518.0,508.0,10.0,508.0,xml,xml,0.428,0.428,0.0,477.0,cuda,28.0,0.0,0.123,0.001,0.011,0.001,0.001,0.021,0.001,0.005,0.002,0.299,0.009,,0.01,0.009,0.234
PARTUMDO,done,4566468.0,32567.0,5578.0,734.0,4844.0,734.0,xml,xml,2.881,2.881,1741.8,969.3,cuda,4854.0,0.0,1.148,0.003,0.246,0.005,0.008,1.048,0.013,0.006,0.015,2.679,0.083,,0.374,0.636,1.597
PATAXO,done,1126561.0,13122.0,4523.0,4523.0,0.0,0.0,xml,xml,0.982,0.982,0.0,450.7,,0.0,0.0,0.474,0.001,0.161,0.003,0.008,0.006,0.005,0.006,0.012,0.821,0.037,,,,0.544
PATCT,done,147600.0,1848.0,153.0,153.0,0.0,153.0,xml,xml,0.381,0.381,0.0,637.9,cuda,53.0,0.0,0.051,0.001,0.005,0.0,0.001,0.045,0.0,0.001,0.001,0.244,0.007,,0.011,0.032,0.211
PATEL,done,81540.0,484.0,124.0,124.0,0.0,123.0,xml,xml,0.254,0.254,0.0,450.7,,0.0,0.0,0.018,0.001,0.001,0.0,0.0,0.0,0.0,0.001,0.001,0.144,0.005,,,,0.155
PATGV,done,153691.0,2093.0,73.0,73.0,0.0,73.0,xml,xml,0.349,0.349,0.0,611.1,cuda,59.0,0.0,0.055,0.001,0.005,0.0,0.0,0.041,0.0,0.001,0.001,0.228,0.006,,0.009,0.03,0.165
PATHLEX,done,1136437.0,7182.0,1786.0,1786.0,0.0,1786.0,xml,xml,1.25,1.25,1677.1,986.3,cuda,1775.0,0.0,0.241,0.001,0.02,0.002,0.003,0.671,0.002,0.005,0.006,1.089,0.034,,0.271,0.384,0.522
PATIT,done,226893.0,2731.0,139.0,139.0,0.0,139.0,xml,xml,0.412,0.412,0.0,811.5,cuda,87.0,0.0,0.073,0.001,0.007,0.0,0.001,0.075,0.0,0.001,0.001,0.286,0.006,,0.015,0.058,0.22
PATMHC,done,650909.0,6143.0,228.0,228.0,0.0,228.0,xml,xml,0.619,0.619,0.0,979.7,cuda,212.0,0.0,0.161,0.001,0.015,0.0,0.001,0.172,0.0,0.001,0.001,0.491,0.009,,0.024,0.139,0.344
PATO,done,22685560.0,281535.0,8626.0,8626.0,0.0,8625.0,xml,xml,15.266,15.266,2105.9,1051.9,cuda,7385.0,0.0,8.97,0.0,1.82,0.016,0.055,2.742,0.125,0.152,0.039,14.88,0.144,,0.808,1.838,7.7
PAV,done,70536.0,352.0,9.0,3.0,6.0,2.0,xml,xml,0.269,0.269,0.0,450.7,,0.0,0.0,0.015,0.0,0.001,0.0,0.0,0.0,0.0,0.0,0.001,0.143,0.007,,,,0.228
PAYMENTMODE,done,10432.0,81.0,10.0,9.0,1.0,2.0,xml,xml,0.269,0.269,0.0,459.8,cuda,7.0,0.0,0.004,0.001,0.0,0.0,0.0,0.019,0.0,0.0,0.001,0.147,0.006,,0.01,0.008,0.155
PAYOR,done,9502.0,73.0,9.0,8.0,1.0,2.0,xml,xml,0.269,0.269,0.0,458.5,cuda,6.0,0.0,0.003,0.001,0.0,0.0,0.0,0.019,0.0,0.0,0.001,0.143,0.005,,0.009,0.008,0.221
PBO,done,1178386.0,12098.0,2273.0,2273.0,0.0,2272.0,xml,xml,0.939,0.939,0.0,673.2,cuda,79.0,0.0,0.413,0.001,0.163,0.002,0.004,0.051,0.002,0.011,0.007,0.805,0.02,,0.011,0.035,0.54
PBPKO,done,2578225.0,30009.0,1312.0,1025.0,287.0,1024.0,xml,xml,1.836,1.836,1697.6,984.3,cuda,1074.0,0.0,1.006,0.0,0.085,0.002,0.004,0.384,0.017,0.016,0.005,1.696,0.025,,0.103,0.269,0.95
PCALION,done,499306.0,3962.0,416.0,398.0,18.0,397.0,xml,xml,0.413,0.413,0.0,450.7,,0.0,0.0,0.126,0.001,0.01,0.0,0.002,0.001,0.001,0.002,0.002,0.285,0.008,,,,0.311
PCAO,done,847970.0,6780.0,634.0,634.0,0.0,633.0,xml,xml,0.856,0.856,0.0,1031.9,cuda,618.0,0.0,0.2,0.001,0.018,0.001,0.003,0.349,0.001,0.003,0.003,0.714,0.016,,0.056,0.281,0.382
PCL,done,173504734.0,1737412.0,46406.0,37211.0,9195.0,37211.0,xml,xml,87.54,87.54,4273.3,1085.9,cuda,18972.0,0.0,55.181,0.0,11.373,0.118,0.347,11.183,0.803,0.837,0.23,86.047,0.475,,2.699,8.016,56.792
PCMO,done,3227203.0,14566.0,220.0,21.0,199.0,20.0,xml,xml,0.913,0.913,0.0,450.7,,0.0,0.0,0.478,0.003,0.166,0.0,0.001,0.0,0.002,0.0,0.001,0.799,0.006,,,,1.253
PCO,done,625873.0,5543.0,239.0,222.0,17.0,221.0,xml,xml,0.585,0.585,0.0,981.6,cuda,159.0,0.0,0.178,0.0,0.015,0.0,0.001,0.114,0.001,0.002,0.001,0.448,0.009,,0.021,0.09,0.402
PDO,done,625963.0,5430.0,389.0,389.0,0.0,388.0,xml,xml,0.68,0.68,0.0,983.1,cuda,377.0,0.0,0.196,0.001,0.015,0.0,0.002,0.172,0.001,0.002,0.002,0.533,0.012,,0.033,0.133,0.324
PDON,done,875930.0,6542.0,632.0,632.0,0.0,632.0,xml,xml,0.506,0.506,0.0,450.7,,0.0,0.0,0.204,0.001,0.018,0.001,0.002,0.001,0.001,0.004,0.002,0.38,0.01,,,,0.388
PDO_CAS,done,6039054.0,48703.0,12532.0,380.0,12152.0,380.0,xml,xml,3.032,3.032,1716.3,982.1,cuda,326.0,0.0,1.995,0.004,0.155,0.01,0.03,0.159,0.05,0.004,0.036,2.804,0.097,0.141,0.031,0.108,2.085
PDQ,done,19445103.0,217670.0,13453.0,13453.0,0.0,13452.0,turtle,turtle,14.861,14.861,2027.8,1048.5,cuda,6356.0,0.001,6.986,0.014,1.151,0.022,0.045,5.249,0.11,0.026,0.051,14.474,0.164,,0.974,4.08,6.876
PDRO,done,833633.0,7640.0,321.0,321.0,0.0,321.0,xml,xml,0.693,0.693,0.0,981.9,cuda,265.0,0.0,0.234,0.0,0.02,0.001,0.001,0.162,0.002,0.003,0.002,0.563,0.011,,0.037,0.12,0.444
PDUMDV,done,78538.0,542.0,22.0,22.0,0.0,21.0,xml,xml,0.301,0.301,0.0,538.8,cuda,21.0,0.0,0.019,0.001,0.001,0.0,0.0,0.029,0.0,0.0,0.001,0.174,0.006,,0.01,0.017,0.325
PE,done,60968.0,651.0,98.0,98.0,0.0,97.0,xml,xml,0.253,0.253,0.0,450.7,,0.0,0.0,0.021,0.001,0.002,0.0,0.0,0.0,0.0,0.001,0.001,0.15,0.005,,,,0.222
PE-O,done,910836.0,9228.0,1251.0,1251.0,0.0,1251.0,xml,xml,0.726,0.726,0.0,981.6,cuda,165.0,0.0,0.284,0.001,0.025,0.001,0.003,0.116,0.002,0.005,0.005,0.585,0.017,,0.022,0.09,0.45
PEAO,done,1492729.0,12990.0,2298.0,2298.0,0.0,2298.0,xml,xml,0.966,0.966,0.0,771.8,cuda,77.0,0.0,0.415,0.002,0.158,0.002,0.006,0.067,0.003,0.009,0.008,0.816,0.025,,0.011,0.05,0.597
PECO,done,7844840.0,89021.0,3171.0,3171.0,0.0,3170.0,xml,xml,5.053,5.053,1804.7,986.5,cuda,1858.0,0.001,3.091,0.0,0.523,0.005,0.017,0.79,0.03,0.023,0.012,4.859,0.046,,0.2,0.566,2.712
PEDTERM,done,2440117.0,17686.0,1772.0,1772.0,0.0,1771.0,xml,xml,1.157,1.157,1691.8,450.7,,0.0,0.0,0.776,0.002,0.049,0.001,0.01,0.003,0.001,0.006,0.005,1.016,0.017,,,,0.907
PEO,done,134454.0,1063.0,169.0,143.0,26.0,143.0,xml,xml,0.395,0.395,0.0,858.9,cuda,131.0,0.0,0.035,0.001,0.003,0.0,0.0,0.102,0.0,0.001,0.001,0.269,0.008,,0.022,0.078,0.148
PEO_ONTOLOGY,parse_failed,335597.0,,,,,124.0,,,0.839,,,,,,,,,,,,,,,,,,,,,0.27
PESONT,done,126608.0,834.0,211.0,161.0,50.0,160.0,xml,xml,0.269,0.269,0.0,450.7,,0.0,0.0,0.027,0.001,0.002,0.0,0.001,0.0,0.0,0.001,0.001,0.157,0.006,,,,0.18
PGHD-BP,done,19770.0,160.0,18.0,17.0,1.0,2.0,xml,xml,0.301,0.301,0.0,460.9,cuda,15.0,0.0,0.006,0.001,0.001,0.0,0.0,0.035,0.0,0.0,0.001,0.164,0.005,,0.017,0.016,0.762
PGHDPROV,done,86755.0,882.0,37.0,23.0,14.0,23.0,xml,xml,0.317,0.317,0.0,489.8,cuda,22.0,0.0,0.028,0.0,0.003,0.0,0.0,0.021,0.0,0.0,0.001,0.186,0.006,,0.009,0.01,0.247
PGHD_CONNECT,done,16101.0,130.0,13.0,12.0,1.0,2.0,xml,xml,0.285,0.285,0.0,466.9,cuda,10.0,0.0,0.005,0.001,0.0,0.0,0.0,0.033,0.0,0.0,0.001,0.162,0.005,,0.017,0.015,0.124
PGXO,done,24520.0,207.0,13.0,13.0,0.0,12.0,xml,xml,0.3,0.3,0.0,450.7,,0.0,0.0,0.009,0.001,0.001,0.0,0.0,0.0,0.0,0.0,0.001,0.161,0.005,,,,0.157
PHAGE,done,127532203.0,1510395.0,51495.0,51495.0,0.0,51495.0,xml,xml,92.832,92.832,3950.2,1169.9,cuda,47729.0,0.0,48.169,0.072,9.601,0.107,0.35,26.029,0.676,0.572,0.256,91.07,0.851,,6.252,18.995,41.758
PHARE,done,305645.0,2846.0,229.0,229.0,0.0,229.0,xml,xml,0.405,0.405,0.0,466.9,cuda,5.0,0.0,0.1,0.001,0.008,0.001,0.001,0.019,0.001,0.002,0.001,0.269,0.007,,0.009,0.008,0.241
PHASES,done,343263.0,2826.0,105.0,86.0,19.0,85.0,xml,xml,0.443,0.443,0.0,859.6,cuda,98.0,0.0,0.088,0.0,0.007,0.0,0.001,0.078,0.0,0.001,0.001,0.307,0.007,,0.012,0.064,0.269
PHENX,done,572294.0,4549.0,534.0,534.0,0.0,533.0,xml,xml,0.426,0.426,0.0,450.7,,0.0,0.0,0.165,0.001,0.013,0.001,0.002,0.001,0.0,0.002,0.002,0.319,0.008,,,,0.295
PHFUMIADO,done,3045638.0,33396.0,881.0,881.0,0.0,880.0,xml,xml,2.012,2.012,1720.6,983.7,cuda,869.0,0.0,1.123,0.003,0.243,0.001,0.005,0.273,0.017,0.017,0.004,1.87,0.02,,0.076,0.187,1.09
PHIPO,done,33377804.0,410629.0,10924.0,10729.0,195.0,10728.0,xml,xml,22.589,22.589,2307.9,1059.9,cuda,9918.0,0.0,13.153,0.0,2.076,0.02,0.068,5.0,0.174,0.196,0.047,22.123,0.186,,1.258,3.601,11.119
PHMAMMADO,done,3045642.0,33396.0,881.0,881.0,0.0,880.0,xml,xml,2.076,2.076,1720.6,983.7,cuda,869.0,0.0,1.131,0.002,0.262,0.001,0.006,0.28,0.017,0.017,0.004,1.923,0.021,,0.08,0.191,1.092
PHY,done,24218.0,188.0,6.0,6.0,0.0,5.0,xml,xml,0.3,0.3,0.0,450.7,,0.0,0.0,0.008,0.001,0.001,0.0,0.0,0.0,0.0,0.0,0.001,0.154,0.006,,,,0.225
PHYLONT,done,115139.0,936.0,150.0,148.0,2.0,148.0,xml,xml,0.301,0.301,0.0,455.9,cuda,5.0,0.0,0.029,0.001,0.003,0.0,0.0,0.018,0.0,0.001,0.001,0.179,0.006,,0.008,0.008,0.176
PICO,done,497742.0,4188.0,234.0,225.0,9.0,225.0,xml,xml,0.54,0.54,0.0,981.7,cuda,188.0,0.0,0.135,0.001,0.011,0.0,0.001,0.118,0.001,0.001,0.001,0.405,0.01,,0.02,0.094,0.259
PIERO,done,63821.0,568.0,36.0,36.0,0.0,36.0,xml,xml,0.253,0.253,0.0,450.7,,0.0,0.0,0.02,0.001,0.002,0.0,0.0,0.0,0.0,0.001,0.001,0.147,0.005,,,,0.145
PINO,done,121393.0,557.0,268.0,268.0,0.0,267.0,xml,xml,0.302,0.302,0.0,456.9,cuda,7.0,0.0,0.021,0.001,0.002,0.0,0.001,0.019,0.0,0.001,0.001,0.181,0.007,,0.009,0.008,0.179
PLANA,done,2826230.0,31963.0,894.0,876.0,18.0,876.0,xml,xml,2.012,2.012,1714.4,983.7,cuda,875.0,0.001,1.018,0.0,0.239,0.002,0.005,0.359,0.014,0.014,0.004,1.851,0.023,,0.077,0.27,1.084
PLANP,done,11186685.0,129154.0,3562.0,3562.0,0.0,3562.0,xml,xml,7.174,7.174,1873.6,1040.2,cuda,3523.0,0.001,4.217,0.0,0.698,0.007,0.021,1.411,0.051,0.052,0.016,6.948,0.07,,0.472,0.894,3.802
PLANTSO,done,8292702.0,99425.0,4903.0,4901.0,2.0,4900.0,xml,xml,4.91,4.91,1830.3,984.0,cuda,976.0,0.001,3.25,0.0,0.533,0.007,0.027,0.401,0.033,0.046,0.021,4.697,0.051,,0.101,0.282,2.795
PLIO,done,697972.0,4887.0,376.0,376.0,0.0,376.0,xml,xml,0.46,0.46,0.0,451.9,cuda,3.0,0.0,0.149,0.001,0.013,0.0,0.001,0.019,0.001,0.004,0.002,0.334,0.008,,0.009,0.009,0.341
PLOSTHES,done,11185105.0,113483.0,10717.0,10715.0,2.0,4.0,xml,xml,5.812,5.812,1852.6,450.7,,0.0,0.001,4.322,0.008,0.652,0.013,0.045,0.015,0.016,0.009,0.038,5.587,0.064,,,,3.75
PMA,done,1891722.0,14627.0,2085.0,2085.0,0.0,2084.0,xml,xml,1.91,1.91,1657.3,1035.7,,0.0,0.0,0.528,0.002,0.17,0.002,0.008,0.003,0.002,0.004,0.007,1.759,0.021,0.87,,,0.726
PMAPP-PMO,done,322458824.0,2458057.0,76155.0,76155.0,0.0,76155.0,xml,xml,159.583,159.583,5406.9,1198.2,,0.0,0.0,101.321,0.183,13.022,0.11,0.522,0.137,0.182,0.595,0.376,157.462,0.629,32.001,,,105.409
PMD,done,478481.0,3579.0,529.0,529.0,0.0,529.0,xml,xml,0.396,0.396,0.0,451.8,cuda,1.0,0.0,0.114,0.001,0.009,0.001,0.002,0.015,0.001,0.002,0.002,0.278,0.009,,0.007,0.007,0.252
PMDO,done,286840.0,2615.0,629.0,629.0,0.0,629.0,xml,xml,0.396,0.396,0.0,525.0,cuda,45.0,0.0,0.085,0.001,0.007,0.001,0.001,0.026,0.001,0.003,0.002,0.254,0.011,,0.01,0.014,0.179
PMO,done,44851.0,383.0,46.0,46.0,0.0,45.0,xml,xml,0.332,0.332,0.0,516.7,cuda,40.0,0.0,0.013,0.0,0.001,0.0,0.0,0.08,0.0,0.0,0.001,0.22,0.005,,0.023,0.056,0.218
PMO-SPEED,done,14926.0,129.0,17.0,16.0,1.0,2.0,xml,xml,0.3,0.3,0.0,476.5,cuda,14.0,0.0,0.005,0.001,0.0,0.0,0.0,0.044,0.0,0.0,0.001,0.178,0.006,,0.016,0.027,0.159
PMR,done,1558277.0,12152.0,1618.0,1598.0,20.0,1597.0,xml,xml,0.936,0.936,0.0,452.2,cuda,1.0,0.0,0.43,0.002,0.169,0.002,0.003,0.019,0.006,0.008,0.005,0.801,0.018,,0.007,0.008,0.649
PNADO,done,1703990.0,15393.0,1618.0,1601.0,17.0,1601.0,xml,xml,1.234,1.234,1685.8,983.1,cuda,516.0,0.0,0.505,0.002,0.166,0.002,0.006,0.246,0.002,0.006,0.006,1.095,0.024,,0.053,0.184,0.693
PO,done,7851782.0,69622.0,2031.0,2029.0,2.0,2028.0,xml,xml,4.418,4.418,1789.7,1035.2,cuda,1810.0,0.0,2.581,0.0,0.401,0.004,0.015,0.911,0.02,0.012,0.008,4.237,0.038,,0.162,0.72,2.746
POEM,done,1742030.0,17880.0,1637.0,1637.0,0.0,1636.0,xml,xml,1.488,1.488,1688.9,879.7,cuda,1430.0,0.0,0.686,0.002,0.053,0.002,0.005,0.414,0.004,0.008,0.006,1.341,0.032,,0.113,0.286,0.682
PORO,done,1266040.0,11130.0,896.0,896.0,0.0,896.0,xml,xml,0.98,0.98,0.0,983.3,cuda,734.0,0.0,0.374,0.0,0.03,0.001,0.003,0.276,0.004,0.005,0.004,0.843,0.019,,0.061,0.206,0.507
PP,done,15050.0,90.0,15.0,15.0,0.0,15.0,xml,xml,0.285,0.285,0.0,459.5,cuda,8.0,0.0,0.004,0.001,0.0,0.0,0.0,0.033,0.0,0.0,0.001,0.161,0.006,,0.015,0.016,0.184
PPLC,parse_failed,1425582.0,,,,,156.0,,,0.015,,,,,,,,,,,,,,,,,,,,,1.148
PPO,done,1464988.0,17300.0,577.0,577.0,0.0,576.0,xml,xml,1.221,1.221,1685.1,983.1,cuda,566.0,0.0,0.448,0.0,0.172,0.001,0.002,0.289,0.006,0.007,0.003,1.081,0.015,,0.058,0.223,0.574
PR,done,1279414670.0,12599978.0,332990.0,332990.0,0.0,332990.0,xml,xml,770.151,770.151,19663.8,1992.8,cuda,328669.0,0.0,453.678,0.0,90.18,0.945,2.309,138.803,9.475,7.703,2.152,756.497,5.041,,43.047,89.724,3256.845
PREFER,done,22387620.0,278654.0,7189.0,6952.0,237.0,6952.0,xml,xml,14.997,14.997,2099.0,1049.9,cuda,6673.0,0.0,8.777,0.0,1.794,0.013,0.04,2.771,0.124,0.139,0.031,14.654,0.127,,0.721,1.961,7.462
PREGONTO,done,20623.0,175.0,40.0,40.0,0.0,39.0,xml,xml,0.252,0.252,0.0,450.7,,0.0,0.0,0.007,0.001,0.0,0.0,0.0,0.0,0.0,0.0,0.001,0.131,0.005,,,,0.201
PREMEDONTO,done,1185736.0,9309.0,543.0,543.0,0.0,543.0,xml,xml,0.79,0.79,0.0,983.1,cuda,521.0,0.0,0.274,0.001,0.024,0.001,0.004,0.208,0.001,0.002,0.003,0.659,0.016,,0.047,0.154,0.504
PREO,done,142860.0,1267.0,277.0,277.0,0.0,276.0,xml,xml,0.286,0.286,0.0,450.7,,0.0,0.0,0.044,0.0,0.003,0.0,0.0,0.0,0.001,0.001,0.001,0.175,0.006,,,,0.236
PROCCHEMICAL,done,25340.0,191.0,54.0,54.0,0.0,53.0,xml,xml,0.285,0.285,0.0,456.2,cuda,2.0,0.0,0.007,0.001,0.001,0.0,0.0,0.028,0.0,0.001,0.001,0.163,0.006,,0.01,0.017,0.179
PROCO,done,1534716.0,13231.0,936.0,922.0,14.0,922.0,xml,xml,1.283,1.283,1682.2,983.6,cuda,850.0,0.0,0.439,0.0,0.17,0.001,0.005,0.346,0.003,0.005,0.004,1.134,0.023,,0.084,0.251,0.617
PROJ,done,373304.0,3156.0,113.0,90.0,23.0,46.0,xml,xml,0.428,0.428,0.0,713.1,cuda,63.0,0.0,0.108,0.001,0.008,0.0,0.001,0.059,0.0,0.001,0.001,0.308,0.006,,0.012,0.044,0.224
PROMOT,done,3876176.0,41822.0,1016.0,1016.0,0.0,1015.0,xml,xml,2.42,2.42,1732.6,1032.1,cuda,755.0,0.0,1.333,0.0,0.275,0.003,0.005,0.409,0.014,0.01,0.004,2.264,0.022,,0.081,0.315,1.367
PROPREO,done,405146.0,2885.0,447.0,401.0,46.0,401.0,xml,xml,0.602,0.602,0.0,983.1,cuda,412.0,0.0,0.098,0.001,0.008,0.001,0.001,0.209,0.001,0.003,0.002,0.452,0.014,,0.061,0.142,0.314
PROVO,done,124903.0,1172.0,31.0,31.0,0.0,31.0,xml,xml,0.332,0.332,0.0,533.7,cuda,20.0,0.0,0.037,0.0,0.003,0.0,0.0,0.029,0.0,0.0,0.001,0.206,0.006,,0.01,0.017,0.301
PSDO,done,2792223.0,26430.0,1271.0,1252.0,19.0,1252.0,xml,xml,1.917,1.917,1703.6,984.6,cuda,1209.0,0.0,0.91,0.0,0.074,0.002,0.006,0.562,0.009,0.01,0.005,1.756,0.028,,0.111,0.434,1.066
PSDS,done,1308351.0,11220.0,346.0,346.0,0.0,345.0,xml,xml,0.871,0.871,0.0,982.1,cuda,333.0,0.0,0.38,0.002,0.031,0.001,0.002,0.168,0.003,0.001,0.002,0.736,0.012,,0.037,0.125,0.58
PSIMOD,done,18617185.0,187978.0,2117.0,2117.0,0.0,2116.0,xml,xml,10.265,10.265,1955.9,1036.1,cuda,2116.0,0.0,7.081,0.0,0.99,0.011,0.016,1.174,0.053,0.011,0.009,10.032,0.042,,0.456,0.688,6.228
PSO,done,427843.0,2771.0,568.0,568.0,0.0,567.0,xml,xml,0.412,0.412,0.0,610.3,cuda,38.0,0.001,0.096,0.001,0.007,0.001,0.001,0.041,0.001,0.003,0.002,0.28,0.011,,0.009,0.029,0.274
PSO_2,done,144367.0,1337.0,292.0,292.0,0.0,291.0,xml,xml,0.303,0.303,0.0,450.7,,0.0,0.0,0.046,0.001,0.003,0.0,0.0,0.0,0.001,0.002,0.001,0.181,0.007,,,,0.193
PTO,done,3489068.0,28898.0,1723.0,1723.0,0.0,1722.0,xml,xml,2.469,2.469,1724.8,986.1,cuda,1697.0,0.0,1.14,0.003,0.231,0.003,0.01,0.712,0.007,0.007,0.007,2.305,0.036,,0.151,0.54,1.448
PTRANS,done,54801.0,452.0,36.0,36.0,0.0,35.0,xml,xml,0.411,0.411,0.0,516.7,cuda,32.0,0.0,0.015,0.0,0.001,0.0,0.0,0.14,0.0,0.0,0.001,0.289,0.006,,0.04,0.099,0.19
PTRO,done,117154.0,1091.0,43.0,43.0,0.0,43.0,xml,xml,0.333,0.333,0.0,610.7,cuda,42.0,0.0,0.031,0.0,0.003,0.0,0.0,0.04,0.0,0.0,0.001,0.206,0.006,,0.01,0.028,0.236
PTS,done,7364918.0,68769.0,6623.0,6623.0,0.0,6623.0,xml,xml,3.66,3.66,1790.7,478.4,cuda,15.0,0.0,2.772,0.006,0.225,0.007,0.022,0.059,0.018,0.035,0.024,3.467,0.057,,0.024,0.025,2.512
PU,done,2797.0,15.0,5.0,5.0,0.0,5.0,xml,xml,0.238,0.238,0.0,418.7,,0.0,0.0,0.001,0.001,0.0,0.0,0.0,0.0,0.0,0.0,0.001,0.124,0.005,,,,0.225
PVONTO,done,16175.0,101.0,34.0,34.0,0.0,33.0,xml,xml,0.255,0.255,0.0,450.7,,0.0,0.0,0.004,0.001,0.0,0.0,0.0,0.0,0.0,0.0,0.001,0.129,0.005,,,,0.279
PW,done,6001207.0,44913.0,2761.0,2761.0,0.0,2760.0,xml,xml,3.803,3.803,1763.7,988.5,cuda,2539.0,0.0,1.838,0.0,0.31,0.004,0.016,1.189,0.011,0.012,0.011,3.617,0.052,,0.252,0.9,2.113
QUANTUM-MIND,done,671731.0,4749.0,440.0,395.0,45.0,395.0,xml,xml,0.648,0.648,0.0,982.0,cuda,308.0,0.0,0.149,0.0,0.013,0.001,0.001,0.218,0.001,0.003,0.002,0.521,0.012,,0.044,0.166,0.33
QUDT,done,392363.0,3347.0,128.0,105.0,23.0,105.0,xml,xml,0.551,0.551,0.0,771.8,cuda,77.0,0.0,0.132,0.001,0.009,0.0,0.0,0.066,0.001,0.001,0.001,0.421,0.007,0.06,0.011,0.052,0.326
QUDT2,done,393955.0,3325.0,156.0,114.0,42.0,114.0,xml,xml,0.427,0.427,0.0,597.6,cuda,35.0,0.0,0.127,0.0,0.008,0.0,0.0,0.036,0.001,0.001,0.001,0.307,0.006,,0.009,0.025,0.345
QUDT2-1,done,129787.0,2292.0,114.0,89.0,25.0,0.0,turtle,turtle,0.394,0.394,0.0,695.4,cuda,59.0,0.001,0.071,0.0,0.006,0.0,0.0,0.058,0.001,0.001,0.001,0.269,0.007,,0.01,0.046,0.617
RADLEX,done,70418000.0,818708.0,46901.0,46901.0,0.0,46900.0,xml,xml,41.792,41.792,2845.7,1041.1,,0.0,0.0,29.575,0.041,4.502,0.123,0.216,0.099,0.728,0.758,0.266,40.894,0.358,1.777,,,23.148
RADXTT-MVREASONS,done,27372.0,235.0,29.0,28.0,1.0,2.0,xml,xml,0.269,0.269,0.0,478.4,cuda,26.0,0.0,0.008,0.001,0.001,0.0,0.0,0.019,0.0,0.0,0.001,0.155,0.005,,0.009,0.009,0.231
RAO,done,158392.0,1684.0,281.0,281.0,0.0,280.0,xml,xml,0.303,0.303,0.0,450.7,,0.0,0.0,0.053,0.001,0.004,0.0,0.001,0.0,0.0,0.001,0.001,0.187,0.006,,,,0.176
RB,done,304887.0,2568.0,443.0,443.0,0.0,442.0,xml,xml,0.538,0.538,0.0,921.8,cuda,441.0,0.0,0.091,0.001,0.007,0.001,0.001,0.17,0.0,0.002,0.002,0.404,0.012,,0.041,0.123,0.261
RBO,done,31220523.0,378880.0,10031.0,9222.0,809.0,9222.0,xml,xml,20.221,20.221,2263.8,1055.9,cuda,8540.0,0.0,12.058,0.0,2.405,0.019,0.066,3.568,0.149,0.179,0.048,19.78,0.164,,0.986,2.461,10.373
RCTONT,done,343156.0,2838.0,240.0,195.0,45.0,195.0,xml,xml,0.442,0.442,0.0,832.3,cuda,92.0,0.0,0.093,0.001,0.009,0.001,0.001,0.076,0.001,0.001,0.001,0.32,0.008,,0.012,0.06,0.231
RCTV2,done,34203698.0,266563.0,88855.0,88855.0,0.0,88854.0,xml,xml,15.554,15.554,2194.4,450.7,,0.0,0.0,10.982,0.02,1.521,0.111,0.147,0.137,0.104,0.368,0.385,14.767,0.536,,,,11.309
RDA-CONTENT,done,212907.0,1559.0,28.0,27.0,1.0,2.0,xml,xml,0.332,0.332,0.0,546.2,cuda,23.0,0.0,0.049,0.001,0.004,0.0,0.0,0.031,0.0,0.0,0.001,0.211,0.006,,0.009,0.02,0.227
RDA-ISSUANCE,done,72076.0,473.0,11.0,10.0,1.0,2.0,xml,xml,0.282,0.282,0.0,471.8,cuda,5.0,0.0,0.016,0.001,0.001,0.0,0.0,0.02,0.0,0.0,0.001,0.163,0.006,,0.009,0.009,0.222
RDAO,done,280223.0,2021.0,259.0,259.0,0.0,259.0,xml,xml,0.373,0.373,0.0,646.4,cuda,47.0,0.0,0.067,0.0,0.005,0.0,0.001,0.044,0.0,0.001,0.001,0.249,0.007,,0.01,0.032,0.221
RDFS,done,12415.0,95.0,8.0,8.0,0.0,7.0,xml,xml,0.284,0.284,0.0,457.9,cuda,6.0,0.0,0.004,0.001,0.0,0.0,0.0,0.032,0.0,0.0,0.001,0.161,0.005,,0.015,0.016,0.185
RDL,done,318828616.0,3506152.0,618606.0,203.0,618403.0,203.0,xml,xml,174.408,174.408,6811.0,450.7,,0.0,0.001,122.39,0.179,23.776,0.735,2.025,1.179,3.67,0.126,2.708,168.607,3.686,,,,104.184
RDO,done,245551.0,1975.0,365.0,363.0,2.0,362.0,xml,xml,0.316,0.316,0.0,450.7,,0.0,0.0,0.064,0.001,0.005,0.0,0.001,0.001,0.001,0.002,0.001,0.204,0.007,,,,0.199
REGN_BRO,done,560287.0,3357.0,492.0,487.0,5.0,486.0,xml,xml,0.411,0.411,0.0,458.1,cuda,12.0,0.0,0.127,0.001,0.01,0.001,0.002,0.02,0.0,0.002,0.002,0.293,0.009,,0.009,0.008,0.311
REGN_GO,done,137862955.0,1509604.0,51064.0,51064.0,0.0,51063.0,xml,xml,93.763,93.763,3982.0,1168.8,cuda,47417.0,0.0,49.619,0.0,9.546,0.105,0.339,25.652,0.666,0.601,0.251,91.98,0.841,,6.254,18.651,45.156
REHABO,done,387811.0,3101.0,134.0,112.0,22.0,112.0,xml,xml,0.459,0.459,0.0,867.3,cuda,100.0,0.0,0.098,0.0,0.008,0.0,0.001,0.079,0.001,0.001,0.001,0.321,0.007,,0.013,0.064,0.34
REPO,done,108067.0,799.0,96.0,96.0,0.0,96.0,xml,xml,0.318,0.318,0.0,453.3,cuda,2.0,0.0,0.03,0.001,0.003,0.0,0.0,0.018,0.0,0.001,0.001,0.19,0.006,,0.008,0.008,0.133
REPOS,done,15203.0,98.0,13.0,6.0,7.0,5.0,xml,xml,0.254,0.254,0.0,450.7,,0.0,0.0,0.004,0.001,0.0,0.0,0.0,0.0,0.0,0.0,0.001,0.141,0.006,,,,0.191
REPRODUCE-ME,done,414374.0,3879.0,598.0,347.0,251.0,347.0,xml,xml,0.688,0.688,0.0,982.0,cuda,291.0,0.0,0.122,0.001,0.011,0.001,0.001,0.139,0.001,0.002,0.003,0.555,0.014,0.133,0.028,0.106,0.244
RETO,done,202906559.0,2213766.0,147739.0,147739.0,0.0,147738.0,xml,xml,154.21,154.21,4604.9,1462.7,cuda,147738.0,0.0,79.771,0.114,11.958,0.353,0.848,45.876,2.63,0.666,0.836,150.457,2.46,,13.417,30.229,66.487
REX,done,810084.0,7008.0,553.0,553.0,0.0,552.0,xml,xml,0.698,0.698,0.0,822.1,cuda,350.0,0.0,0.242,0.001,0.02,0.001,0.002,0.155,0.002,0.003,0.002,0.568,0.013,,0.042,0.108,0.398
REXO,done,215816024.0,2350444.0,158240.0,158240.0,0.0,158239.0,xml,xml,163.087,163.087,4754.2,1493.9,cuda,158239.0,0.0,84.199,0.118,12.649,0.382,0.925,48.6,2.845,0.718,0.899,159.139,2.64,,14.355,31.817,70.715
RH-MESH,done,228722712.0,1972712.0,305350.0,305350.0,0.0,305349.0,xml,xml,108.529,108.529,4847.4,450.7,,0.0,0.0,80.748,0.127,10.841,0.457,1.023,0.555,0.686,1.986,1.657,105.602,1.66,,,,74.826
RNAO,done,803121.0,7848.0,693.0,693.0,0.0,692.0,xml,xml,0.683,0.683,0.0,708.7,cuda,73.0,0.0,0.257,0.001,0.022,0.001,0.002,0.059,0.003,0.004,0.003,0.559,0.012,0.054,0.012,0.044,0.375
RNPRIO,done,47368.0,303.0,80.0,80.0,0.0,79.0,xml,xml,0.3,0.3,0.0,571.8,cuda,58.0,0.0,0.012,0.001,0.001,0.0,0.0,0.036,0.0,0.001,0.001,0.174,0.006,,0.012,0.022,0.151
RNRMU,done,838363.0,6962.0,2311.0,2311.0,0.0,2310.0,xml,xml,0.555,0.555,0.0,450.7,,0.0,0.001,0.226,0.001,0.018,0.002,0.003,0.003,0.001,0.007,0.007,0.403,0.035,,,,0.39
RO,done,261650.0,2578.0,486.0,459.0,27.0,458.0,xml,xml,0.523,0.523,0.0,983.1,cuda,375.0,0.0,0.082,0.001,0.007,0.001,0.001,0.173,0.0,0.002,0.002,0.397,0.012,,0.039,0.129,0.247
ROADMAP,done,841301.0,8302.0,651.0,647.0,4.0,647.0,xml,xml,0.87,0.87,0.0,983.1,cuda,649.0,0.0,0.246,0.001,0.023,0.001,0.002,0.319,0.002,0.004,0.003,0.739,0.018,,0.076,0.233,0.362
ROCKNROLLTEST,done,4018.0,23.0,3.0,2.0,1.0,1.0,xml,xml,0.523,0.523,0.0,452.3,cuda,1.0,0.0,0.002,0.001,0.0,0.0,0.0,0.283,0.0,0.0,0.001,0.407,0.005,,0.209,0.073,0.202
ROLEO,done,1276512.0,14475.0,2126.0,2126.0,0.0,2125.0,xml,xml,1.022,1.022,1682.5,779.1,cuda,137.0,0.0,0.437,0.001,0.162,0.002,0.007,0.09,0.002,0.008,0.008,0.864,0.023,,0.02,0.065,0.533
ROO,done,1210278.0,12091.0,1307.0,1307.0,0.0,1307.0,xml,xml,1.244,1.244,1678.6,984.1,cuda,1007.0,0.0,0.365,0.001,0.155,0.002,0.003,0.42,0.002,0.009,0.005,1.105,0.026,,0.091,0.315,0.555
ROR,done,141056640.0,1546347.0,137753.0,10.0,137743.0,10.0,xml,xml,99.721,99.721,4113.5,1046.2,cuda,120452.0,0.001,53.465,0.0,9.759,0.253,0.618,25.196,0.795,0.019,0.682,96.637,2.138,,12.417,11.35,5.422
ROS,done,256412.0,2134.0,416.0,416.0,0.0,416.0,xml,xml,0.364,0.364,0.0,532.9,cuda,99.0,0.0,0.068,0.0,0.006,0.0,0.001,0.031,0.0,0.002,0.002,0.237,0.009,,0.013,0.016,0.162
RPO,done,2862562.0,23952.0,1546.0,1546.0,0.0,1545.0,xml,xml,1.408,1.408,1716.6,450.7,,0.0,0.0,0.982,0.002,0.079,0.002,0.012,0.002,0.001,0.005,0.006,1.271,0.015,,,,1.053
RS,done,6958702.0,60913.0,5692.0,5692.0,0.0,5689.0,xml,xml,3.423,3.423,1781.8,638.3,cuda,77.0,0.0,2.434,0.0,0.376,0.006,0.032,0.063,0.007,0.024,0.022,3.23,0.048,,0.021,0.033,2.562
RSA,done,18138.0,118.0,15.0,11.0,4.0,10.0,xml,xml,0.286,0.286,0.0,479.8,cuda,7.0,0.0,0.005,0.001,0.0,0.0,0.0,0.037,0.0,0.0,0.001,0.172,0.006,,0.015,0.021,0.212
RVO,done,18566.0,162.0,18.0,13.0,5.0,12.0,xml,xml,0.3,0.3,0.0,475.2,cuda,13.0,0.0,0.006,0.001,0.0,0.0,0.0,0.043,0.0,0.0,0.001,0.174,0.006,,0.016,0.025,0.167
RXNO,done,2004404.0,18006.0,1075.0,1075.0,0.0,1074.0,xml,xml,1.471,1.471,1688.7,983.5,cuda,827.0,0.0,0.726,0.0,0.051,0.001,0.005,0.36,0.006,0.007,0.004,1.322,0.021,,0.086,0.264,0.89
RXNORM,done,290179100.0,2774898.0,124798.0,124798.0,0.0,124792.0,xml,xml,151.584,151.584,5761.2,453.1,cuda,4.0,0.0,112.513,0.159,19.135,0.284,0.71,0.42,3.848,0.422,0.735,148.953,0.881,,0.018,0.025,94.856
S4EHAW,done,204336.0,1823.0,176.0,138.0,38.0,137.0,xml,xml,0.427,0.427,0.0,981.6,cuda,170.0,0.0,0.058,0.0,0.005,0.0,0.0,0.113,0.001,0.001,0.001,0.309,0.009,,0.019,0.09,0.175
SALMON,done,2474851.0,20594.0,1161.0,1122.0,39.0,1121.0,xml,xml,1.6,1.6,1695.9,984.0,cuda,985.0,0.0,0.823,0.0,0.058,0.002,0.005,0.374,0.006,0.005,0.004,1.445,0.024,,0.083,0.278,0.975
SAO,done,1170877.0,10173.0,764.0,764.0,0.0,764.0,xml,xml,0.743,0.743,0.0,779.2,cuda,78.0,0.0,0.358,0.001,0.028,0.001,0.004,0.065,0.002,0.004,0.003,0.609,0.012,,0.011,0.051,0.514
SARSMUTONTO,done,3814539.0,25699.0,5488.0,2388.0,3100.0,2388.0,xml,xml,1.504,1.504,1734.3,450.7,,0.0,0.0,1.028,0.003,0.078,0.005,0.011,0.007,0.011,0.008,0.014,1.342,0.034,,,,1.344
SASAP,done,325374.0,2498.0,252.0,31.0,221.0,30.0,xml,xml,0.403,0.403,0.0,726.6,cuda,66.0,0.0,0.086,0.0,0.007,0.0,0.001,0.06,0.001,0.0,0.001,0.285,0.007,,0.013,0.044,0.239
SATO,done,1167060.0,10176.0,1265.0,1264.0,1.0,1264.0,xml,xml,1.075,1.075,1677.6,984.7,cuda,1244.0,0.0,0.279,0.001,0.028,0.002,0.004,0.456,0.002,0.005,0.005,0.926,0.028,,0.11,0.33,0.472
SATUSEHATTHESIS,done,262905.0,1911.0,599.0,13.0,586.0,12.0,xml,xml,0.316,0.316,0.0,450.7,,0.0,0.0,0.069,0.001,0.005,0.001,0.001,0.001,0.0,0.0,0.002,0.205,0.009,,,,0.309
SBO,done,542754.0,3689.0,696.0,696.0,0.0,695.0,xml,xml,0.743,0.743,0.0,983.1,cuda,694.0,0.0,0.125,0.001,0.009,0.001,0.002,0.323,0.001,0.003,0.003,0.601,0.018,,0.077,0.237,0.578
SBOL,done,87219.0,703.0,42.0,42.0,0.0,41.0,xml,xml,0.32,0.32,0.0,547.0,cuda,38.0,0.0,0.026,0.001,0.002,0.0,0.0,0.03,0.0,0.001,0.001,0.195,0.006,,0.009,0.019,0.148
SCDO,done,3965880.0,42240.0,2072.0,2072.0,0.0,2072.0,xml,xml,2.901,2.901,1736.1,987.1,cuda,2041.0,0.0,1.375,0.0,0.283,0.003,0.011,0.799,0.019,0.021,0.007,2.73,0.043,,0.191,0.582,1.394
SCHEMA,done,2745133.0,37596.0,950.0,950.0,0.0,949.0,xml,xml,2.097,2.097,1679.7,995.5,cuda,940.0,0.0,1.109,0.002,0.257,0.003,0.003,0.361,0.013,0.004,0.004,1.954,0.022,,0.075,0.274,1.004
SCIO,done,521141.0,4304.0,532.0,320.0,212.0,320.0,xml,xml,0.464,0.464,0.0,685.9,cuda,56.0,0.0,0.14,0.001,0.011,0.001,0.001,0.048,0.001,0.002,0.002,0.338,0.01,,0.009,0.035,0.274
SCO,done,3121621.0,30382.0,3917.0,2712.0,1205.0,2712.0,xml,xml,2.487,2.487,1721.6,988.4,cuda,2489.0,0.0,1.022,0.0,0.239,0.005,0.011,0.796,0.013,0.014,0.013,2.306,0.054,,0.195,0.572,1.165
SCO-U,done,981581.0,6501.0,116.0,113.0,3.0,113.0,xml,xml,0.616,0.616,0.0,920.5,cuda,113.0,0.0,0.212,0.0,0.018,0.001,0.0,0.117,0.001,0.002,0.001,0.49,0.007,,0.029,0.083,0.418
SCO_V1,done,878081.0,6396.0,83.0,81.0,2.0,80.0,xml,xml,0.586,0.586,0.0,788.0,cuda,81.0,0.0,0.208,0.0,0.018,0.001,0.0,0.074,0.001,0.002,0.001,0.45,0.007,,0.017,0.054,0.459
SD3,done,55221.0,293.0,57.0,57.0,0.0,57.0,xml,xml,0.285,0.285,0.0,516.7,cuda,37.0,0.0,0.012,0.001,0.001,0.0,0.0,0.025,0.0,0.001,0.001,0.166,0.006,,0.009,0.014,0.138
SDO,done,1439930.0,14372.0,1436.0,1382.0,54.0,1382.0,xml,xml,1.241,1.241,1680.7,983.4,cuda,782.0,0.0,0.433,0.001,0.164,0.002,0.004,0.314,0.006,0.01,0.005,1.088,0.024,,0.082,0.222,0.61
SDOED,done,103406.0,955.0,232.0,232.0,0.0,231.0,xml,xml,0.269,0.269,0.0,450.7,,0.0,0.0,0.029,0.001,0.003,0.0,0.001,0.0,0.001,0.001,0.001,0.159,0.006,,,,0.133
SDOHO,done,330158.0,2655.0,421.0,386.0,35.0,385.0,xml,xml,0.491,0.491,0.0,981.5,cuda,144.0,0.0,0.08,0.001,0.007,0.001,0.001,0.131,0.001,0.002,0.002,0.355,0.01,,0.025,0.103,0.184
SEDI,done,4736475.0,61649.0,1424.0,1424.0,0.0,1423.0,xml,xml,2.662,2.662,1759.6,450.7,,0.0,0.0,1.851,0.004,0.356,0.003,0.004,0.002,0.022,0.013,0.005,2.522,0.015,,,,1.672
SENSO,done,11550.0,72.0,5.0,5.0,0.0,4.0,xml,xml,0.268,0.268,0.0,455.6,cuda,4.0,0.0,0.004,0.0,0.0,0.0,0.0,0.021,0.0,0.0,0.001,0.147,0.006,,0.01,0.009,0.101
SEP,done,393762.0,3126.0,224.0,224.0,0.0,223.0,xml,xml,0.506,0.506,0.0,981.7,cuda,214.0,0.0,0.107,0.0,0.009,0.0,0.001,0.126,0.001,0.001,0.001,0.38,0.009,,0.025,0.098,0.272
SEPIO,done,595266.0,4922.0,148.0,127.0,21.0,127.0,xml,xml,0.506,0.506,0.0,898.9,cuda,108.0,0.0,0.153,0.0,0.013,0.0,0.001,0.084,0.001,0.001,0.001,0.386,0.007,,0.011,0.069,0.31
SEPON,done,2026939.0,14241.0,1909.0,1909.0,0.0,1908.0,xml,xml,0.973,0.973,0.0,450.7,,0.0,0.0,0.469,0.0,0.178,0.002,0.007,0.003,0.001,0.007,0.006,0.836,0.017,,,,0.778
SHEDDING-HUB,done,122752.0,1186.0,118.0,117.0,1.0,5.0,xml,xml,0.33,0.33,0.0,467.5,cuda,16.0,0.0,0.038,0.0,0.004,0.0,0.0,0.022,0.001,0.0,0.001,0.208,0.007,,0.01,0.01,0.181
SHR,done,135542.0,1127.0,295.0,295.0,0.0,295.0,xml,xml,0.386,0.386,0.0,671.7,cuda,152.0,0.0,0.042,0.001,0.003,0.0,0.001,0.069,0.0,0.001,0.001,0.245,0.009,,0.022,0.045,0.184
SIBO,done,611998.0,7451.0,526.0,526.0,0.0,525.0,xml,xml,0.633,0.633,0.0,981.6,cuda,161.0,0.0,0.21,0.001,0.019,0.001,0.002,0.121,0.003,0.004,0.002,0.502,0.01,,0.028,0.09,0.294
SIMM,done,231256.0,1941.0,305.0,305.0,0.0,304.0,xml,xml,0.364,0.364,0.0,455.7,cuda,3.0,0.0,0.07,0.001,0.005,0.0,0.001,0.019,0.0,0.001,0.002,0.23,0.007,,0.009,0.009,0.165
SIMON,parse_failed,693186.0,,,,,41.0,,,0.772,,,,,,,,,,,,,,,,,,,,,0.379
SIO,done,1582452.0,16269.0,1586.0,1586.0,0.0,1585.0,xml,xml,1.409,1.409,1686.1,879.7,cuda,1419.0,0.0,0.503,0.0,0.172,0.002,0.005,0.403,0.004,0.008,0.006,1.255,0.031,,0.11,0.278,0.678
SITBAC,done,618534.0,4821.0,358.0,178.0,180.0,178.0,xml,xml,0.444,0.444,0.0,483.2,cuda,15.0,0.0,0.147,0.001,0.013,0.0,0.001,0.021,0.002,0.002,0.002,0.32,0.008,,0.009,0.01,0.337
SK,done,33259.0,230.0,43.0,39.0,4.0,38.0,xml,xml,0.269,0.269,0.0,450.7,,0.0,0.0,0.009,0.001,0.001,0.0,0.0,0.0,0.0,0.0,0.001,0.135,0.006,,,,0.192
SLEEP,done,84763.0,632.0,105.0,105.0,0.0,104.0,xml,xml,0.3,0.3,0.0,450.7,,0.0,0.0,0.022,0.001,0.002,0.0,0.0,0.0,0.0,0.001,0.001,0.163,0.006,,,,0.22
SLSO,done,6611993.0,66597.0,4680.0,3979.0,701.0,3979.0,xml,xml,4.657,4.657,1780.1,1041.0,cuda,3799.0,0.0,2.26,0.0,0.392,0.008,0.02,1.411,0.019,0.027,0.018,4.435,0.081,,0.316,1.044,2.332
SL_DIS,done,319390.0,3147.0,340.0,177.0,163.0,177.0,xml,xml,0.444,0.444,0.0,737.7,cuda,112.0,0.0,0.098,0.001,0.008,0.0,0.001,0.07,0.002,0.002,0.002,0.315,0.009,,0.017,0.051,0.207
SMASH,done,188696.0,1209.0,231.0,190.0,41.0,189.0,xml,xml,0.301,0.301,0.0,450.7,,0.0,0.0,0.043,0.001,0.004,0.0,0.001,0.0,0.0,0.001,0.001,0.18,0.006,,,,0.211
SNMI,done,130209364.0,1107694.0,109156.0,109156.0,0.0,109150.0,xml,xml,63.333,63.333,3408.8,453.1,cuda,4.0,0.0,46.513,0.072,7.72,0.235,0.51,0.346,1.176,0.474,0.594,61.759,0.764,,0.018,0.024,42.662
SNPO,done,143822.0,1035.0,90.0,90.0,0.0,90.0,xml,xml,0.332,0.332,0.0,654.7,cuda,58.0,0.0,0.033,0.001,0.003,0.0,0.0,0.047,0.0,0.001,0.001,0.211,0.006,,0.009,0.036,0.232
SO,done,4199003.0,49262.0,2753.0,2753.0,0.0,2752.0,xml,xml,3.44,3.44,1748.2,1037.3,cuda,2548.0,0.0,1.65,0.0,0.328,0.004,0.015,0.996,0.014,0.014,0.01,3.264,0.052,,0.249,0.716,1.583
SOCMEDIA,done,11608.0,85.0,2.0,2.0,0.0,1.0,xml,xml,0.268,0.268,0.0,451.1,cuda,1.0,0.0,0.004,0.001,0.0,0.0,0.0,0.019,0.0,0.0,0.001,0.152,0.005,,0.009,0.009,0.187
SOCPRES,done,19267.0,167.0,55.0,55.0,0.0,54.0,xml,xml,0.252,0.252,0.0,450.7,,0.0,0.0,0.006,0.001,0.0,0.0,0.0,0.0,0.0,0.001,0.001,0.134,0.005,,,,0.226
SOHO,done,102696.0,864.0,173.0,173.0,0.0,172.0,xml,xml,0.27,0.27,0.0,450.7,,0.0,0.0,0.027,0.001,0.003,0.0,0.0,0.0,0.0,0.001,0.001,0.158,0.006,,,,0.15
SOIL-PROF,done,551691.0,8051.0,581.0,581.0,0.0,19.0,turtle,turtle,1.176,1.176,1620.3,990.6,cuda,581.0,0.001,0.335,0.001,0.021,0.001,0.002,0.52,0.003,0.001,0.005,1.031,0.016,,0.241,0.269,0.554
SOLO,done,183015.0,1528.0,80.0,59.0,21.0,58.0,xml,xml,0.364,0.364,0.0,757.2,cuda,73.0,0.0,0.048,0.0,0.004,0.0,0.001,0.061,0.0,0.001,0.001,0.243,0.006,,0.011,0.048,0.273
SOPHARM,done,180157.0,1614.0,134.0,117.0,17.0,117.0,xml,xml,0.381,0.381,0.0,743.6,cuda,70.0,0.0,0.052,0.001,0.004,0.0,0.0,0.065,0.001,0.001,0.001,0.253,0.007,,0.012,0.051,0.217
SOS,done,23097.0,194.0,65.0,65.0,0.0,64.0,xml,xml,0.254,0.254,0.0,450.7,,0.0,0.0,0.008,0.001,0.001,0.0,0.0,0.0,0.0,0.001,0.001,0.131,0.005,,,,0.197
SOY,done,3239696.0,29765.0,1836.0,1836.0,0.0,1835.0,xml,xml,2.266,2.266,1722.7,986.4,cuda,1824.0,0.0,1.144,0.003,0.232,0.003,0.01,0.484,0.008,0.006,0.007,2.083,0.039,,0.164,0.302,1.167
SP,done,588382.0,4543.0,557.0,508.0,49.0,507.0,xml,xml,0.711,0.711,0.0,994.7,cuda,464.0,0.0,0.155,0.001,0.013,0.001,0.002,0.274,0.001,0.003,0.002,0.583,0.014,,0.046,0.22,0.33
SPD,done,1680097.0,15623.0,833.0,833.0,0.0,832.0,xml,xml,1.265,1.265,1683.2,983.5,cuda,802.0,0.0,0.52,0.002,0.166,0.001,0.004,0.267,0.005,0.005,0.003,1.124,0.019,,0.074,0.185,0.644
SPDX-LICENSES,done,22791764.0,17501.0,1827.0,4.0,1823.0,3.0,xml,xml,2.219,2.219,1928.7,983.1,cuda,363.0,0.0,1.51,0.016,0.176,0.001,0.009,0.19,0.001,0.0,0.005,2.067,0.023,,0.038,0.145,7.605
SPO,done,391367.0,3406.0,340.0,340.0,0.0,339.0,xml,xml,0.385,0.385,0.0,471.7,cuda,6.0,0.0,0.105,0.001,0.009,0.001,0.001,0.019,0.001,0.003,0.002,0.271,0.008,,0.009,0.008,0.23
SPTO,done,857890.0,7814.0,502.0,502.0,0.0,501.0,xml,xml,0.711,0.711,0.0,981.9,cuda,282.0,0.0,0.269,0.001,0.023,0.001,0.003,0.145,0.002,0.003,0.002,0.588,0.012,,0.036,0.106,0.401
SP_ONTOLOGY,done,476588.0,4176.0,335.0,335.0,0.0,334.0,xml,xml,0.459,0.459,0.0,667.7,cuda,154.0,0.0,0.116,0.001,0.01,0.0,0.001,0.066,0.001,0.003,0.002,0.334,0.009,,0.018,0.045,0.281
SSBD,done,2703529.0,21787.0,1925.0,1478.0,447.0,1478.0,xml,xml,1.617,1.617,1697.7,983.2,cuda,709.0,0.0,0.884,0.0,0.064,0.003,0.008,0.305,0.005,0.007,0.007,1.453,0.028,,0.07,0.222,0.99
SSE,done,901112.0,7069.0,1354.0,245.0,1109.0,244.0,xml,xml,0.57,0.57,0.0,453.1,cuda,4.0,0.0,0.247,0.001,0.019,0.001,0.003,0.021,0.003,0.001,0.006,0.44,0.015,,0.009,0.01,0.387
SSN,done,92830.0,838.0,29.0,23.0,6.0,23.0,xml,xml,0.317,0.317,0.0,538.8,cuda,21.0,0.0,0.027,0.001,0.002,0.0,0.0,0.028,0.0,0.001,0.001,0.187,0.006,,0.01,0.017,0.243
SSO,done,326184.0,2238.0,178.0,177.0,1.0,176.0,xml,xml,0.348,0.348,0.0,450.7,,0.0,0.0,0.086,0.001,0.006,0.0,0.0,0.0,0.001,0.001,0.001,0.223,0.006,,,,0.271
SST,done,10334.0,55.0,18.0,18.0,0.0,17.0,xml,xml,0.257,0.257,0.0,451.1,cuda,1.0,0.0,0.003,0.001,0.0,0.0,0.0,0.014,0.0,0.0,0.001,0.143,0.006,,0.007,0.006,0.176
SSTIM,done,1397296.0,12523.0,809.0,733.0,76.0,181.0,xml,xml,0.998,0.998,0.0,914.4,cuda,791.0,0.0,0.383,0.0,0.035,0.002,0.003,0.279,0.002,0.002,0.004,0.862,0.02,,0.079,0.19,0.582
STATO,done,2413859.0,23713.0,1063.0,1054.0,9.0,1054.0,xml,xml,1.712,1.712,1697.3,984.1,cuda,1035.0,0.0,0.813,0.0,0.067,0.002,0.005,0.471,0.008,0.009,0.004,1.56,0.025,,0.098,0.358,0.941
STMSO,done,803181.0,6914.0,645.0,627.0,18.0,626.0,xml,xml,0.586,0.586,0.0,832.3,cuda,92.0,0.0,0.213,0.0,0.019,0.001,0.001,0.077,0.003,0.005,0.002,0.458,0.012,,0.015,0.059,0.364
STO-DRAFT,done,2794380.0,19967.0,1781.0,1712.0,69.0,1712.0,xml,xml,1.194,1.194,1698.6,494.7,cuda,39.0,0.0,0.755,0.0,0.057,0.002,0.006,0.025,0.005,0.013,0.006,1.045,0.022,,0.009,0.011,1.025
STRONG,done,138168.0,1439.0,182.0,182.0,0.0,181.0,xml,xml,0.303,0.303,0.0,450.7,,0.0,0.0,0.045,0.001,0.004,0.0,0.001,0.0,0.0,0.001,0.001,0.179,0.006,,,,0.18
STY,done,53980.0,513.0,128.0,128.0,0.0,127.0,xml,xml,0.254,0.254,0.0,450.7,,0.0,0.0,0.019,0.001,0.001,0.0,0.0,0.0,0.0,0.001,0.001,0.144,0.005,,,,0.268
STY1,done,32566.0,508.0,128.0,128.0,0.0,0.0,turtle,turtle,0.253,0.253,0.0,450.7,,0.0,0.0,0.014,0.001,0.001,0.0,0.0,0.0,0.0,0.001,0.001,0.14,0.005,,,,0.528
SUGARBIND,done,20918.0,150.0,14.0,14.0,0.0,13.0,xml,xml,0.285,0.285,0.0,458.9,cuda,11.0,0.0,0.006,0.001,0.001,0.0,0.0,0.033,0.0,0.0,0.001,0.162,0.005,,0.016,0.016,0.187
SURGICAL,done,72220.0,552.0,110.0,51.0,59.0,51.0,xml,xml,0.364,0.364,0.0,555.3,cuda,103.0,0.0,0.021,0.001,0.002,0.0,0.0,0.097,0.0,0.0,0.001,0.244,0.006,,0.031,0.064,0.201
SVU_MWS_WSM,done,107400.0,843.0,116.0,8.0,108.0,7.0,xml,xml,0.286,0.286,0.0,450.7,,0.0,0.0,0.029,0.001,0.002,0.0,0.0,0.0,0.001,0.0,0.001,0.161,0.006,,,,0.181
SVU_MWS_WSM_F23,done,107380.0,843.0,116.0,8.0,108.0,7.0,xml,xml,0.271,0.271,0.0,450.7,,0.0,0.0,0.03,0.001,0.002,0.0,0.0,0.0,0.001,0.0,0.001,0.161,0.006,,,,0.222
SWEET,done,7038096.0,65530.0,12590.0,10239.0,2351.0,10239.0,xml,xml,4.037,4.037,1788.8,984.2,cuda,1069.0,0.0,2.458,0.006,0.385,0.015,0.029,0.486,0.02,0.042,0.044,3.78,0.118,,0.086,0.368,2.45
SWO,done,3256212.0,35456.0,2414.0,1971.0,443.0,1971.0,xml,xml,2.599,2.599,1725.2,1035.3,cuda,1843.0,0.0,1.145,0.0,0.258,0.004,0.009,0.781,0.013,0.014,0.008,2.429,0.043,,0.169,0.588,1.211
SYMP,done,886061.0,9768.0,1020.0,1020.0,0.0,1019.0,xml,xml,0.809,0.809,0.0,983.1,cuda,470.0,0.0,0.283,0.0,0.026,0.001,0.004,0.2,0.002,0.003,0.004,0.667,0.017,,0.039,0.154,0.442
SYRIAN-CINEMA,done,79251.0,575.0,72.0,7.0,65.0,6.0,xml,xml,0.284,0.284,0.0,451.6,cuda,1.0,0.0,0.021,0.0,0.002,0.0,0.0,0.015,0.0,0.0,0.001,0.167,0.006,,0.007,0.007,0.291
SYRIANDRUGS,done,15090124.0,172065.0,14527.0,4.0,14523.0,3.0,xml,xml,8.036,8.036,1931.7,451.4,cuda,1.0,0.0,6.013,0.011,0.916,0.018,0.033,0.042,0.083,0.001,0.061,7.768,0.095,,0.01,0.009,5.056
T4FS,done,941036.0,7896.0,582.0,564.0,18.0,564.0,xml,xml,0.79,0.79,0.0,983.1,cuda,517.0,0.0,0.248,0.0,0.021,0.001,0.002,0.239,0.002,0.003,0.003,0.659,0.015,,0.05,0.181,0.454
TADS,done,1417719.0,12032.0,629.0,629.0,0.0,628.0,xml,xml,1.09,1.09,1679.8,983.1,cuda,628.0,0.0,0.394,0.0,0.034,0.001,0.003,0.358,0.004,0.004,0.003,0.959,0.016,,0.059,0.288,0.566
TAO,done,6113076.0,56550.0,3429.0,3429.0,0.0,3428.0,xml,xml,3.752,3.752,1761.9,987.0,cuda,2006.0,0.0,2.145,0.0,0.357,0.005,0.018,0.726,0.02,0.021,0.013,3.553,0.051,,0.175,0.525,2.126
TAON,done,3159218.0,38679.0,1964.0,1964.0,0.0,1964.0,xml,xml,1.835,1.835,1720.7,471.6,cuda,8.0,0.0,1.152,0.003,0.26,0.002,0.004,0.023,0.017,0.024,0.006,1.695,0.02,,0.01,0.009,1.29
TARA,done,7093832.0,58713.0,1961.0,1961.0,0.0,1960.0,xml,xml,3.607,3.607,1777.4,985.2,cuda,1397.0,0.0,2.206,0.0,0.361,0.003,0.012,0.546,0.021,0.022,0.008,3.439,0.034,,0.116,0.41,2.543
TAXRANK,done,59864.0,691.0,78.0,78.0,0.0,77.0,xml,xml,0.285,0.285,0.0,452.4,cuda,3.0,0.0,0.021,0.0,0.002,0.0,0.0,0.018,0.0,0.001,0.001,0.169,0.006,,0.008,0.008,0.204
TCDO,done,3093105.0,32302.0,1989.0,1989.0,0.0,1988.0,xml,xml,1.87,1.87,1720.6,878.2,cuda,103.0,0.001,1.132,0.0,0.248,0.003,0.008,0.09,0.012,0.02,0.007,1.71,0.021,,0.012,0.072,1.108
TCO,done,896627.0,7432.0,579.0,579.0,0.0,578.0,xml,xml,0.852,0.852,0.0,983.1,,0.0,0.0,0.236,0.001,0.022,0.0,0.002,0.001,0.002,0.004,0.002,0.712,0.011,0.289,,,0.398
TDWGSPEC,done,41022.0,307.0,17.0,10.0,7.0,9.0,xml,xml,0.27,0.27,0.0,452.0,cuda,2.0,0.0,0.011,0.001,0.001,0.0,0.0,0.018,0.0,0.0,0.001,0.153,0.005,,0.008,0.008,0.226
TEDDY,done,1381174.0,15557.0,168.0,168.0,0.0,167.0,xml,xml,0.918,0.918,0.0,981.6,cuda,163.0,0.0,0.475,0.0,0.037,0.0,0.001,0.131,0.001,0.001,0.001,0.791,0.009,,0.024,0.103,0.557
TEMPO,done,30404.0,71.0,2.0,2.0,0.0,1.0,xml,xml,0.269,0.269,0.0,455.9,cuda,1.0,0.0,0.005,0.0,0.0,0.0,0.0,0.028,0.0,0.0,0.001,0.158,0.005,,0.009,0.018,0.201
TEO,done,1394724.0,12676.0,999.0,965.0,34.0,965.0,xml,xml,1.157,1.157,1680.2,983.2,cuda,719.0,0.0,0.395,0.001,0.157,0.001,0.003,0.301,0.004,0.007,0.004,1.018,0.021,,0.06,0.23,0.56
TEPHRAM4MEXAMPLE,done,11022.0,88.0,12.0,11.0,1.0,2.0,xml,xml,0.263,0.263,0.0,467.0,cuda,9.0,0.0,0.004,0.001,0.0,0.0,0.0,0.022,0.0,0.0,0.001,0.147,0.005,,0.01,0.01,0.211
TEST-M4M20-PAV,done,5758.0,40.0,5.0,4.0,1.0,2.0,xml,xml,0.285,0.285,0.0,451.0,cuda,2.0,0.0,0.002,0.001,0.0,0.0,0.0,0.045,0.0,0.0,0.001,0.175,0.006,,0.037,0.007,0.168
TESTEX,done,53700.0,430.0,102.0,102.0,0.0,102.0,xml,xml,0.253,0.253,0.0,450.7,,0.0,0.0,0.015,0.001,0.001,0.0,0.0,0.0,0.0,0.001,0.001,0.142,0.005,,,,0.25
TESTLEARN,done,2609.0,13.0,3.0,3.0,0.0,2.0,xml,xml,0.254,0.254,0.0,418.7,,0.0,0.0,0.001,0.001,0.0,0.0,0.0,0.0,0.0,0.0,0.001,0.127,0.005,,,,0.201
TEST_A,done,53700.0,430.0,102.0,102.0,0.0,102.0,xml,xml,0.268,0.268,0.0,450.7,,0.0,0.0,0.015,0.001,0.001,0.0,0.0,0.0,0.0,0.001,0.001,0.141,0.006,,,,0.216
TEST_CBI,done,4108.0,26.0,5.0,5.0,0.0,4.0,xml,xml,0.269,0.269,0.0,452.0,cuda,1.0,0.0,0.002,0.001,0.0,0.0,0.0,0.016,0.0,0.0,0.001,0.144,0.006,,0.007,0.007,0.102
TGMA,done,7224243.0,66117.0,1865.0,1865.0,0.0,1864.0,xml,xml,4.231,4.231,1783.1,1002.3,cuda,1862.0,0.0,2.437,0.0,0.385,0.003,0.012,0.883,0.022,0.012,0.007,4.045,0.039,,0.162,0.692,2.614
THESISDEMO,done,13041.0,116.0,13.0,13.0,0.0,12.0,xml,xml,0.278,0.278,0.0,450.9,cuda,1.0,0.0,0.004,0.001,0.0,0.0,0.0,0.014,0.0,0.0,0.001,0.152,0.006,,0.007,0.006,0.201
THREE-ST,done,9318932.0,73096.0,8533.0,49.0,8484.0,48.0,xml,xml,3.928,3.928,1800.1,450.7,,0.0,0.0,3.081,0.007,0.262,0.01,0.037,0.012,0.003,0.001,0.03,3.736,0.058,,,,3.148
TIME,done,164111.0,1336.0,35.0,21.0,14.0,21.0,xml,xml,0.333,0.333,0.0,529.5,cuda,19.0,0.0,0.046,0.0,0.004,0.0,0.0,0.029,0.0,0.0,0.001,0.213,0.006,,0.011,0.017,0.238
TIMEBANK,done,143318.0,1559.0,140.0,133.0,7.0,133.0,xml,xml,0.365,0.365,0.0,616.4,cuda,134.0,0.0,0.047,0.0,0.004,0.0,0.0,0.061,0.0,0.001,0.001,0.245,0.007,,0.022,0.037,0.254
TM-CONST,done,16393.0,136.0,21.0,21.0,0.0,20.0,xml,xml,0.237,0.237,0.0,450.7,,0.0,0.0,0.006,0.001,0.0,0.0,0.0,0.0,0.0,0.0,0.001,0.13,0.005,,,,0.133
TM-MER,done,26057.0,186.0,21.0,21.0,0.0,20.0,xml,xml,0.254,0.254,0.0,450.7,,0.0,0.0,0.007,0.001,0.001,0.0,0.0,0.0,0.0,0.0,0.001,0.131,0.005,,,,0.217
TM-OTHER-FACTORS,done,11426.0,90.0,13.0,13.0,0.0,12.0,xml,xml,0.238,0.238,0.0,450.7,,0.0,0.0,0.004,0.001,0.0,0.0,0.0,0.0,0.0,0.0,0.001,0.126,0.005,,,,0.117
TM-SIGNS-AND-SYMPTS,done,348823.0,3023.0,326.0,326.0,0.0,325.0,xml,xml,0.38,0.38,0.0,450.7,,0.0,0.0,0.105,0.001,0.008,0.0,0.002,0.0,0.0,0.001,0.002,0.251,0.006,,,,0.259
TMA,done,19315.0,163.0,8.0,8.0,0.0,7.0,xml,xml,0.286,0.286,0.0,452.8,cuda,3.0,0.0,0.006,0.001,0.0,0.0,0.0,0.03,0.0,0.0,0.001,0.16,0.006,,0.014,0.015,0.186
TML,done,12432.0,67.0,16.0,13.0,3.0,12.0,xml,xml,0.317,0.317,0.0,494.2,cuda,10.0,0.0,0.003,0.001,0.0,0.0,0.0,0.046,0.0,0.0,0.001,0.183,0.006,,0.016,0.029,0.169
TMO,done,187481.0,1599.0,241.0,226.0,15.0,225.0,xml,xml,0.349,0.349,0.0,468.6,cuda,6.0,0.0,0.056,0.001,0.004,0.0,0.001,0.02,0.0,0.001,0.001,0.225,0.007,,0.009,0.009,0.21
TOK,done,405242.0,4660.0,218.0,193.0,25.0,193.0,xml,xml,0.46,0.46,0.0,561.4,cuda,28.0,0.0,0.142,0.001,0.012,0.0,0.001,0.031,0.002,0.002,0.001,0.335,0.007,,0.01,0.019,0.3
TOP-MENELAS,done,624269.0,5506.0,459.0,459.0,0.0,458.0,xml,xml,0.585,0.585,0.0,981.7,cuda,194.0,0.0,0.183,0.001,0.015,0.001,0.001,0.116,0.001,0.002,0.002,0.456,0.01,,0.021,0.091,0.393
TP4,done,55862.0,505.0,24.0,10.0,14.0,9.0,xml,xml,0.253,0.253,0.0,450.7,,0.0,0.0,0.018,0.001,0.001,0.0,0.0,0.0,0.0,0.0,0.001,0.143,0.006,,,,0.153
TP_REL_FAM,done,54529.0,425.0,26.0,9.0,17.0,8.0,xml,xml,0.285,0.285,0.0,450.7,,0.0,0.0,0.016,0.001,0.001,0.0,0.0,0.0,0.0,0.0,0.001,0.152,0.006,,,,0.256
TRAK,done,2528948.0,21802.0,1620.0,1620.0,0.0,1619.0,xml,xml,1.662,1.662,1699.4,984.1,cuda,1007.0,0.0,0.87,0.002,0.062,0.002,0.008,0.364,0.006,0.008,0.006,1.499,0.026,,0.086,0.265,1.015
TRANS,done,86869.0,692.0,105.0,46.0,59.0,46.0,xml,xml,0.317,0.317,0.0,549.6,cuda,97.0,0.0,0.025,0.001,0.002,0.0,0.0,0.033,0.0,0.001,0.001,0.199,0.006,,0.012,0.019,0.223
TRIAGE,done,36668.0,227.0,33.0,33.0,0.0,32.0,xml,xml,0.317,0.317,0.0,500.4,cuda,30.0,0.0,0.009,0.001,0.001,0.0,0.0,0.064,0.0,0.0,0.001,0.202,0.005,,0.022,0.04,0.131
TRON,done,2429445.0,21888.0,966.0,966.0,0.0,965.0,xml,xml,1.616,1.616,1698.9,983.9,cuda,953.0,0.0,0.854,0.002,0.062,0.001,0.006,0.355,0.006,0.007,0.004,1.469,0.022,,0.094,0.25,0.873
TST7,done,14235.0,79.0,10.0,9.0,1.0,2.0,xml,xml,0.285,0.285,0.0,467.5,cuda,7.0,0.0,0.004,0.001,0.0,0.0,0.0,0.033,0.0,0.0,0.001,0.167,0.006,,0.016,0.015,0.102
TTO,done,74949688.0,689046.0,38706.0,38706.0,0.0,38705.0,xml,xml,35.972,35.972,2746.0,456.1,cuda,5.0,0.0,26.977,0.045,4.563,0.053,0.235,0.1,0.256,0.163,0.181,35.205,0.251,,0.016,0.015,27.173
TXPO,done,20109735.0,171438.0,9407.0,9407.0,0.0,9407.0,xml,xml,11.962,11.962,1941.8,1047.9,cuda,6114.0,0.001,6.456,0.0,0.921,0.016,0.04,3.331,0.086,0.093,0.04,11.656,0.131,,0.866,2.369,6.689
TYPON,done,79924.0,745.0,45.0,45.0,0.0,44.0,xml,xml,0.316,0.316,0.0,561.5,cuda,26.0,0.0,0.024,0.001,0.002,0.0,0.0,0.031,0.0,0.001,0.001,0.184,0.006,,0.01,0.02,0.136
UBERON,done,103066281.0,1252826.0,26674.0,26625.0,49.0,26624.0,xml,xml,63.564,63.564,3481.5,1095.9,cuda,22374.0,0.0,39.838,0.0,7.859,0.051,0.194,8.962,0.602,0.563,0.133,62.42,0.425,,2.237,6.379,33.959
UCVA,done,139292.0,1244.0,198.0,95.0,103.0,95.0,xml,xml,0.423,0.423,0.0,960.8,cuda,123.0,0.0,0.041,0.0,0.004,0.0,0.001,0.115,0.0,0.001,0.001,0.288,0.008,,0.022,0.09,0.174
UGANDA_DISEASES,done,213143.0,1896.0,311.0,310.0,1.0,2.0,xml,xml,0.348,0.348,0.0,473.4,cuda,25.0,0.0,0.062,0.001,0.005,0.0,0.001,0.02,0.0,0.0,0.001,0.22,0.008,,0.009,0.009,0.856
UHC-METADATA,done,85638.0,747.0,105.0,103.0,2.0,103.0,xml,xml,0.316,0.316,0.0,513.8,cuda,15.0,0.0,0.025,0.001,0.002,0.0,0.0,0.025,0.0,0.001,0.001,0.183,0.006,,0.009,0.014,0.253
UMMS,done,28615.0,219.0,29.0,29.0,0.0,28.0,xml,xml,0.254,0.254,0.0,450.7,,0.0,0.0,0.008,0.001,0.001,0.0,0.0,0.0,0.0,0.0,0.001,0.133,0.005,,,,0.227
UNIPROT,done,245475.0,2364.0,268.0,164.0,104.0,164.0,xml,xml,0.429,0.429,0.0,778.3,cuda,126.0,0.0,0.077,0.001,0.006,0.0,0.001,0.071,0.001,0.001,0.001,0.29,0.009,,0.012,0.056,0.179
UNITSONT,done,48892.0,412.0,64.0,64.0,0.0,64.0,xml,xml,0.317,0.317,0.0,690.0,cuda,57.0,0.0,0.014,0.001,0.001,0.0,0.0,0.056,0.0,0.001,0.001,0.196,0.006,,0.01,0.044,0.195
UO,done,721697.0,8014.0,575.0,575.0,0.0,574.0,xml,xml,0.712,0.712,0.0,896.3,cuda,408.0,0.0,0.236,0.0,0.021,0.001,0.002,0.165,0.003,0.004,0.003,0.573,0.013,,0.039,0.12,0.686
UPA,done,20956712.0,265324.0,4673.0,4673.0,0.0,4673.0,xml,xml,12.79,12.79,2060.4,1035.9,cuda,2071.0,0.001,8.794,0.0,1.364,0.01,0.028,1.191,0.169,0.09,0.02,12.534,0.055,,0.448,0.712,6.994
UPHENO,done,439830131.0,5191444.0,193299.0,193297.0,2.0,193297.0,xml,xml,297.108,297.108,9450.1,1582.2,cuda,188523.0,0.0,162.384,0.0,33.752,0.451,0.991,68.64,3.202,2.347,1.071,290.866,3.238,,21.559,44.322,143.714
URL,done,89506.0,759.0,72.0,70.0,2.0,69.0,xml,xml,0.285,0.285,0.0,451.5,cuda,1.0,0.0,0.024,0.001,0.002,0.0,0.0,0.015,0.0,0.001,0.001,0.173,0.006,,0.007,0.007,0.129
VALUESETS,done,8653896.0,82388.0,8309.0,8309.0,0.0,8308.0,xml,xml,6.114,6.114,1813.0,1004.0,cuda,7805.0,0.0,3.02,0.006,0.484,0.014,0.032,1.809,0.03,0.03,0.031,5.813,0.155,,0.628,1.109,2.975
VANDF,done,90868583.0,902789.0,31343.0,31343.0,0.0,31337.0,xml,xml,47.996,47.996,3015.0,453.1,cuda,4.0,0.0,36.774,0.052,5.798,0.063,0.171,0.132,0.626,0.096,0.162,47.195,0.216,,0.018,0.024,29.757
VARIO,done,785623.0,6922.0,496.0,496.0,0.0,495.0,xml,xml,0.713,0.713,0.0,953.1,cuda,491.0,0.0,0.239,0.001,0.019,0.001,0.002,0.167,0.002,0.002,0.002,0.571,0.014,,0.042,0.119,0.4
VBO,done,67141339.0,806281.0,20494.0,20475.0,19.0,20474.0,xml,xml,42.549,42.549,2810.7,1026.0,cuda,15337.0,0.0,26.46,0.0,4.941,0.036,0.149,6.865,0.376,0.148,0.095,41.775,0.268,,1.743,4.85,22.097
VDOT,done,626561.0,5706.0,519.0,519.0,0.0,519.0,xml,xml,0.681,0.681,0.0,983.1,cuda,370.0,0.0,0.18,0.001,0.016,0.001,0.002,0.174,0.002,0.003,0.002,0.532,0.014,,0.034,0.134,0.328
VEMO,done,708343.0,5840.0,203.0,156.0,47.0,136.0,xml,xml,0.569,0.569,0.0,978.5,cuda,127.0,0.0,0.179,0.0,0.016,0.001,0.001,0.105,0.001,0.001,0.001,0.447,0.008,,0.016,0.086,0.347
VEO,done,871597.0,7984.0,749.0,730.0,19.0,730.0,xml,xml,0.822,0.822,0.0,983.1,cuda,600.0,0.0,0.247,0.001,0.022,0.001,0.002,0.254,0.002,0.005,0.003,0.687,0.018,,0.059,0.187,0.378
VFB_DRIVERS,done,12925223.0,147064.0,21227.0,21227.0,0.0,21226.0,xml,xml,7.541,7.541,1900.7,496.4,cuda,17.0,0.0,5.183,0.01,1.05,0.026,0.074,0.088,0.052,0.098,0.088,7.219,0.14,,0.02,0.037,4.584
VHOG,done,1966195.0,18509.0,1186.0,1186.0,0.0,1185.0,xml,xml,1.344,1.344,1687.5,957.1,cuda,548.0,0.0,0.734,0.002,0.051,0.001,0.006,0.221,0.006,0.007,0.005,1.194,0.019,,0.055,0.159,0.913
VICO,done,1661575.0,16404.0,801.0,711.0,90.0,710.0,xml,xml,1.22,1.22,1683.6,983.1,cuda,490.0,0.0,0.507,0.002,0.171,0.001,0.003,0.216,0.008,0.007,0.003,1.071,0.016,,0.05,0.159,0.632
VIDO,done,788004.0,7668.0,432.0,432.0,0.0,432.0,xml,xml,0.712,0.712,0.0,983.1,cuda,403.0,0.0,0.232,0.0,0.02,0.001,0.002,0.183,0.002,0.004,0.002,0.586,0.013,,0.041,0.136,0.392
VIMM,done,226871.0,1882.0,261.0,261.0,0.0,260.0,xml,xml,0.332,0.332,0.0,450.7,,0.0,0.0,0.068,0.001,0.005,0.0,0.001,0.0,0.0,0.001,0.001,0.21,0.006,,,,0.172
VIO,done,320315.0,2543.0,81.0,81.0,0.0,80.0,xml,xml,0.412,0.412,0.0,735.1,cuda,68.0,0.001,0.078,0.001,0.007,0.0,0.001,0.063,0.001,0.001,0.001,0.279,0.007,,0.011,0.05,0.215
VIVO,done,764282.0,7044.0,418.0,418.0,0.0,418.0,xml,xml,0.846,0.846,0.0,982.0,cuda,317.0,0.0,0.228,0.001,0.021,0.001,0.001,0.148,0.002,0.003,0.002,0.695,0.013,0.144,0.029,0.114,0.377
VIVO-ISF,done,780516.0,7227.0,428.0,414.0,14.0,414.0,xml,xml,0.697,0.697,0.0,982.0,cuda,321.0,0.0,0.228,0.001,0.02,0.001,0.001,0.16,0.001,0.003,0.002,0.556,0.012,,0.029,0.127,0.341
VO,done,48294766.0,593179.0,15402.0,14812.0,590.0,14812.0,xml,xml,28.378,28.378,2506.5,1043.2,cuda,4563.0,0.0,18.848,0.0,3.683,0.024,0.1,2.281,0.501,0.452,0.072,27.848,0.165,,0.626,1.568,15.995
VODANA-GENERAL,done,139648.0,1320.0,168.0,167.0,1.0,2.0,xml,xml,0.365,0.365,0.0,746.5,cuda,78.0,0.0,0.044,0.001,0.004,0.0,0.001,0.069,0.0,0.0,0.001,0.248,0.007,,0.013,0.053,0.205
VODANA-MI,done,60844.0,536.0,73.0,72.0,1.0,2.0,xml,xml,0.316,0.316,0.0,561.7,cuda,70.0,0.0,0.018,0.001,0.001,0.0,0.0,0.031,0.0,0.0,0.001,0.178,0.006,,0.01,0.019,0.182
VODANA-MIGRANTS,done,248655.0,2251.0,253.0,252.0,1.0,2.0,xml,xml,0.475,0.475,0.0,920.5,cuda,243.0,0.0,0.072,0.001,0.006,0.0,0.001,0.121,0.0,0.0,0.001,0.333,0.01,,0.027,0.091,0.236
VODANA-MPA,done,145824.0,1398.0,189.0,188.0,1.0,2.0,xml,xml,0.411,0.411,0.0,915.6,cuda,185.0,0.0,0.046,0.001,0.004,0.0,0.001,0.113,0.0,0.0,0.001,0.293,0.008,,0.024,0.086,0.287
VODANACOVID,done,48167.0,425.0,57.0,56.0,1.0,2.0,xml,xml,0.285,0.285,0.0,495.0,cuda,50.0,0.0,0.014,0.001,0.001,0.0,0.0,0.024,0.0,0.0,0.001,0.164,0.006,,0.011,0.01,0.21
VODANADISEASES,done,396122.0,3210.0,519.0,518.0,1.0,2.0,xml,xml,0.398,0.398,0.0,467.9,cuda,18.0,0.0,0.108,0.001,0.008,0.001,0.001,0.02,0.0,0.0,0.002,0.271,0.009,,0.01,0.008,0.277
VODANAKENYA,done,33404.0,297.0,31.0,30.0,1.0,2.0,xml,xml,0.348,0.348,0.0,472.6,cuda,28.0,0.0,0.011,0.001,0.001,0.0,0.0,0.092,0.0,0.0,0.001,0.228,0.006,,0.04,0.05,0.142
VODANAMFLCODE,done,57246.0,609.0,100.0,99.0,1.0,2.0,xml,xml,0.286,0.286,0.0,451.3,cuda,1.0,0.0,0.02,0.001,0.002,0.0,0.0,0.015,0.0,0.0,0.001,0.164,0.006,,0.007,0.007,0.229
VODANANIGERIA,done,52231.0,469.0,56.0,55.0,1.0,2.0,xml,xml,0.317,0.317,0.0,469.7,cuda,22.0,0.0,0.015,0.001,0.001,0.0,0.0,0.05,0.0,0.0,0.001,0.192,0.006,,0.025,0.024,0.197
VODANAUGANDA,done,37890.0,345.0,40.0,39.0,1.0,2.0,xml,xml,0.285,0.285,0.0,480.7,cuda,37.0,0.0,0.012,0.001,0.001,0.0,0.0,0.02,0.0,0.0,0.001,0.158,0.006,,0.01,0.009,0.195
VODANETHIOPIA_OR,parse_failed,17813.0,,,,,,,,0.016,,,,,,,,,,,,,,,,,,,,,0.534
VODAN_ANC,done,246612.0,2458.0,385.0,384.0,1.0,2.0,xml,xml,0.364,0.364,0.0,528.2,cuda,54.0,0.0,0.079,0.001,0.006,0.0,0.001,0.029,0.0,0.0,0.002,0.25,0.009,,0.011,0.016,0.159
VRD,done,15999.0,120.0,14.0,14.0,0.0,13.0,xml,xml,0.3,0.3,0.0,486.5,cuda,13.0,0.0,0.005,0.0,0.0,0.0,0.0,0.044,0.0,0.0,0.001,0.176,0.006,,0.016,0.027,0.212
VSAO,done,660575.0,5779.0,315.0,315.0,0.0,314.0,xml,xml,0.634,0.634,0.0,982.0,cuda,291.0,0.0,0.196,0.0,0.015,0.001,0.002,0.15,0.002,0.002,0.002,0.505,0.011,,0.032,0.114,0.373
VSO,done,1331022.0,12642.0,161.0,159.0,2.0,159.0,xml,xml,0.887,0.887,0.0,788.0,cuda,81.0,0.0,0.381,0.001,0.156,0.001,0.001,0.064,0.002,0.001,0.001,0.755,0.007,,0.01,0.051,0.63
VT,done,8864952.0,68995.0,4134.0,4134.0,0.0,4133.0,xml,xml,5.763,5.763,1814.2,993.2,cuda,4131.0,0.0,2.852,0.0,0.423,0.006,0.025,1.871,0.018,0.018,0.017,5.541,0.08,,0.612,1.205,3.124
VTO,done,164300701.0,1505044.0,107255.0,107255.0,0.0,107254.0,xml,xml,78.532,78.532,4172.7,779.8,cuda,109.0,0.0,59.446,0.0,8.441,0.154,0.623,0.535,0.544,0.585,0.585,76.747,0.725,,0.076,0.263,53.767
VVMM,done,108197.0,895.0,126.0,126.0,0.0,125.0,xml,xml,0.3,0.3,0.0,450.7,,0.0,0.0,0.033,0.001,0.003,0.0,0.0,0.0,0.0,0.001,0.001,0.167,0.006,,,,0.144
VVO,done,17974765.0,66086.0,3619.0,3600.0,19.0,3600.0,xml,xml,5.415,5.415,1873.7,1040.3,cuda,3579.0,0.0,2.397,0.0,0.389,0.006,0.02,2.072,0.011,0.015,0.015,5.208,0.067,,0.292,1.719,6.003
WB-BT,done,13779842.0,138334.0,7613.0,7613.0,0.0,7612.0,xml,xml,8.461,8.461,1882.5,1001.1,cuda,6521.0,0.001,5.15,0.0,0.735,0.013,0.043,1.567,0.062,0.06,0.03,8.18,0.121,,0.658,0.845,4.739
WB-LS,done,2015263.0,18653.0,753.0,753.0,0.0,752.0,xml,xml,1.378,1.378,1688.7,983.3,cuda,745.0,0.0,0.605,0.002,0.179,0.001,0.005,0.267,0.007,0.007,0.003,1.236,0.016,,0.07,0.188,0.789
WB-PHENOTYPE,done,5393229.0,41760.0,2713.0,2713.0,0.0,2712.0,xml,xml,3.286,3.286,1745.3,989.0,cuda,2712.0,0.001,1.745,0.0,0.125,0.004,0.014,0.942,0.011,0.012,0.01,3.088,0.053,,0.249,0.661,2.22
WC,done,265200.0,2278.0,273.0,273.0,0.0,272.0,xml,xml,0.428,0.428,0.0,583.7,cuda,272.0,0.0,0.082,0.001,0.006,0.0,0.001,0.076,0.0,0.001,0.002,0.299,0.008,,0.032,0.041,0.208
WEAR,done,18771.0,195.0,29.0,29.0,0.0,2.0,xml,xml,0.285,0.285,0.0,455.7,cuda,5.0,0.0,0.007,0.001,0.001,0.0,0.0,0.032,0.0,0.0,0.001,0.164,0.006,,0.016,0.014,0.195
WEAVE,done,14501.0,144.0,22.0,22.0,0.0,2.0,xml,xml,0.29,0.29,0.0,451.1,cuda,1.0,0.0,0.006,0.001,0.0,0.0,0.0,0.032,0.0,0.0,0.001,0.161,0.005,,0.015,0.015,0.168
WETAXTOPICS,done,63791.0,672.0,73.0,72.0,1.0,2.0,xml,xml,0.411,0.411,0.0,584.4,cuda,51.0,0.0,0.023,0.001,0.002,0.0,0.0,0.133,0.0,0.0,0.001,0.288,0.006,,0.021,0.11,0.125
WIKIPATHWAYS,done,37887.0,297.0,35.0,34.0,1.0,33.0,xml,xml,0.524,0.524,0.0,489.7,cuda,24.0,0.0,0.015,0.001,0.001,0.0,0.0,0.245,0.0,0.0,0.004,0.398,0.008,,0.198,0.045,0.344
WSIO,done,201899.0,1586.0,32.0,32.0,0.0,31.0,xml,xml,0.343,0.343,0.0,580.0,cuda,31.0,0.0,0.056,0.0,0.004,0.0,0.0,0.034,0.0,0.0,0.001,0.223,0.006,,0.009,0.023,0.241
WWECA,done,1596855.0,4673.0,692.0,692.0,0.0,691.0,xml,xml,0.458,0.458,0.0,459.0,cuda,2.0,0.0,0.16,0.002,0.013,0.001,0.002,0.02,0.001,0.002,0.003,0.338,0.012,,0.008,0.01,0.66
XAO,done,5731079.0,57130.0,1847.0,1847.0,0.0,1846.0,xml,xml,3.511,3.511,1757.5,986.3,cuda,1781.0,0.0,2.056,0.0,0.347,0.003,0.012,0.621,0.026,0.024,0.008,3.338,0.039,,0.153,0.447,1.982
XCO,done,4919991.0,35745.0,1869.0,1869.0,0.0,1868.0,xml,xml,3.139,3.139,1747.6,1035.2,cuda,1831.0,0.0,1.374,0.0,0.274,0.003,0.013,1.068,0.008,0.009,0.008,2.966,0.039,,0.224,0.817,1.774
XEO,done,148062.0,1481.0,146.0,146.0,0.0,145.0,xml,xml,0.357,0.357,0.0,589.1,cuda,91.0,0.0,0.05,0.001,0.004,0.0,0.001,0.037,0.001,0.001,0.001,0.23,0.007,,0.011,0.024,0.179
XLMOD,done,2758797.0,27239.0,1103.0,1103.0,0.0,1102.0,xml,xml,1.828,1.828,1706.6,885.3,cuda,1102.0,0.0,1.01,0.0,0.076,0.002,0.006,0.382,0.012,0.01,0.004,1.683,0.025,,0.144,0.229,1.028
XPO,done,102029004.0,1356044.0,30245.0,30227.0,18.0,30227.0,xml,xml,63.531,63.531,3846.7,1114.5,cuda,28889.0,0.0,39.233,0.0,8.714,0.058,0.151,8.245,0.717,0.445,0.151,62.289,0.512,,3.126,4.749,33.463
XREF-FUNDER-REG,done,133336983.0,1321085.0,251357.0,45745.0,205612.0,5.0,xml,xml,66.346,66.346,3677.4,450.7,,0.0,0.001,47.979,0.076,8.532,0.256,0.828,0.442,0.224,0.096,0.993,64.06,1.501,,,,43.698
YOGA,done,15012.0,124.0,18.0,18.0,0.0,17.0,xml,xml,0.285,0.285,0.0,467.1,cuda,7.0,0.0,0.005,0.001,0.0,0.0,0.0,0.031,0.0,0.0,0.001,0.161,0.005,,0.014,0.015,0.215
YUNPING,parse_failed,198703.0,,,,,2.0,,,0.79,,,,,,,,,,,,,,,,,,,,,0.184
ZEA,done,437447.0,2958.0,180.0,180.0,0.0,179.0,xml,xml,0.492,0.492,0.0,981.5,cuda,136.0,0.0,0.101,0.001,0.008,0.0,0.001,0.126,0.001,0.001,0.001,0.369,0.008,,0.028,0.093,0.262
ZECO,done,111190.0,944.0,162.0,162.0,0.0,161.0,xml,xml,0.365,0.365,0.0,770.6,cuda,120.0,0.0,0.033,0.0,0.003,0.0,0.0,0.071,0.0,0.001,0.001,0.235,0.007,,0.013,0.056,0.185
ZFA,done,10731806.0,106459.0,3294.0,3294.0,0.0,3293.0,xml,xml,6.405,6.405,1826.1,989.4,cuda,2822.0,0.0,3.81,0.0,0.798,0.005,0.025,1.018,0.059,0.044,0.013,6.191,0.059,,0.245,0.737,3.696
ZFS,done,8532707.0,103187.0,3294.0,3294.0,0.0,3293.0,xml,xml,5.642,5.642,1826.1,989.4,cuda,2822.0,0.0,3.348,0.0,0.539,0.005,0.023,1.031,0.057,0.044,0.013,5.444,0.06,,0.249,0.746,2.933
ZONMW-ADMIN-MD,done,184493.0,1598.0,234.0,233.0,1.0,2.0,xml,xml,0.332,0.332,0.0,459.0,cuda,15.0,0.0,0.054,0.001,0.004,0.0,0.001,0.02,0.0,0.0,0.001,0.207,0.007,,0.01,0.009,0.133
ZONMW-CONTENT,done,195927.0,1990.0,276.0,275.0,1.0,2.0,xml,xml,0.428,0.428,0.0,872.0,cuda,116.0,0.0,0.065,0.001,0.005,0.0,0.001,0.081,0.0,0.0,0.001,0.287,0.008,,0.013,0.065,0.31
ZONMW-GENERIC,done,110344.0,1158.0,165.0,164.0,1.0,2.0,xml,xml,0.349,0.349,0.0,671.9,cuda,69.0,0.0,0.038,0.001,0.003,0.0,0.001,0.052,0.0,0.0,0.001,0.223,0.007,,0.012,0.038,0.132
ZP,done,179216038.0,2407153.0,63811.0,63811.0,0.0,63811.0,xml,xml,111.473,111.473,5452.1,1127.1,cuda,49600.0,0.001,67.229,0.0,15.356,0.122,0.231,15.5,1.458,0.9,0.366,109.243,0.887,,6.419,8.416,58.638
pseudo,done,27710.0,223.0,24.0,24.0,0.0,23.0,xml,xml,0.285,0.285,0.0,452.8,cuda,4.0,0.0,0.009,0.001,0.001,0.0,0.0,0.018,0.0,0.0,0.001,0.156,0.006,,0.009,0.008,0.212
suicideo,done,380508.0,2880.0,361.0,311.0,50.0,311.0,xml,xml,0.526,0.526,0.0,981.9,cuda,268.0,0.0,0.102,0.001,0.008,0.001,0.001,0.146,0.001,0.002,0.002,0.392,0.011,,0.03,0.112,0.215
